// Generated from Liberation Sans Regular (SIL Open Font License 1.1), subsetted to Basic
// Latin + Latin-1 Supplement glyphs; see
// engine/editor/assets/fonts/THIRD_PARTY_NOTICES.md for license and provenance.
inline constexpr std::array<std::uint8_t, 39260> uve_ui_font_ttf_bytes{{
    0x00, 0x01, 0x00, 0x00, 0x00, 0x11, 0x01, 0x00, 0x00, 0x04, 0x00, 0x10, 0x47, 0x44, 0x45, 0x46,
    0x00, 0xE6, 0x01, 0x8B, 0x00, 0x00, 0x96, 0x7C, 0x00, 0x00, 0x00, 0x1C, 0x47, 0x50, 0x4F, 0x53,
    0x00, 0x22, 0xEF, 0x7C, 0x00, 0x00, 0x96, 0x98, 0x00, 0x00, 0x02, 0x2E, 0x47, 0x53, 0x55, 0x42,
    0x99, 0x9F, 0xAA, 0x26, 0x00, 0x00, 0x98, 0xC8, 0x00, 0x00, 0x00, 0x94, 0x4F, 0x53, 0x2F, 0x32,
    0x7A, 0xC9, 0x5C, 0xC2, 0x00, 0x00, 0x83, 0xDC, 0x00, 0x00, 0x00, 0x60, 0x63, 0x6D, 0x61, 0x70,
    0x01, 0x93, 0x00, 0xBB, 0x00, 0x00, 0x84, 0x3C, 0x00, 0x00, 0x00, 0x3C, 0x63, 0x76, 0x74, 0x20,
    0x4A, 0xDA, 0x4B, 0xFA, 0x00, 0x00, 0x8F, 0x70, 0x00, 0x00, 0x02, 0x88, 0x66, 0x70, 0x67, 0x6D,
    0x7E, 0x61, 0xB6, 0x11, 0x00, 0x00, 0x84, 0x78, 0x00, 0x00, 0x07, 0xB4, 0x67, 0x61, 0x73, 0x70,
    0x00, 0x18, 0x00, 0x09, 0x00, 0x00, 0x96, 0x6C, 0x00, 0x00, 0x00, 0x10, 0x67, 0x6C, 0x79, 0x66,
    0x0E, 0xF1, 0xBE, 0x9C, 0x00, 0x00, 0x01, 0x1C, 0x00, 0x00, 0x7D, 0x12, 0x68, 0x65, 0x61, 0x64,
    0x0B, 0x00, 0x8B, 0xB0, 0x00, 0x00, 0x80, 0x0C, 0x00, 0x00, 0x00, 0x36, 0x68, 0x68, 0x65, 0x61,
    0x0D, 0x94, 0x04, 0x5A, 0x00, 0x00, 0x83, 0xB8, 0x00, 0x00, 0x00, 0x24, 0x68, 0x6D, 0x74, 0x78,
    0x95, 0x0D, 0x4A, 0x10, 0x00, 0x00, 0x80, 0x44, 0x00, 0x00, 0x03, 0x74, 0x6C, 0x6F, 0x63, 0x61,
    0x65, 0xAF, 0x86, 0x77, 0x00, 0x00, 0x7E, 0x50, 0x00, 0x00, 0x01, 0xBC, 0x6D, 0x61, 0x78, 0x70,
    0x04, 0x4C, 0x03, 0xE4, 0x00, 0x00, 0x7E, 0x30, 0x00, 0x00, 0x00, 0x20, 0x6E, 0x61, 0x6D, 0x65,
    0x21, 0x2E, 0x39, 0xBF, 0x00, 0x00, 0x91, 0xF8, 0x00, 0x00, 0x01, 0x9E, 0x70, 0x6F, 0x73, 0x74,
    0xB5, 0x71, 0x8A, 0xC4, 0x00, 0x00, 0x93, 0x98, 0x00, 0x00, 0x02, 0xD1, 0x70, 0x72, 0x65, 0x70,
    0xFD, 0xAE, 0x47, 0x49, 0x00, 0x00, 0x8C, 0x2C, 0x00, 0x00, 0x03, 0x43, 0x00, 0x02, 0x00, 0xCD,
    0x00, 0x00, 0x05, 0x32, 0x05, 0x81, 0x00, 0x03, 0x00, 0x07, 0x00, 0x1F, 0x40, 0x0D, 0x02, 0x06,
    0x05, 0x03, 0x06, 0x03, 0x09, 0x08, 0x05, 0x03, 0x04, 0x00, 0x03, 0x00, 0x3F, 0xCD, 0x2F, 0xCD,
    0x11, 0x12, 0x01, 0x39, 0x39, 0x11, 0x33, 0x11, 0x33, 0x31, 0x30, 0x13, 0x21, 0x11, 0x21, 0x13,
    0x11, 0x21, 0x11, 0xCD, 0x04, 0x65, 0xFB, 0x9B, 0x4C, 0x03, 0xCD, 0x05, 0x81, 0xFA, 0x7F, 0x05,
    0x35, 0xFB, 0x17, 0x04, 0xE9, 0x00, 0x00, 0x02, 0x00, 0xB9, 0x00, 0x00, 0x01, 0x7F, 0x05, 0x81,
    0x00, 0x03, 0x00, 0x07, 0x01, 0xE4, 0x40, 0xFF, 0x03, 0x07, 0x07, 0x02, 0x04, 0x04, 0x09, 0x08,
    0x20, 0x01, 0x01, 0x0F, 0x01, 0x01, 0x0E, 0x03, 0x01, 0x05, 0x40, 0x04, 0x05, 0x9C, 0x5B, 0x04,
    0x02, 0x03, 0x92, 0x09, 0x01, 0x84, 0x09, 0x01, 0x72, 0x09, 0x01, 0x62, 0x09, 0x01, 0x54, 0x09,
    0x01, 0x44, 0x09, 0x01, 0x32, 0x09, 0x01, 0x22, 0x09, 0x01, 0x14, 0x09, 0x01, 0x04, 0x09, 0x01,
    0xF2, 0x09, 0x01, 0xE2, 0x09, 0x01, 0xD4, 0x09, 0x01, 0xC4, 0x09, 0x01, 0xB2, 0x09, 0x01, 0xA4,
    0x09, 0x01, 0x94, 0x09, 0x01, 0x84, 0x09, 0x01, 0x72, 0x09, 0x01, 0x64, 0x09, 0x01, 0x54, 0x09,
    0x01, 0x44, 0x09, 0x01, 0x34, 0x09, 0x01, 0x24, 0x09, 0x01, 0x14, 0x09, 0x01, 0x04, 0x09, 0x01,
    0x67, 0xF4, 0x09, 0x01, 0xB9, 0x09, 0x01, 0xA9, 0x09, 0x01, 0x99, 0x09, 0x01, 0x89, 0x09, 0x01,
    0x79, 0x09, 0x01, 0x49, 0x09, 0x01, 0x3D, 0x09, 0x01, 0x2D, 0x09, 0x01, 0x1F, 0x09, 0x01, 0x0F,
    0x09, 0x01, 0xFF, 0x09, 0x01, 0xEF, 0x09, 0x01, 0xDB, 0x09, 0x01, 0xCB, 0x09, 0x01, 0xBB, 0x09,
    0x01, 0xAB, 0x09, 0x01, 0x9D, 0x09, 0x01, 0x8D, 0x09, 0x01, 0x7D, 0x09, 0x01, 0x6F, 0x09, 0x01,
    0x5F, 0x09, 0x01, 0x4B, 0x09, 0x01, 0x3B, 0x09, 0x01, 0x2B, 0x09, 0x01, 0x1B, 0x09, 0x01, 0x0B,
    0x09, 0x01, 0xFD, 0x09, 0x01, 0xED, 0x09, 0x01, 0xDD, 0x09, 0x01, 0xCD, 0x09, 0x01, 0xBB, 0x09,
    0x01, 0xAB, 0x09, 0x01, 0x9B, 0x09, 0x01, 0x8B, 0x09, 0x01, 0x7D, 0x09, 0x01, 0x6B, 0x09, 0x01,
    0x5B, 0x09, 0x01, 0x4D, 0x09, 0x01, 0x3D, 0x09, 0x01, 0x29, 0x09, 0x01, 0x19, 0x09, 0x01, 0x0B,
    0x09, 0x01, 0x37, 0xFB, 0x09, 0x01, 0xEB, 0x09, 0x01, 0xDD, 0x09, 0x01, 0xCD, 0x09, 0x01, 0xBB,
    0x09, 0x01, 0xAB, 0x09, 0x01, 0x99, 0x09, 0x40, 0x5B, 0x01, 0x89, 0x09, 0x01, 0x79, 0x09, 0x01,
    0x69, 0x09, 0x01, 0x5B, 0x09, 0x01, 0x4B, 0x09, 0x01, 0x3B, 0x09, 0x01, 0x2D, 0x09, 0x01, 0x1D,
    0x09, 0x01, 0x01, 0xEB, 0x09, 0x01, 0xDB, 0x09, 0x01, 0xCB, 0x09, 0x01, 0xBF, 0x09, 0x01, 0xAF,
    0x09, 0x01, 0x9F, 0x09, 0x01, 0x7B, 0x09, 0x01, 0x6B, 0x09, 0x01, 0x3B, 0x09, 0x01, 0x2B, 0x09,
    0x01, 0x1B, 0x09, 0x01, 0x0F, 0x09, 0x01, 0x02, 0xCF, 0x09, 0x01, 0xBF, 0x09, 0x01, 0x9F, 0x09,
    0x01, 0x8F, 0x09, 0x01, 0x7F, 0x09, 0x01, 0x60, 0x09, 0x01, 0x40, 0x09, 0x01, 0x1F, 0x09, 0x01,
    0x0F, 0x09, 0x01, 0x07, 0x5E, 0x5D, 0x5D, 0x5D, 0x5D, 0x5D, 0x5D, 0x5D, 0x5D, 0x5D, 0x5F, 0x71,
    0x71, 0x71, 0x71, 0x71, 0x71, 0x71, 0x71, 0x71, 0x71, 0x71, 0x71, 0x5F, 0x72, 0x72, 0x72, 0x72,
    0x72, 0x72, 0x72, 0x72, 0x72, 0x72, 0x72, 0x72, 0x72, 0x72, 0x72, 0x5E, 0x5D, 0x5D, 0x5D, 0x5D,
    0x5D, 0x5D, 0x5D, 0x5D, 0x5D, 0x5D, 0x5D, 0x5D, 0x5D, 0x5D, 0x5D, 0x5D, 0x71, 0x71, 0x71, 0x71,
    0x71, 0x71, 0x71, 0x71, 0x71, 0x71, 0x71, 0x71, 0x71, 0x71, 0x71, 0x71, 0x72, 0x72, 0x72, 0x72,
    0x72, 0x72, 0x72, 0x72, 0x72, 0x72, 0x72, 0x5E, 0x5D, 0x5D, 0x5D, 0x5D, 0x5D, 0x5D, 0x5D, 0x5D,
    0x5D, 0x5D, 0x5D, 0x5D, 0x5D, 0x5D, 0x5D, 0x5D, 0x71, 0x71, 0x71, 0x71, 0x71, 0x71, 0x71, 0x71,
    0x71, 0x71, 0x00, 0x3F, 0x2F, 0x2B, 0x00, 0x1A, 0x18, 0x10, 0xCE, 0x5F, 0x5E, 0x5D, 0x5D, 0x11,
    0x12, 0x01, 0x39, 0x11, 0x33, 0x33, 0x11, 0x33, 0x31, 0x30, 0x01, 0x23, 0x03, 0x33, 0x03, 0x35,
    0x33, 0x15, 0x01, 0x67, 0x94, 0x18, 0xC4, 0xC6, 0xC2, 0x01, 0x8D, 0x03, 0xF4, 0xFA, 0x7F, 0xC9,
    0xC9, 0x00, 0x00, 0x02, 0x00, 0x57, 0x03, 0xC6, 0x02, 0x80, 0x05, 0x81, 0x00, 0x03, 0x00, 0x07,
    0x00, 0x23, 0x40, 0x10, 0x03, 0x02, 0x07, 0x06, 0x02, 0x06, 0x09, 0x08, 0x05, 0x20, 0x00, 0x01,
    0x00, 0x06, 0x02, 0x03, 0x00, 0x3F, 0x33, 0xCD, 0x5D, 0x32, 0x11, 0x12, 0x01, 0x39, 0x39, 0x11,
    0x33, 0x11, 0x33, 0x31, 0x30, 0x01, 0x23, 0x03, 0x33, 0x01, 0x23, 0x03, 0x33, 0x02, 0x6A, 0x8E,
    0x14, 0xB8, 0xFE, 0x79, 0x8D, 0x15, 0xB8, 0x03, 0xC6, 0x01, 0xBB, 0xFE, 0x45, 0x01, 0xBB, 0x00,
    0x00, 0x02, 0x00, 0x09, 0x00, 0x00, 0x04, 0x69, 0x05, 0x79, 0x00, 0x1B, 0x00, 0x1F, 0x00, 0xB5,
    0x40, 0x68, 0x04, 0x01, 0x00, 0x19, 0x04, 0x18, 0x05, 0x07, 0x1E, 0x1F, 0x16, 0x04, 0x17, 0x06,
    0x08, 0x1D, 0x1C, 0x15, 0x04, 0x14, 0x09, 0x0B, 0x0E, 0x0F, 0x12, 0x04, 0x13, 0x0A, 0x17, 0x18,
    0x06, 0x05, 0x14, 0x13, 0x09, 0x0A, 0x0A, 0x13, 0x18, 0x05, 0x04, 0x1A, 0x0C, 0x0C, 0x1D, 0x1F,
    0x1A, 0x04, 0x21, 0x20, 0x0B, 0x08, 0x07, 0x04, 0x0C, 0x0D, 0x1E, 0x1D, 0x0E, 0x01, 0x0D, 0x1F,
    0x1C, 0x0F, 0x00, 0x10, 0x11, 0x19, 0x16, 0x15, 0x12, 0x11, 0x10, 0x0D, 0x01, 0xD0, 0x0D, 0x01,
    0x4F, 0x11, 0x8F, 0x11, 0x9F, 0x11, 0x03, 0x3F, 0x11, 0x4F, 0x11, 0x02, 0x0D, 0x11, 0x0D, 0x11,
    0x05, 0x18, 0x17, 0x14, 0x13, 0x03, 0x0A, 0x09, 0x06, 0x05, 0x00, 0x2F, 0x33, 0x33, 0x33, 0x3F,
    0x33, 0x33, 0x33, 0x12, 0x39, 0x39, 0x2F, 0x2F, 0x5D, 0x71, 0x5D, 0x71, 0x11, 0x33, 0x33, 0x33,
    0x33, 0x10, 0xCD, 0x32, 0x32, 0x32, 0x32, 0x11, 0x33, 0x33, 0x33, 0x33, 0x10, 0xCD, 0x32, 0x32,
    0x32, 0x32, 0x11, 0x12, 0x01, 0x17, 0x39, 0x11, 0x12, 0x17, 0x39, 0x11, 0x33, 0x11, 0x33, 0x11,
    0x33, 0x11, 0x33, 0x11, 0x12, 0x17, 0x39, 0x11, 0x12, 0x17, 0x39, 0x11, 0x12, 0x17, 0x39, 0x11,
    0x12, 0x17, 0x39, 0x31, 0x30, 0x01, 0x03, 0x21, 0x15, 0x21, 0x03, 0x23, 0x13, 0x21, 0x03, 0x23,
    0x13, 0x23, 0x35, 0x33, 0x13, 0x23, 0x35, 0x21, 0x13, 0x33, 0x03, 0x21, 0x13, 0x33, 0x03, 0x33,
    0x15, 0x21, 0x03, 0x21, 0x13, 0x03, 0x80, 0x4E, 0x01, 0x04, 0xFE, 0xE5, 0x58, 0x6E, 0x56, 0xFE,
    0x95, 0x54, 0x6E, 0x54, 0xC9, 0xE1, 0x4E, 0xFC, 0x01, 0x12, 0x59, 0x6E, 0x58, 0x01, 0x6B, 0x58,
    0x6E, 0x58, 0xD3, 0xFD, 0x40, 0x50, 0x01, 0x6A, 0x4E, 0x03, 0x75, 0xFE, 0x8F, 0x6C, 0xFE, 0x68,
    0x01, 0x98, 0xFE, 0x68, 0x01, 0x98, 0x6C, 0x01, 0x71, 0x6C, 0x01, 0x98, 0xFE, 0x68, 0x01, 0x98,
    0xFE, 0x68, 0x6C, 0xFE, 0x8F, 0x01, 0x71, 0x00, 0x00, 0x03, 0x00, 0x16, 0xFF, 0x72, 0x04, 0x52,
    0x05, 0xEC, 0x00, 0x24, 0x00, 0x2C, 0x00, 0x33, 0x00, 0xD6, 0x40, 0x8C, 0x03, 0x02, 0x2D, 0x0C,
    0x12, 0x1A, 0x1A, 0x29, 0x29, 0x23, 0x23, 0x24, 0x0F, 0x31, 0x31, 0x07, 0x07, 0x24, 0x16, 0x15,
    0x25, 0x1F, 0x1F, 0x15, 0x24, 0x0C, 0x02, 0x05, 0x34, 0x35, 0x19, 0x32, 0x0F, 0x32, 0x73, 0x59,
    0xCF, 0x29, 0x01, 0x9D, 0x29, 0x01, 0x05, 0x88, 0x29, 0x01, 0x78, 0x07, 0xD8, 0x07, 0x02, 0xC7,
    0x1A, 0xD7, 0x1A, 0x02, 0xB6, 0x1A, 0x01, 0x87, 0x1A, 0xA7, 0x1A, 0x02, 0xD7, 0x31, 0x01, 0xA6,
    0x31, 0x01, 0x77, 0x31, 0x01, 0x2D, 0x0C, 0x31, 0x1A, 0x07, 0x29, 0x1F, 0x25, 0x08, 0x00, 0x7D,
    0x16, 0x8D, 0x16, 0x02, 0x1A, 0x16, 0x01, 0x16, 0x12, 0x10, 0x40, 0x13, 0x17, 0x48, 0x10, 0x40,
    0x0F, 0x0F, 0x01, 0x09, 0x03, 0x0F, 0x40, 0x0B, 0x10, 0x48, 0x0F, 0x2A, 0x06, 0x00, 0x06, 0x73,
    0x59, 0x23, 0x22, 0x94, 0x03, 0xA4, 0x03, 0x02, 0x70, 0x03, 0x80, 0x03, 0x02, 0x05, 0x03, 0x15,
    0x03, 0x55, 0x03, 0x65, 0x03, 0x04, 0x03, 0x00, 0x00, 0x2F, 0x32, 0x5D, 0x5D, 0x5D, 0x32, 0xCD,
    0x2B, 0x11, 0x00, 0x33, 0x18, 0x2F, 0x2B, 0x5F, 0x5E, 0x5D, 0x1A, 0xCD, 0x2B, 0x33, 0x33, 0x5D,
    0x5D, 0x12, 0x17, 0x39, 0x5D, 0x5D, 0x5D, 0x5D, 0x5D, 0x5D, 0x5D, 0x5D, 0x5F, 0x5D, 0x5D, 0x2B,
    0x11, 0x00, 0x33, 0x11, 0x12, 0x01, 0x17, 0x39, 0x11, 0x33, 0x11, 0x33, 0x11, 0x33, 0x11, 0x33,
    0x11, 0x33, 0x11, 0x33, 0x11, 0x33, 0x11, 0x33, 0x11, 0x33, 0x11, 0x33, 0x11, 0x33, 0x31, 0x30,
    0x25, 0x24, 0x03, 0x37, 0x1E, 0x01, 0x17, 0x11, 0x2E, 0x03, 0x35, 0x34, 0x36, 0x37, 0x35, 0x33,
    0x15, 0x1E, 0x01, 0x17, 0x07, 0x2E, 0x01, 0x27, 0x11, 0x1E, 0x03, 0x15, 0x14, 0x06, 0x07, 0x15,
    0x23, 0x01, 0x34, 0x2E, 0x01, 0x27, 0x11, 0x3E, 0x01, 0x01, 0x14, 0x1E, 0x01, 0x17, 0x11, 0x04,
    0x02, 0x06, 0xFE, 0x56, 0x46, 0xAA, 0x19, 0x9F, 0x8E, 0xB1, 0x87, 0x53, 0x25, 0xE1, 0xCF, 0x7C,
    0xBB, 0xCC, 0x2A, 0xAE, 0x14, 0x7A, 0x75, 0xB3, 0x97, 0x58, 0x2E, 0xF2, 0xDE, 0x7C, 0x01, 0xA0,
    0x34, 0x62, 0x8E, 0x8D, 0x97, 0xFD, 0x5C, 0x32, 0x63, 0x6F, 0xFE, 0xFC, 0x14, 0x12, 0x01, 0x55,
    0x25, 0x77, 0x78, 0x09, 0x01, 0xF0, 0x2C, 0x46, 0x5B, 0x68, 0x49, 0x9B, 0xAF, 0x09, 0x83, 0x83,
    0x09, 0x97, 0xA0, 0x21, 0x5E, 0x69, 0x0B, 0xFE, 0x43, 0x2A, 0x46, 0x58, 0x78, 0x51, 0xA5, 0xC8,
    0x0B, 0xA2, 0x02, 0x18, 0x41, 0x54, 0x37, 0x25, 0xFE, 0x2C, 0x09, 0x74, 0x02, 0xF4, 0x3B, 0x52,
    0x38, 0x1C, 0x01, 0xA5, 0x0E, 0x00, 0x00, 0x05, 0x00, 0x49, 0xFF, 0xF4, 0x06, 0xD4, 0x05, 0x8D,
    0x00, 0x0B, 0x00, 0x0F, 0x00, 0x1B, 0x00, 0x27, 0x00, 0x33, 0x00, 0x57, 0x40, 0x35, 0x1C, 0x00,
    0x22, 0x06, 0x0E, 0x0F, 0x0C, 0x0D, 0x28, 0x13, 0x2E, 0x19, 0x19, 0x13, 0x0D, 0x0F, 0x06, 0x00,
    0x06, 0x35, 0x34, 0x16, 0x31, 0xB6, 0x59, 0x10, 0x16, 0xB8, 0x5B, 0x10, 0x2B, 0xB6, 0x59, 0x10,
    0x04, 0x0E, 0x03, 0x0D, 0x12, 0x09, 0x1F, 0xB6, 0x59, 0x03, 0x09, 0xB8, 0x5B, 0x03, 0x25, 0xB6,
    0x59, 0x03, 0x13, 0x00, 0x3F, 0x2B, 0x2B, 0x2B, 0x00, 0x18, 0x3F, 0x3F, 0x3F, 0x2B, 0x2B, 0x2B,
    0x11, 0x12, 0x01, 0x17, 0x39, 0x11, 0x33, 0x11, 0x33, 0x11, 0x33, 0x11, 0x33, 0x11, 0x33, 0x11,
    0x33, 0x31, 0x30, 0x01, 0x14, 0x06, 0x23, 0x22, 0x26, 0x35, 0x34, 0x36, 0x33, 0x32, 0x16, 0x01,
    0x23, 0x01, 0x33, 0x25, 0x32, 0x16, 0x15, 0x14, 0x06, 0x23, 0x22, 0x26, 0x35, 0x34, 0x36, 0x01,
    0x34, 0x26, 0x23, 0x22, 0x06, 0x15, 0x14, 0x16, 0x33, 0x32, 0x36, 0x01, 0x34, 0x26, 0x23, 0x22,
    0x06, 0x15, 0x14, 0x16, 0x33, 0x32, 0x36, 0x06, 0xD4, 0xA2, 0x9E, 0x9C, 0x9F, 0x99, 0xA6, 0xA4,
    0x98, 0xFB, 0x3B, 0x9B, 0x03, 0x9A, 0x9D, 0xFB, 0xDF, 0x9F, 0x9A, 0x9F, 0x9E, 0x9E, 0x9F, 0x9A,
    0x05, 0x5D, 0x4D, 0x5B, 0x5B, 0x51, 0x4F, 0x5B, 0x58, 0x52, 0xFB, 0xF0, 0x4C, 0x5A, 0x5E, 0x50,
    0x50, 0x5C, 0x57, 0x51, 0x01, 0xB2, 0xD7, 0xE7, 0xE1, 0xDD, 0xE4, 0xDF, 0xE5, 0xFD, 0x70, 0x05,
    0x81, 0x0C, 0xE0, 0xDE, 0xD9, 0xEA, 0xE8, 0xDB, 0xDF, 0xDF, 0xFC, 0x25, 0xB3, 0xA1, 0x9E, 0xB6,
    0xAB, 0xA5, 0xA7, 0x02, 0xC6, 0xB0, 0xA2, 0x9F, 0xB3, 0xAD, 0xA5, 0xA8, 0x00, 0x03, 0x00, 0x48,
    0xFF, 0xEC, 0x05, 0x36, 0x05, 0x89, 0x00, 0x23, 0x00, 0x2F, 0x00, 0x39, 0x00, 0x75, 0x40, 0x46,
    0x34, 0x08, 0x2A, 0x0D, 0x24, 0x13, 0x1A, 0x1B, 0x21, 0x1B, 0x13, 0x1D, 0x18, 0x02, 0x30, 0x16,
    0x2C, 0x32, 0x0A, 0x0D, 0x08, 0x0D, 0x3A, 0x3B, 0x16, 0x32, 0x27, 0x05, 0x10, 0x27, 0x51, 0x59,
    0x2C, 0x0A, 0x10, 0x37, 0x02, 0x30, 0x1D, 0x18, 0x04, 0x1A, 0x1A, 0x05, 0x90, 0x10, 0x01, 0xC0,
    0x10, 0x01, 0x0F, 0x10, 0x3F, 0x10, 0x02, 0x09, 0x03, 0x10, 0x05, 0x37, 0x51, 0x59, 0x05, 0x16,
    0x00, 0x1F, 0x50, 0x59, 0x00, 0x16, 0x00, 0x3F, 0x2B, 0x00, 0x18, 0x3F, 0x2B, 0x00, 0x18, 0x2F,
    0x5F, 0x5E, 0x5D, 0x5D, 0x71, 0x12, 0x39, 0x2F, 0x17, 0x39, 0x11, 0x12, 0x39, 0x39, 0x2B, 0x11,
    0x12, 0x00, 0x39, 0x39, 0x11, 0x12, 0x01, 0x17, 0x39, 0x11, 0x33, 0x11, 0x33, 0x11, 0x33, 0x11,
    0x33, 0x31, 0x30, 0x05, 0x22, 0x27, 0x0E, 0x01, 0x23, 0x22, 0x26, 0x35, 0x10, 0x25, 0x2E, 0x01,
    0x35, 0x34, 0x36, 0x33, 0x32, 0x16, 0x15, 0x14, 0x06, 0x07, 0x16, 0x17, 0x36, 0x37, 0x17, 0x06,
    0x07, 0x16, 0x33, 0x32, 0x37, 0x15, 0x06, 0x01, 0x34, 0x26, 0x23, 0x22, 0x06, 0x15, 0x14, 0x17,
    0x3E, 0x02, 0x03, 0x26, 0x27, 0x06, 0x15, 0x14, 0x16, 0x33, 0x32, 0x36, 0x04, 0xA9, 0xB1, 0x79,
    0x4B, 0xC0, 0x69, 0xD7, 0xEC, 0x01, 0x57, 0x21, 0x30, 0xB7, 0xA8, 0x97, 0xB9, 0xB7, 0xE2, 0x6F,
    0xB6, 0x71, 0x3A, 0x91, 0x3F, 0x95, 0x60, 0x70, 0x47, 0x2E, 0x38, 0xFE, 0x67, 0x64, 0x56, 0x60,
    0x64, 0x41, 0x83, 0x7B, 0x3F, 0x4A, 0xC6, 0x79, 0xEC, 0x9B, 0x86, 0x47, 0x8E, 0x0C, 0x7F, 0x41,
    0x46, 0xCF, 0xB8, 0x01, 0x16, 0x97, 0x3E, 0xAA, 0x46, 0x96, 0xA5, 0x98, 0x84, 0x76, 0xB8, 0x5A,
    0xCD, 0xCF, 0xA6, 0xF4, 0x2B, 0xF9, 0xDC, 0x62, 0x10, 0x87, 0x16, 0x04, 0x79, 0x48, 0x5B, 0x67,
    0x5B, 0x72, 0x82, 0x35, 0x4E, 0x5A, 0xFC, 0xA2, 0xEA, 0xDF, 0x64, 0xC9, 0x79, 0x8D, 0x37, 0x00,
    0x00, 0x01, 0x00, 0x68, 0x03, 0xC6, 0x01, 0x20, 0x05, 0x81, 0x00, 0x03, 0x00, 0x19, 0x40, 0x0B,
    0x03, 0x02, 0x02, 0x04, 0x05, 0x20, 0x00, 0x01, 0x00, 0x02, 0x03, 0x00, 0x3F, 0xCD, 0x5D, 0x11,
    0x12, 0x01, 0x39, 0x11, 0x33, 0x31, 0x30, 0x01, 0x23, 0x03, 0x33, 0x01, 0x0A, 0x8D, 0x15, 0xB8,
    0x03, 0xC6, 0x01, 0xBB, 0x00, 0x01, 0x00, 0x7F, 0xFE, 0x58, 0x02, 0x9E, 0x05, 0xCC, 0x00, 0x0E,
    0x00, 0x22, 0x40, 0x10, 0x07, 0x00, 0x0B, 0x0A, 0x03, 0x04, 0x0A, 0x04, 0x00, 0x03, 0x0F, 0x10,
    0x0A, 0x1B, 0x03, 0x00, 0x00, 0x3F, 0x3F, 0x11, 0x12, 0x01, 0x17, 0x39, 0x11, 0x33, 0x11, 0x33,
    0x11, 0x33, 0x31, 0x30, 0x13, 0x10, 0x12, 0x37, 0x33, 0x06, 0x02, 0x11, 0x10, 0x12, 0x17, 0x23,
    0x26, 0x02, 0x11, 0x7F, 0xB5, 0xBC, 0xAE, 0xBB, 0xAF, 0xAD, 0xBD, 0xAE, 0xBD, 0xB4, 0x02, 0x14,
    0x01, 0x21, 0x01, 0xCC, 0xCB, 0xD0, 0xFE, 0x2C, 0xFE, 0xEA, 0xFE, 0xEB, 0xFE, 0x2E, 0xD3, 0xCC,
    0x01, 0xCD, 0x01, 0x1F, 0x00, 0x01, 0x00, 0x0C, 0xFE, 0x58, 0x02, 0x2B, 0x05, 0xCC, 0x00, 0x0E,
    0x00, 0x22, 0x40, 0x10, 0x07, 0x00, 0x03, 0x04, 0x0B, 0x0A, 0x00, 0x04, 0x0A, 0x03, 0x0F, 0x10,
    0x0A, 0x00, 0x03, 0x1B, 0x00, 0x3F, 0x3F, 0x11, 0x12, 0x01, 0x17, 0x39, 0x11, 0x33, 0x11, 0x33,
    0x11, 0x33, 0x31, 0x30, 0x01, 0x10, 0x02, 0x07, 0x23, 0x36, 0x12, 0x11, 0x10, 0x02, 0x27, 0x33,
    0x16, 0x12, 0x11, 0x02, 0x2B, 0xB5, 0xBC, 0xAE, 0xBC, 0xAE, 0xAF, 0xBB, 0xAE, 0xBD, 0xB4, 0x02,
    0x10, 0xFE, 0xDF, 0xFE, 0x34, 0xCB, 0xD2, 0x01, 0xD1, 0x01, 0x17, 0x01, 0x17, 0x01, 0xD2, 0xD1,
    0xCC, 0xFE, 0x33, 0xFE, 0xE1, 0x00, 0x00, 0x01, 0x00, 0x21, 0x02, 0xB2, 0x02, 0xFD, 0x05, 0x81,
    0x00, 0x0E, 0x00, 0x53, 0x40, 0x32, 0x0C, 0x00, 0x03, 0x06, 0x09, 0x05, 0x0A, 0x05, 0x04, 0x0B,
    0x04, 0x01, 0x1A, 0x04, 0x2A, 0x04, 0x02, 0x07, 0x08, 0x16, 0x08, 0x01, 0x05, 0x08, 0x25, 0x08,
    0x02, 0x04, 0x08, 0x0A, 0x0E, 0x0D, 0x0D, 0x02, 0x0A, 0x0A, 0x02, 0x0F, 0x10, 0xDF, 0x05, 0x01,
    0x00, 0x05, 0xF0, 0x05, 0x02, 0x05, 0x0E, 0x03, 0x00, 0x3F, 0xCC, 0x5D, 0x5D, 0x11, 0x12, 0x01,
    0x39, 0x39, 0x11, 0x12, 0x39, 0x11, 0x33, 0x11, 0x39, 0x39, 0x5D, 0x5D, 0x11, 0x33, 0x5D, 0x5D,
    0x11, 0x33, 0x11, 0x17, 0x39, 0x31, 0x30, 0x01, 0x25, 0x17, 0x05, 0x17, 0x07, 0x0B, 0x01, 0x27,
    0x37, 0x25, 0x37, 0x05, 0x03, 0x33, 0x01, 0xC8, 0x01, 0x08, 0x2D, 0xFE, 0xE6, 0xB9, 0x77, 0x96,
    0x9C, 0x77, 0xBD, 0xFE, 0xE8, 0x2D, 0x01, 0x0B, 0x0C, 0x88, 0x04, 0x5A, 0x67, 0x84, 0x49, 0xFA,
    0x48, 0x01, 0x02, 0xFF, 0x00, 0x48, 0xF8, 0x49, 0x86, 0x6B, 0x01, 0x29, 0x00, 0x01, 0x00, 0x64,
    0x00, 0xB4, 0x04, 0x47, 0x04, 0x9E, 0x00, 0x0B, 0x00, 0x43, 0x40, 0x26, 0x09, 0x00, 0x00, 0x06,
    0x03, 0x03, 0x0D, 0x0C, 0xA9, 0x02, 0x01, 0x03, 0x0F, 0x02, 0x5F, 0x02, 0x02, 0x0C, 0x06, 0x02,
    0x00, 0x04, 0x05, 0x04, 0xAD, 0x59, 0x09, 0xD6, 0x07, 0x01, 0x37, 0x07, 0x87, 0x07, 0x02, 0x07,
    0x05, 0xB3, 0x00, 0x3F, 0x33, 0x5D, 0x5D, 0x33, 0x2B, 0x11, 0x00, 0x33, 0x33, 0x5F, 0x5E, 0x5D,
    0x5F, 0x5D, 0x11, 0x12, 0x01, 0x39, 0x11, 0x33, 0x33, 0x11, 0x33, 0x31, 0x30, 0x01, 0x11, 0x23,
    0x11, 0x21, 0x35, 0x21, 0x11, 0x33, 0x11, 0x21, 0x15, 0x02, 0x9F, 0x93, 0xFE, 0x58, 0x01, 0xA8,
    0x93, 0x01, 0xA8, 0x02, 0x60, 0xFE, 0x54, 0x01, 0xAC, 0x92, 0x01, 0xAC, 0xFE, 0x54, 0x92, 0x00,
    0x00, 0x01, 0x00, 0xB8, 0xFE, 0xFA, 0x01, 0x81, 0x00, 0xDB, 0x00, 0x09, 0x00, 0x22, 0x40, 0x11,
    0x04, 0x05, 0x00, 0x08, 0x05, 0x08, 0x0A, 0x0B, 0x00, 0x05, 0xA8, 0x5B, 0x08, 0x00, 0x9B, 0x5B,
    0x08, 0x00, 0x2F, 0x2B, 0x2B, 0x11, 0x12, 0x01, 0x39, 0x39, 0x11, 0x33, 0x11, 0x33, 0x31, 0x30,
    0x25, 0x15, 0x14, 0x06, 0x07, 0x23, 0x36, 0x35, 0x23, 0x35, 0x01, 0x81, 0x26, 0x28, 0x7B, 0x5E,
    0x58, 0xDB, 0xA8, 0x6A, 0x8E, 0x41, 0x88, 0x7E, 0xDB, 0x00, 0x00, 0x01, 0x00, 0x5B, 0x01, 0xD0,
    0x02, 0x4F, 0x02, 0x70, 0x00, 0x03, 0x00, 0x1F, 0x40, 0x11, 0x00, 0x03, 0x04, 0x05, 0x01, 0x00,
    0xBB, 0x59, 0x9F, 0x01, 0xCF, 0x01, 0x02, 0x2F, 0x01, 0x01, 0x01, 0x00, 0x2F, 0x5D, 0x71, 0x2B,
    0x11, 0x12, 0x01, 0x39, 0x39, 0x31, 0x30, 0x13, 0x35, 0x21, 0x15, 0x5B, 0x01, 0xF4, 0x01, 0xD0,
    0xA0, 0xA0, 0x00, 0x01, 0x00, 0xBB, 0x00, 0x00, 0x01, 0x7E, 0x00, 0xDB, 0x00, 0x03, 0x00, 0x17,
    0x40, 0x0A, 0x03, 0x00, 0x00, 0x04, 0x05, 0x00, 0x01, 0x9B, 0x5B, 0x00, 0x00, 0x2F, 0x2B, 0x11,
    0x12, 0x01, 0x39, 0x11, 0x33, 0x31, 0x30, 0x33, 0x35, 0x33, 0x15, 0xBB, 0xC3, 0xDB, 0xDB, 0x00,
    0x00, 0x01, 0x00, 0x00, 0xFF, 0xEC, 0x02, 0x39, 0x05, 0xCC, 0x00, 0x03, 0x00, 0x13, 0xB7, 0x02,
    0x05, 0x00, 0x04, 0x01, 0x00, 0x00, 0x13, 0x00, 0x3F, 0x3F, 0x11, 0x01, 0x33, 0x11, 0x33, 0x31,
    0x30, 0x15, 0x01, 0x33, 0x01, 0x01, 0x9B, 0x9E, 0xFE, 0x69, 0x14, 0x05, 0xE0, 0xFA, 0x20, 0x00,
    0x00, 0x02, 0x00, 0x50, 0xFF, 0xEC, 0x04, 0x23, 0x05, 0x96, 0x00, 0x0B, 0x00, 0x17, 0x00, 0x28,
    0x40, 0x14, 0x12, 0x06, 0x0C, 0x00, 0x06, 0x00, 0x18, 0x19, 0x09, 0x0F, 0x73, 0x59, 0x09, 0x07,
    0x03, 0x15, 0x73, 0x59, 0x03, 0x19, 0x00, 0x3F, 0x2B, 0x00, 0x18, 0x3F, 0x2B, 0x11, 0x12, 0x01,
    0x39, 0x39, 0x11, 0x33, 0x11, 0x33, 0x31, 0x30, 0x01, 0x10, 0x02, 0x23, 0x22, 0x02, 0x11, 0x10,
    0x12, 0x21, 0x32, 0x12, 0x03, 0x10, 0x02, 0x23, 0x22, 0x02, 0x11, 0x10, 0x12, 0x33, 0x32, 0x12,
    0x04, 0x23, 0xF9, 0xF3, 0xF3, 0xF4, 0xED, 0x01, 0x00, 0xF9, 0xED, 0xB7, 0x8D, 0xA2, 0xA6, 0x91,
    0x93, 0xA0, 0x9F, 0x94, 0x02, 0xC1, 0xFE, 0x9F, 0xFE, 0x8C, 0x01, 0x72, 0x01, 0x63, 0x01, 0x6B,
    0x01, 0x6A, 0xFE, 0x92, 0xFE, 0x99, 0x01, 0x31, 0x01, 0x12, 0xFE, 0xF2, 0xFE, 0xCB, 0xFE, 0xD4,
    0xFE, 0xEA, 0x01, 0x1C, 0x00, 0x01, 0x00, 0x9C, 0x00, 0x00, 0x04, 0x0F, 0x05, 0x81, 0x00, 0x0A,
    0x00, 0x2B, 0x40, 0x14, 0x04, 0x08, 0x02, 0x02, 0x0B, 0x0C, 0x05, 0x04, 0x04, 0x03, 0x06, 0x06,
    0x08, 0x01, 0x00, 0x01, 0x74, 0x59, 0x00, 0x18, 0x00, 0x3F, 0x2B, 0x11, 0x00, 0x33, 0x18, 0x3F,
    0x33, 0x33, 0x2F, 0x33, 0x11, 0x12, 0x01, 0x39, 0x11, 0x33, 0x33, 0x31, 0x30, 0x33, 0x35, 0x21,
    0x11, 0x05, 0x35, 0x25, 0x33, 0x11, 0x21, 0x15, 0x9C, 0x01, 0x67, 0xFE, 0xC2, 0x01, 0x4D, 0xA6,
    0x01, 0x57, 0x99, 0x04, 0x3C, 0xE3, 0xAA, 0xE5, 0xFB, 0x18, 0x99, 0x00, 0x00, 0x01, 0x00, 0x67,
    0x00, 0x00, 0x04, 0x0C, 0x05, 0x96, 0x00, 0x1E, 0x00, 0x3E, 0x40, 0x20, 0x1C, 0x00, 0x0E, 0x0F,
    0x08, 0x15, 0x1D, 0x15, 0x0F, 0x00, 0x04, 0x1F, 0x20, 0x08, 0x1C, 0x0E, 0x12, 0x12, 0x0B, 0x73,
    0x59, 0x12, 0x07, 0x01, 0x00, 0x1C, 0x00, 0x1C, 0x74, 0x59, 0x00, 0x18, 0x00, 0x3F, 0x2B, 0x11,
    0x12, 0x00, 0x39, 0x18, 0x3F, 0x2B, 0x11, 0x00, 0x33, 0x12, 0x39, 0x11, 0x12, 0x01, 0x17, 0x39,
    0x11, 0x33, 0x11, 0x33, 0x11, 0x33, 0x31, 0x30, 0x33, 0x35, 0x3E, 0x05, 0x35, 0x34, 0x26, 0x23,
    0x22, 0x06, 0x07, 0x27, 0x3E, 0x01, 0x33, 0x32, 0x16, 0x15, 0x14, 0x0E, 0x01, 0x07, 0x0E, 0x01,
    0x07, 0x21, 0x15, 0x67, 0x33, 0x93, 0xA2, 0x9F, 0x80, 0x4F, 0x88, 0x79, 0x73, 0x95, 0x0D, 0xB8,
    0x14, 0xF7, 0xC2, 0xD5, 0xE5, 0x4B, 0x94, 0xD1, 0x73, 0x88, 0x1E, 0x02, 0xDF, 0x7F, 0x75, 0xB3,
    0x91, 0x7C, 0x7C, 0x88, 0x56, 0x74, 0x80, 0x7D, 0x71, 0x11, 0xA9, 0xC8, 0xC9, 0xB9, 0x52, 0xA2,
    0xA2, 0xAA, 0x5E, 0x97, 0x46, 0x99, 0x00, 0x01, 0x00, 0x4E, 0xFF, 0xEC, 0x04, 0x19, 0x05, 0x96,
    0x00, 0x28, 0x00, 0x63, 0x40, 0x39, 0x07, 0x06, 0x1B, 0x1C, 0x15, 0x22, 0x0C, 0x00, 0x00, 0x22,
    0x25, 0x10, 0x1C, 0x06, 0x06, 0x29, 0x2A, 0x25, 0x11, 0x10, 0x11, 0x10, 0x74, 0x59, 0x11, 0x18,
    0x13, 0x82, 0x4D, 0x11, 0x18, 0x13, 0x01, 0x4D, 0x0F, 0x11, 0x01, 0x10, 0x05, 0x11, 0x11, 0x03,
    0x1B, 0x1F, 0x1F, 0x18, 0x73, 0x59, 0x1F, 0x07, 0x03, 0x09, 0x73, 0x59, 0x07, 0x03, 0x19, 0x00,
    0x3F, 0x33, 0x2B, 0x00, 0x18, 0x3F, 0x2B, 0x11, 0x00, 0x33, 0x12, 0x39, 0x18, 0x2F, 0x5F, 0x5E,
    0x5D, 0x2B, 0x2B, 0x2B, 0x11, 0x12, 0x00, 0x39, 0x11, 0x12, 0x01, 0x17, 0x39, 0x11, 0x33, 0x11,
    0x33, 0x11, 0x33, 0x11, 0x33, 0x31, 0x30, 0x01, 0x14, 0x06, 0x23, 0x22, 0x26, 0x27, 0x37, 0x16,
    0x21, 0x32, 0x36, 0x35, 0x34, 0x26, 0x2B, 0x01, 0x35, 0x33, 0x32, 0x36, 0x35, 0x34, 0x26, 0x23,
    0x22, 0x06, 0x07, 0x27, 0x3E, 0x01, 0x33, 0x32, 0x16, 0x15, 0x14, 0x06, 0x07, 0x15, 0x1E, 0x01,
    0x04, 0x19, 0xF8, 0xE6, 0xD6, 0xFF, 0x18, 0xBA, 0x24, 0x01, 0x0F, 0x88, 0x9B, 0xB1, 0xA7, 0x66,
    0x62, 0x94, 0xA3, 0x85, 0x83, 0x77, 0x93, 0x0C, 0xB5, 0x14, 0xF7, 0xC2, 0xD4, 0xEB, 0x97, 0x90,
    0x9E, 0xB0, 0x01, 0x85, 0xC3, 0xD6, 0xC1, 0xBD, 0x11, 0xFA, 0x86, 0x84, 0x73, 0x81, 0x9C, 0x81,
    0x72, 0x71, 0x83, 0x7A, 0x6F, 0x0E, 0xAD, 0xC2, 0xC5, 0xB0, 0x87, 0xA9, 0x1E, 0x04, 0x11, 0xB2,
    0x00, 0x02, 0x00, 0x2F, 0x00, 0x00, 0x04, 0x37, 0x05, 0x81, 0x00, 0x0A, 0x00, 0x12, 0x00, 0x36,
    0x40, 0x1A, 0x11, 0x05, 0x12, 0x02, 0x02, 0x08, 0x01, 0x05, 0x01, 0x13, 0x14, 0x00, 0x04, 0x11,
    0x04, 0x73, 0x59, 0x08, 0x11, 0x11, 0x01, 0x0B, 0x06, 0x06, 0x01, 0x18, 0x00, 0x3F, 0x3F, 0x33,
    0x12, 0x39, 0x2F, 0x33, 0x2B, 0x11, 0x00, 0x33, 0x11, 0x12, 0x01, 0x39, 0x39, 0x11, 0x33, 0x33,
    0x11, 0x33, 0x11, 0x33, 0x31, 0x30, 0x01, 0x11, 0x23, 0x11, 0x21, 0x35, 0x01, 0x33, 0x11, 0x33,
    0x15, 0x01, 0x0E, 0x01, 0x07, 0x01, 0x0F, 0x01, 0x21, 0x03, 0x71, 0xAA, 0xFD, 0x68, 0x02, 0x85,
    0xBD, 0xC6, 0xFE, 0x90, 0x02, 0x34, 0x0D, 0xFE, 0x97, 0x36, 0x10, 0x01, 0xF2, 0x01, 0x3F, 0xFE,
    0xC1, 0x01, 0x3F, 0x8C, 0x03, 0xB6, 0xFC, 0x4C, 0x8E, 0x03, 0x77, 0x06, 0x5E, 0x13, 0xFD, 0xEC,
    0x4A, 0x14, 0x00, 0x01, 0x00, 0x52, 0xFF, 0xEC, 0x04, 0x1D, 0x05, 0x81, 0x00, 0x1C, 0x00, 0x5E,
    0x40, 0x35, 0x12, 0x13, 0x18, 0x17, 0x14, 0x14, 0x00, 0x13, 0x07, 0x06, 0x18, 0x13, 0x0C, 0x00,
    0x00, 0x16, 0x13, 0x06, 0x04, 0x1D, 0x1E, 0x1A, 0x0F, 0x73, 0x59, 0x1A, 0x1A, 0x03, 0x14, 0x14,
    0x17, 0x74, 0x59, 0x14, 0x06, 0x03, 0x09, 0x73, 0x59, 0x67, 0x07, 0x01, 0x16, 0x07, 0x01, 0x73,
    0x07, 0x83, 0x07, 0x02, 0x07, 0x03, 0x19, 0x00, 0x3F, 0x33, 0x5D, 0x5D, 0x5D, 0x2B, 0x00, 0x18,
    0x3F, 0x2B, 0x11, 0x12, 0x00, 0x39, 0x18, 0x2F, 0x2B, 0x11, 0x12, 0x01, 0x17, 0x39, 0x11, 0x33,
    0x11, 0x33, 0x11, 0x33, 0x11, 0x12, 0x39, 0x11, 0x33, 0x11, 0x12, 0x39, 0x31, 0x30, 0x01, 0x14,
    0x00, 0x23, 0x22, 0x26, 0x27, 0x37, 0x16, 0x33, 0x32, 0x36, 0x35, 0x34, 0x26, 0x23, 0x22, 0x06,
    0x07, 0x23, 0x13, 0x21, 0x15, 0x21, 0x03, 0x36, 0x33, 0x32, 0x16, 0x04, 0x1D, 0xFE, 0xF7, 0xEB,
    0xC5, 0xF2, 0x20, 0xB6, 0x39, 0xEC, 0x91, 0xA4, 0xA5, 0x8C, 0x49, 0x7E, 0x3F, 0xB0, 0x2F, 0x03,
    0x21, 0xFD, 0x83, 0x1B, 0x75, 0xAE, 0xD0, 0xF7, 0x01, 0xCB, 0xDF, 0xFF, 0x00, 0xAC, 0xA3, 0x15,
    0xD1, 0xAF, 0x99, 0x85, 0xA4, 0x2E, 0x37, 0x02, 0xF6, 0x99, 0xFE, 0x41, 0x5A, 0xF4, 0x00, 0x02,
    0x00, 0x68, 0xFF, 0xEC, 0x04, 0x19, 0x05, 0x96, 0x00, 0x16, 0x00, 0x22, 0x00, 0x50, 0x40, 0x2B,
    0x1D, 0x11, 0x06, 0x0C, 0x0B, 0x17, 0x00, 0x00, 0x0B, 0x06, 0x03, 0x23, 0x24, 0x11, 0x1A, 0x14,
    0x1A, 0x75, 0x59, 0x14, 0x14, 0x03, 0x09, 0x09, 0x0E, 0x73, 0x59, 0x0F, 0x0C, 0x8F, 0x0C, 0x02,
    0x0A, 0x05, 0x0C, 0x09, 0x07, 0x03, 0x20, 0x73, 0x59, 0x03, 0x19, 0x00, 0x3F, 0x2B, 0x00, 0x18,
    0x3F, 0x33, 0x5F, 0x5E, 0x5D, 0x2B, 0x11, 0x12, 0x00, 0x39, 0x18, 0x2F, 0x2B, 0x11, 0x00, 0x33,
    0x11, 0x12, 0x01, 0x17, 0x39, 0x11, 0x33, 0x11, 0x33, 0x11, 0x33, 0x33, 0x31, 0x30, 0x01, 0x14,
    0x02, 0x23, 0x22, 0x02, 0x11, 0x10, 0x00, 0x33, 0x20, 0x13, 0x07, 0x26, 0x23, 0x22, 0x02, 0x11,
    0x3E, 0x01, 0x33, 0x32, 0x16, 0x07, 0x34, 0x26, 0x23, 0x22, 0x06, 0x15, 0x14, 0x16, 0x33, 0x32,
    0x36, 0x04, 0x19, 0xF2, 0xD5, 0xEE, 0xFC, 0x01, 0x06, 0xF2, 0x01, 0x3F, 0x53, 0xAC, 0x35, 0xB3,
    0x9A, 0xA9, 0x31, 0xB2, 0x73, 0xC3, 0xE5, 0xB7, 0x96, 0x86, 0x7E, 0x9B, 0xA1, 0x7E, 0x82, 0x94,
    0x01, 0xCD, 0xDF, 0xFE, 0xFE, 0x01, 0x62, 0x01, 0x52, 0x01, 0x6E, 0x01, 0x88, 0xFE, 0xE1, 0x1F,
    0xAC, 0xFE, 0xE1, 0xFE, 0xF0, 0x5B, 0x5F, 0xF4, 0xD6, 0x99, 0xA6, 0x93, 0x81, 0xA3, 0xD0, 0xAF,
    0x00, 0x01, 0x00, 0x69, 0x00, 0x00, 0x04, 0x0C, 0x05, 0x81, 0x00, 0x0B, 0x00, 0x2A, 0x40, 0x14,
    0x08, 0x04, 0x05, 0x05, 0x00, 0x09, 0x09, 0x00, 0x0C, 0x0D, 0x00, 0x09, 0x0A, 0x09, 0x74, 0x59,
    0x0A, 0x06, 0x04, 0x18, 0x00, 0x3F, 0x3F, 0x2B, 0x11, 0x00, 0x33, 0x11, 0x12, 0x01, 0x39, 0x39,
    0x11, 0x12, 0x39, 0x11, 0x33, 0x32, 0x31, 0x30, 0x01, 0x0A, 0x02, 0x15, 0x23, 0x10, 0x12, 0x01,
    0x21, 0x35, 0x21, 0x04, 0x0C, 0xD8, 0xB2, 0x59, 0xBC, 0xE5, 0x01, 0x0C, 0xFD, 0x0B, 0x03, 0xA3,
    0x04, 0xEF, 0xFE, 0xB6, 0xFE, 0x8A, 0xFE, 0x94, 0xC3, 0x01, 0x0E, 0x02, 0x55, 0x01, 0x85, 0x99,
    0x00, 0x03, 0x00, 0x59, 0xFF, 0xEC, 0x04, 0x1A, 0x05, 0x96, 0x00, 0x19, 0x00, 0x24, 0x00, 0x2F,
    0x00, 0x55, 0x40, 0x2E, 0x2B, 0x06, 0x1F, 0x0D, 0x1A, 0x13, 0x25, 0x00, 0x00, 0x13, 0x16, 0x09,
    0x0D, 0x06, 0x06, 0x30, 0x31, 0x16, 0x09, 0x22, 0x28, 0x22, 0x28, 0x75, 0x59, 0x0F, 0x22, 0x01,
    0x13, 0x06, 0x22, 0x22, 0x03, 0x10, 0x10, 0x1C, 0x75, 0x59, 0x10, 0x07, 0x03, 0x2D, 0x75, 0x59,
    0x03, 0x19, 0x00, 0x3F, 0x2B, 0x00, 0x18, 0x3F, 0x2B, 0x11, 0x12, 0x00, 0x39, 0x18, 0x2F, 0x5F,
    0x5E, 0x5D, 0x2B, 0x11, 0x12, 0x00, 0x39, 0x39, 0x11, 0x12, 0x01, 0x17, 0x39, 0x11, 0x33, 0x11,
    0x33, 0x11, 0x33, 0x11, 0x33, 0x31, 0x30, 0x01, 0x14, 0x06, 0x23, 0x22, 0x26, 0x35, 0x34, 0x36,
    0x37, 0x35, 0x2E, 0x01, 0x35, 0x34, 0x36, 0x33, 0x32, 0x16, 0x15, 0x14, 0x06, 0x07, 0x15, 0x1E,
    0x01, 0x03, 0x34, 0x21, 0x22, 0x06, 0x15, 0x14, 0x16, 0x33, 0x32, 0x36, 0x13, 0x34, 0x26, 0x23,
    0x22, 0x06, 0x15, 0x10, 0x21, 0x32, 0x36, 0x04, 0x1A, 0xF8, 0xE8, 0xE2, 0xFF, 0x9E, 0x7B, 0x73,
    0x85, 0xF1, 0xCB, 0xD0, 0xF1, 0x86, 0x74, 0x87, 0x96, 0xDE, 0xFE, 0xFA, 0x7F, 0x85, 0x89, 0x7D,
    0x7F, 0x85, 0x23, 0x9C, 0x8D, 0x89, 0x9A, 0x01, 0x29, 0x93, 0x90, 0x01, 0x89, 0xC3, 0xDA, 0xD6,
    0xC5, 0x8A, 0xBC, 0x14, 0x04, 0x1B, 0xB4, 0x79, 0xA1, 0xC8, 0xC4, 0xA7, 0x79, 0xB4, 0x17, 0x04,
    0x16, 0xB9, 0x02, 0x0D, 0xEF, 0x78, 0x77, 0x79, 0x7F, 0x75, 0xFD, 0xFC, 0x83, 0x85, 0x8F, 0x7D,
    0xFE, 0xDD, 0x8D, 0x00, 0x00, 0x02, 0x00, 0x60, 0xFF, 0xEC, 0x04, 0x12, 0x05, 0x96, 0x00, 0x17,
    0x00, 0x24, 0x00, 0x54, 0x40, 0x2E, 0x1E, 0x12, 0x07, 0x06, 0x18, 0x0C, 0x00, 0x00, 0x06, 0x12,
    0x03, 0x25, 0x26, 0x0C, 0x21, 0x0F, 0x21, 0x73, 0x59, 0x0F, 0x0F, 0x1F, 0x0F, 0x02, 0x0E, 0x03,
    0x0F, 0x0F, 0x03, 0x15, 0x15, 0x1B, 0x73, 0x59, 0x15, 0x07, 0x03, 0x09, 0x73, 0x59, 0x17, 0x07,
    0x01, 0x07, 0x03, 0x19, 0x00, 0x3F, 0x33, 0x5D, 0x2B, 0x00, 0x18, 0x3F, 0x2B, 0x11, 0x12, 0x00,
    0x39, 0x18, 0x2F, 0x5F, 0x5E, 0x5D, 0x2B, 0x11, 0x00, 0x33, 0x11, 0x12, 0x01, 0x17, 0x39, 0x11,
    0x33, 0x33, 0x11, 0x33, 0x11, 0x33, 0x31, 0x30, 0x01, 0x10, 0x00, 0x23, 0x22, 0x26, 0x27, 0x37,
    0x16, 0x33, 0x32, 0x12, 0x13, 0x0E, 0x01, 0x23, 0x22, 0x02, 0x35, 0x34, 0x36, 0x33, 0x32, 0x12,
    0x07, 0x34, 0x26, 0x23, 0x22, 0x06, 0x15, 0x14, 0x16, 0x33, 0x32, 0x3E, 0x01, 0x04, 0x12, 0xFE,
    0xF7, 0xF5, 0xA5, 0xC7, 0x2B, 0xAC, 0x36, 0xB8, 0x9B, 0xAA, 0x04, 0x28, 0xC2, 0x74, 0xBE, 0xE4,
    0xF8, 0xDD, 0xEB, 0xF2, 0xC4, 0x9C, 0x83, 0x82, 0x96, 0x96, 0x80, 0x4E, 0x86, 0x4D, 0x02, 0xDD,
    0xFE, 0x95, 0xFE, 0x7A, 0x8B, 0x9B, 0x1B, 0xB0, 0x01, 0x20, 0x01, 0x0B, 0x5A, 0x6D, 0x01, 0x04,
    0xD7, 0xDD, 0xFD, 0xFE, 0xA4, 0xAF, 0xAA, 0xCF, 0xB1, 0x97, 0x9A, 0xB3, 0x47, 0x82, 0x00, 0x02,
    0x00, 0xBB, 0x00, 0x00, 0x01, 0x7E, 0x04, 0x3A, 0x00, 0x03, 0x00, 0x07, 0x00, 0x27, 0x40, 0x13,
    0x03, 0x07, 0x07, 0x04, 0x00, 0x04, 0x09, 0x08, 0x04, 0x05, 0x9C, 0x5B, 0x04, 0x01, 0x00, 0x9C,
    0x5B, 0x01, 0x0F, 0x00, 0x3F, 0x2B, 0x00, 0x18, 0x2F, 0x2B, 0x11, 0x12, 0x01, 0x39, 0x39, 0x11,
    0x33, 0x11, 0x33, 0x31, 0x30, 0x13, 0x35, 0x33, 0x15, 0x03, 0x35, 0x33, 0x15, 0xBB, 0xC3, 0xC3,
    0xC3, 0x03, 0x6B, 0xCF, 0xCF, 0xFC, 0x95, 0xCF, 0xCF, 0x00, 0x00, 0x02, 0x00, 0xB8, 0xFE, 0xFA,
    0x01, 0x81, 0x04, 0x3A, 0x00, 0x09, 0x00, 0x0D, 0x00, 0x2E, 0x40, 0x19, 0x0D, 0x00, 0x00, 0x08,
    0x0A, 0x08, 0x05, 0x03, 0x0E, 0x0F, 0x0B, 0x0A, 0x9C, 0x5B, 0x0B, 0x0F, 0x00, 0x05, 0xA8, 0x5B,
    0x08, 0x00, 0x9C, 0x5B, 0x08, 0x00, 0x2F, 0x2B, 0x2B, 0x00, 0x18, 0x3F, 0x2B, 0x11, 0x12, 0x01,
    0x17, 0x39, 0x11, 0x33, 0x11, 0x33, 0x31, 0x30, 0x25, 0x15, 0x14, 0x06, 0x07, 0x23, 0x36, 0x35,
    0x23, 0x35, 0x11, 0x35, 0x33, 0x15, 0x01, 0x81, 0x26, 0x28, 0x7B, 0x5E, 0x58, 0xC3, 0xCF, 0x9C,
    0x6A, 0x8E, 0x41, 0x88, 0x7E, 0xCF, 0x02, 0x9C, 0xCF, 0xCF, 0x00, 0x01, 0x00, 0x65, 0x00, 0x9A,
    0x04, 0x48, 0x04, 0xAA, 0x00, 0x06, 0x00, 0x3C, 0x40, 0x27, 0x03, 0x06, 0x04, 0x00, 0x04, 0x07,
    0x08, 0x05, 0x3F, 0x06, 0x7F, 0x06, 0x8F, 0x06, 0x03, 0x06, 0x03, 0x30, 0x02, 0x70, 0x02, 0x80,
    0x02, 0x03, 0x02, 0x01, 0x00, 0x0F, 0x04, 0x3F, 0x04, 0x6F, 0x04, 0x9F, 0x04, 0xCF, 0x04, 0x05,
    0x04, 0x00, 0x19, 0x2F, 0x5D, 0x33, 0x33, 0xCD, 0x5D, 0x32, 0xCD, 0x5D, 0x32, 0x11, 0x12, 0x01,
    0x17, 0x39, 0x31, 0x30, 0x13, 0x35, 0x01, 0x15, 0x09, 0x01, 0x15, 0x65, 0x03, 0xE3, 0xFC, 0xA6,
    0x03, 0x5A, 0x02, 0x3B, 0xCD, 0x01, 0xA2, 0x9A, 0xFE, 0x92, 0xFE, 0x91, 0x99, 0x00, 0x00, 0x02,
    0x00, 0x64, 0x01, 0x58, 0x04, 0x47, 0x03, 0xEC, 0x00, 0x03, 0x00, 0x07, 0x00, 0x3F, 0x40, 0x28,
    0x07, 0x03, 0x00, 0x04, 0x04, 0x08, 0x09, 0x05, 0x04, 0xAD, 0x59, 0x0F, 0x05, 0x1F, 0x05, 0x4F,
    0x05, 0x5F, 0x05, 0xCF, 0x05, 0x05, 0x0A, 0x03, 0x05, 0x01, 0x40, 0x01, 0x00, 0xAD, 0x59, 0x50,
    0x01, 0xD0, 0x01, 0x02, 0x0F, 0x01, 0x01, 0x01, 0x00, 0x2F, 0x5D, 0x5D, 0x2B, 0x00, 0x1A, 0x18,
    0x10, 0xCE, 0x5F, 0x5E, 0x5D, 0x2B, 0x11, 0x12, 0x01, 0x17, 0x39, 0x31, 0x30, 0x13, 0x35, 0x21,
    0x15, 0x01, 0x35, 0x21, 0x15, 0x64, 0x03, 0xE3, 0xFC, 0x1D, 0x03, 0xE3, 0x03, 0x58, 0x94, 0x94,
    0xFE, 0x00, 0x94, 0x94, 0x00, 0x01, 0x00, 0x65, 0x00, 0x9A, 0x04, 0x48, 0x04, 0xAA, 0x00, 0x06,
    0x00, 0x3C, 0x40, 0x27, 0x06, 0x02, 0x00, 0x03, 0x04, 0x07, 0x08, 0x03, 0x30, 0x04, 0x70, 0x04,
    0x80, 0x04, 0x03, 0x04, 0x01, 0x3F, 0x00, 0x7F, 0x00, 0x8F, 0x00, 0x03, 0x00, 0x06, 0x05, 0x0F,
    0x02, 0x3F, 0x02, 0x6F, 0x02, 0x9F, 0x02, 0xCF, 0x02, 0x05, 0x02, 0x00, 0x19, 0x2F, 0x5D, 0x33,
    0x33, 0xCD, 0x5D, 0x32, 0xCD, 0x5D, 0x32, 0x11, 0x12, 0x01, 0x17, 0x39, 0x31, 0x30, 0x37, 0x35,
    0x09, 0x01, 0x35, 0x01, 0x15, 0x65, 0x03, 0x5A, 0xFC, 0xA6, 0x03, 0xE3, 0x9A, 0x99, 0x01, 0x6F,
    0x01, 0x6E, 0x9A, 0xFE, 0x5E, 0xCD, 0x00, 0x02, 0x00, 0x54, 0x00, 0x00, 0x04, 0x27, 0x05, 0x96,
    0x00, 0x1E, 0x00, 0x22, 0x00, 0x52, 0x40, 0x2C, 0x21, 0x20, 0x18, 0x19, 0x08, 0x09, 0x12, 0x00,
    0x00, 0x09, 0x20, 0x19, 0x04, 0x23, 0x24, 0x12, 0x1C, 0x0F, 0x09, 0x3F, 0x09, 0x02, 0x0E, 0x03,
    0x09, 0x20, 0x1F, 0x20, 0x9C, 0x5B, 0x1F, 0x0C, 0x18, 0x01, 0x0D, 0x03, 0x18, 0x1C, 0x1C, 0x15,
    0x5F, 0x59, 0x1C, 0x04, 0x00, 0x3F, 0x2B, 0x11, 0x00, 0x33, 0x5F, 0x5E, 0x5D, 0x18, 0x2F, 0x2B,
    0x00, 0x18, 0x10, 0xC6, 0x5F, 0x5E, 0x5D, 0x11, 0x39, 0x11, 0x12, 0x01, 0x17, 0x39, 0x11, 0x33,
    0x11, 0x33, 0x11, 0x33, 0x11, 0x33, 0x31, 0x30, 0x01, 0x14, 0x0E, 0x01, 0x0F, 0x01, 0x0E, 0x01,
    0x07, 0x23, 0x3E, 0x07, 0x35, 0x34, 0x26, 0x23, 0x22, 0x06, 0x07, 0x27, 0x36, 0x24, 0x33, 0x32,
    0x04, 0x01, 0x35, 0x33, 0x15, 0x04, 0x27, 0x2C, 0x52, 0x5D, 0x50, 0x48, 0x46, 0x01, 0xAF, 0x02,
    0x27, 0x3E, 0x4E, 0x50, 0x4D, 0x3C, 0x25, 0x9B, 0x8C, 0x8C, 0xA4, 0x0E, 0xB8, 0x1A, 0x01, 0x04,
    0xD6, 0xDF, 0x01, 0x00, 0xFD, 0x8F, 0xC3, 0x04, 0x08, 0x4B, 0x76, 0x64, 0x44, 0x3B, 0x34, 0x73,
    0x44, 0x45, 0x68, 0x50, 0x3F, 0x39, 0x39, 0x46, 0x58, 0x3B, 0x72, 0x84, 0x8C, 0x7A, 0x0C, 0xC6,
    0xD4, 0xD3, 0xFB, 0x3D, 0xC9, 0xC9, 0x00, 0x02, 0x00, 0xA1, 0xFE, 0xE5, 0x07, 0x6E, 0x05, 0xCC,
    0x00, 0x3F, 0x00, 0x4E, 0x00, 0x7E, 0x40, 0x46, 0x1B, 0x07, 0x29, 0x38, 0x47, 0x0F, 0x07, 0x40,
    0x40, 0x17, 0x17, 0x18, 0x21, 0x00, 0x00, 0x31, 0x18, 0x0F, 0x38, 0x05, 0x4F, 0x50, 0x04, 0x1D,
    0xD5, 0x59, 0x04, 0x04, 0x0C, 0x0C, 0x4A, 0xD6, 0x59, 0x13, 0x43, 0xD6, 0x59, 0x17, 0x13, 0x0F,
    0x0C, 0x1F, 0x0C, 0x02, 0x0B, 0x03, 0x0C, 0x13, 0x0C, 0x13, 0x34, 0x3C, 0x3C, 0x25, 0xD6, 0x59,
    0x3C, 0x00, 0x02, 0x30, 0x01, 0x12, 0x04, 0x30, 0x34, 0x34, 0x2D, 0xD6, 0x59, 0x34, 0x00, 0x2F,
    0x2B, 0x11, 0x00, 0x33, 0x5F, 0x5E, 0x5D, 0x18, 0x3F, 0x2B, 0x11, 0x12, 0x00, 0x39, 0x39, 0x18,
    0x2F, 0x2F, 0x5F, 0x5E, 0x5D, 0x11, 0x33, 0x2B, 0x2B, 0x11, 0x00, 0x33, 0x18, 0x2F, 0x2B, 0x11,
    0x12, 0x01, 0x17, 0x39, 0x11, 0x33, 0x11, 0x33, 0x11, 0x33, 0x11, 0x33, 0x11, 0x33, 0x11, 0x33,
    0x11, 0x33, 0x31, 0x30, 0x01, 0x14, 0x02, 0x06, 0x23, 0x22, 0x26, 0x35, 0x37, 0x23, 0x0E, 0x01,
    0x23, 0x22, 0x26, 0x35, 0x34, 0x12, 0x36, 0x33, 0x32, 0x17, 0x33, 0x37, 0x33, 0x03, 0x06, 0x15,
    0x14, 0x33, 0x32, 0x3E, 0x01, 0x35, 0x34, 0x02, 0x24, 0x23, 0x22, 0x04, 0x02, 0x15, 0x14, 0x12,
    0x04, 0x33, 0x32, 0x24, 0x37, 0x17, 0x06, 0x04, 0x23, 0x22, 0x24, 0x02, 0x35, 0x10, 0x12, 0x00,
    0x21, 0x32, 0x04, 0x12, 0x05, 0x34, 0x26, 0x23, 0x22, 0x0E, 0x01, 0x15, 0x14, 0x16, 0x33, 0x32,
    0x36, 0x37, 0x36, 0x07, 0x6E, 0x73, 0xCD, 0x7F, 0x63, 0x6C, 0x03, 0x06, 0x42, 0xC3, 0x71, 0x9D,
    0xAD, 0x81, 0xE8, 0x8D, 0xDB, 0x52, 0x06, 0x27, 0x9C, 0x74, 0x25, 0x51, 0x50, 0x87, 0x4E, 0x9A,
    0xFE, 0xDE, 0xC2, 0xF2, 0xFE, 0x8C, 0xD4, 0x9D, 0x01, 0x29, 0xC6, 0x91, 0x01, 0x2A, 0xA0, 0x37,
    0x91, 0xFE, 0xAD, 0xAE, 0xF1, 0xFE, 0x97, 0xBF, 0xF9, 0x01, 0xBA, 0x01, 0x12, 0xF1, 0x01, 0x5E,
    0xB9, 0xFD, 0xA2, 0x84, 0x6E, 0x65, 0x9D, 0x5A, 0x5F, 0x63, 0x7D, 0xD0, 0x28, 0x17, 0x02, 0xF3,
    0xBA, 0xFE, 0xD3, 0xA4, 0x58, 0x58, 0x46, 0x7B, 0x7B, 0xCC, 0xB5, 0xA4, 0x01, 0x1A, 0xA6, 0xB6,
    0xA0, 0xFE, 0x06, 0xA4, 0x59, 0x5E, 0x8A, 0xF2, 0x93, 0xB3, 0x01, 0x15, 0x95, 0xD6, 0xFE, 0x6D,
    0xFA, 0xC1, 0xFE, 0xD9, 0x9E, 0x4B, 0x57, 0x70, 0x57, 0x5B, 0xBF, 0x01, 0x61, 0xE6, 0x01, 0x18,
    0x01, 0xCA, 0x00, 0xFF, 0xB5, 0xFE, 0xB6, 0xE2, 0x66, 0x7D, 0x7F, 0xE1, 0x83, 0x78, 0x88, 0xD2,
    0x9D, 0x5C, 0x00, 0x02, 0x00, 0x04, 0x00, 0x00, 0x05, 0x52, 0x05, 0x81, 0x00, 0x07, 0x00, 0x10,
    0x00, 0x5B, 0x40, 0x36, 0x0D, 0x01, 0x00, 0x0C, 0x02, 0x03, 0x06, 0x05, 0x08, 0x00, 0x03, 0x04,
    0x04, 0x08, 0x07, 0x03, 0x12, 0x11, 0x0C, 0x02, 0x5F, 0x59, 0x0C, 0x0C, 0x08, 0x05, 0x03, 0x04,
    0x00, 0x12, 0xB0, 0x12, 0x01, 0x50, 0x12, 0x01, 0xF0, 0x12, 0x01, 0xC0, 0x12, 0x01, 0x90, 0x12,
    0x01, 0x60, 0x12, 0x01, 0x30, 0x12, 0x01, 0x2F, 0x12, 0x01, 0x5D, 0x5D, 0x5D, 0x5D, 0x5D, 0x5D,
    0x71, 0x71, 0x00, 0x3F, 0x32, 0x3F, 0x33, 0x39, 0x2F, 0x2B, 0x11, 0x12, 0x01, 0x17, 0x39, 0x11,
    0x33, 0x32, 0x11, 0x33, 0x33, 0x12, 0x39, 0x39, 0x12, 0x39, 0x39, 0x31, 0x30, 0x21, 0x03, 0x21,
    0x03, 0x23, 0x01, 0x33, 0x09, 0x01, 0x07, 0x06, 0x07, 0x03, 0x21, 0x03, 0x26, 0x27, 0x04, 0x8F,
    0xA1, 0xFD, 0x7E, 0xA2, 0xC6, 0x02, 0x3F, 0xD9, 0x02, 0x36, 0xFD, 0x5B, 0x09, 0x19, 0x31, 0xB4,
    0x02, 0x0F, 0xB5, 0x1C, 0x1C, 0x01, 0x9C, 0xFE, 0x64, 0x05, 0x81, 0xFA, 0x7F, 0x04, 0xF1, 0x1C,
    0x53, 0x82, 0xFE, 0x31, 0x01, 0xD1, 0x45, 0x57, 0x00, 0x03, 0x00, 0xA8, 0x00, 0x00, 0x04, 0xEA,
    0x05, 0x81, 0x00, 0x0D, 0x00, 0x16, 0x00, 0x1E, 0x00, 0x68, 0x40, 0x3A, 0x0B, 0x13, 0x08, 0x13,
    0x1B, 0x1B, 0x04, 0x0E, 0x08, 0x17, 0x00, 0x00, 0x08, 0x04, 0x03, 0x1F, 0x20, 0x0B, 0x13, 0x1A,
    0x13, 0x1A, 0x5F, 0x59, 0x13, 0x24, 0x13, 0x02, 0x4D, 0x0F, 0x13, 0x01, 0x03, 0x3E, 0x13, 0x01,
    0x04, 0x0F, 0x13, 0x01, 0x10, 0x05, 0x13, 0x13, 0x04, 0x05, 0x05, 0x12, 0x5F, 0x59, 0x05, 0x03,
    0x04, 0x1B, 0x5F, 0x59, 0x04, 0x12, 0x00, 0x3F, 0x2B, 0x00, 0x18, 0x3F, 0x2B, 0x11, 0x12, 0x00,
    0x39, 0x18, 0x2F, 0x5F, 0x5E, 0x5D, 0x5F, 0x5D, 0x5F, 0x71, 0x2B, 0x2B, 0x11, 0x12, 0x00, 0x39,
    0x11, 0x12, 0x01, 0x17, 0x39, 0x11, 0x33, 0x11, 0x33, 0x11, 0x33, 0x11, 0x33, 0x11, 0x12, 0x39,
    0x31, 0x30, 0x01, 0x14, 0x04, 0x23, 0x21, 0x11, 0x21, 0x20, 0x11, 0x14, 0x06, 0x07, 0x1E, 0x01,
    0x01, 0x34, 0x26, 0x23, 0x21, 0x11, 0x21, 0x32, 0x36, 0x13, 0x34, 0x29, 0x01, 0x11, 0x21, 0x32,
    0x36, 0x04, 0xEA, 0xFE, 0xEE, 0xF4, 0xFD, 0xC4, 0x02, 0x00, 0x01, 0xF0, 0x8C, 0x80, 0xA8, 0xB6,
    0xFE, 0xEE, 0x9C, 0x94, 0xFE, 0xBF, 0x01, 0x41, 0x99, 0x97, 0x51, 0xFE, 0xA2, 0xFE, 0x9C, 0x01,
    0x73, 0xAF, 0xA0, 0x01, 0x8D, 0xBC, 0xD1, 0x05, 0x81, 0xFE, 0xAA, 0x7D, 0xAA, 0x1D, 0x14, 0xB9,
    0x01, 0xFA, 0x72, 0x62, 0xFE, 0x42, 0x73, 0xFD, 0xFF, 0xF9, 0xFE, 0x04, 0x82, 0x00, 0x00, 0x01,
    0x00, 0x68, 0xFF, 0xEC, 0x05, 0x79, 0x05, 0x96, 0x00, 0x19, 0x00, 0x5E, 0x40, 0x39, 0x03, 0x10,
    0x17, 0x16, 0x08, 0x09, 0x09, 0x16, 0x10, 0x03, 0x1A, 0x1B, 0x0F, 0x17, 0x01, 0x0D, 0x03, 0x17,
    0x17, 0x13, 0x13, 0x00, 0x5F, 0x59, 0x13, 0x04, 0x00, 0x08, 0x10, 0x08, 0x40, 0x08, 0x50, 0x08,
    0x90, 0x08, 0xA0, 0x08, 0xD0, 0x08, 0xE0, 0x08, 0x08, 0x0C, 0x03, 0x08, 0x08, 0x0C, 0x0C, 0x06,
    0x5F, 0x59, 0x0C, 0x13, 0x20, 0x1B, 0x01, 0x5D, 0x00, 0x3F, 0x2B, 0x11, 0x00, 0x33, 0x18, 0x2F,
    0x5F, 0x5E, 0x5D, 0x3F, 0x2B, 0x11, 0x00, 0x33, 0x18, 0x2F, 0x5F, 0x5E, 0x5D, 0x11, 0x12, 0x01,
    0x17, 0x39, 0x11, 0x33, 0x11, 0x33, 0x11, 0x33, 0x31, 0x30, 0x01, 0x22, 0x00, 0x11, 0x10, 0x00,
    0x33, 0x20, 0x13, 0x17, 0x06, 0x04, 0x23, 0x22, 0x24, 0x02, 0x35, 0x10, 0x00, 0x21, 0x32, 0x04,
    0x17, 0x07, 0x2E, 0x01, 0x03, 0x18, 0xEA, 0xFE, 0xFC, 0x01, 0x0F, 0xE7, 0x01, 0x28, 0x95, 0x9C,
    0x57, 0xFE, 0xC5, 0xD0, 0xD5, 0xFE, 0xC9, 0xA3, 0x01, 0x6C, 0x01, 0x42, 0xE1, 0x01, 0x2E, 0x47,
    0xB5, 0x31, 0xD9, 0x04, 0xFA, 0xFE, 0xD3, 0xFE, 0xFA, 0xFE, 0xFD, 0xFE, 0xC5, 0x01, 0x25, 0x4E,
    0xB6, 0xBE, 0xB1, 0x01, 0x49, 0xE1, 0x01, 0x51, 0x01, 0x7E, 0xB0, 0xAD, 0x3C, 0x7B, 0x82, 0x00,
    0x00, 0x02, 0x00, 0xA8, 0x00, 0x00, 0x05, 0x65, 0x05, 0x81, 0x00, 0x09, 0x00, 0x13, 0x00, 0x2C,
    0x40, 0x17, 0x0F, 0x05, 0x0A, 0x00, 0x05, 0x00, 0x14, 0x15, 0x06, 0x0E, 0x5F, 0x59, 0x06, 0x03,
    0x05, 0x0F, 0x5F, 0x59, 0x05, 0x12, 0x20, 0x15, 0x01, 0x5D, 0x00, 0x3F, 0x2B, 0x00, 0x18, 0x3F,
    0x2B, 0x11, 0x12, 0x01, 0x39, 0x39, 0x11, 0x33, 0x11, 0x33, 0x31, 0x30, 0x01, 0x14, 0x02, 0x04,
    0x23, 0x21, 0x11, 0x21, 0x20, 0x00, 0x03, 0x10, 0x00, 0x29, 0x01, 0x11, 0x21, 0x32, 0x36, 0x12,
    0x05, 0x65, 0xAA, 0xFE, 0xC8, 0xCC, 0xFD, 0xF1, 0x01, 0xD2, 0x01, 0x66, 0x01, 0x85, 0xC0, 0xFE,
    0xE1, 0xFE, 0xF0, 0xFE, 0xF1, 0x01, 0x3A, 0x9B, 0xEB, 0x7E, 0x02, 0xCF, 0xDA, 0xFE, 0xB9, 0xAE,
    0x05, 0x81, 0xFE, 0x99, 0xFE, 0xB5, 0x01, 0x06, 0x01, 0x13, 0xFB, 0xB1, 0x88, 0x01, 0x00, 0x00,
    0x00, 0x01, 0x00, 0xA8, 0x00, 0x00, 0x04, 0xFE, 0x05, 0x81, 0x00, 0x0B, 0x00, 0x54, 0x40, 0x32,
    0x05, 0x09, 0x09, 0x00, 0x0A, 0x03, 0x07, 0x00, 0x04, 0x0C, 0x0D, 0x05, 0x08, 0x5F, 0x59, 0x8F,
    0x05, 0x01, 0xBA, 0x05, 0x01, 0x79, 0x05, 0x89, 0x05, 0x02, 0x0F, 0x05, 0x01, 0x08, 0x03, 0x05,
    0x05, 0x00, 0x01, 0x01, 0x04, 0x5F, 0x59, 0x01, 0x03, 0x00, 0x09, 0x5F, 0x59, 0x00, 0x12, 0x20,
    0x0D, 0x01, 0x5D, 0x00, 0x3F, 0x2B, 0x00, 0x18, 0x3F, 0x2B, 0x11, 0x12, 0x00, 0x39, 0x18, 0x2F,
    0x5F, 0x5E, 0x5D, 0x5D, 0x5D, 0x71, 0x2B, 0x11, 0x12, 0x01, 0x17, 0x39, 0x11, 0x33, 0x11, 0x33,
    0x31, 0x30, 0x33, 0x11, 0x21, 0x15, 0x21, 0x11, 0x21, 0x15, 0x21, 0x11, 0x21, 0x15, 0xA8, 0x04,
    0x2D, 0xFC, 0x92, 0x03, 0x32, 0xFC, 0xCE, 0x03, 0x97, 0x05, 0x81, 0x9C, 0xFE, 0x3C, 0x9A, 0xFE,
    0x15, 0x9C, 0x00, 0x01, 0x00, 0xA8, 0x00, 0x00, 0x04, 0x91, 0x05, 0x81, 0x00, 0x09, 0x00, 0x36,
    0x40, 0x1D, 0x01, 0x05, 0x05, 0x06, 0x08, 0x02, 0x06, 0x03, 0x0A, 0x0B, 0x01, 0x04, 0x5F, 0x59,
    0x01, 0x01, 0x05, 0x07, 0x07, 0x00, 0x5F, 0x59, 0x07, 0x03, 0x05, 0x12, 0x20, 0x0B, 0x01, 0x5D,
    0x00, 0x3F, 0x3F, 0x2B, 0x11, 0x12, 0x00, 0x39, 0x18, 0x2F, 0x2B, 0x11, 0x12, 0x01, 0x17, 0x39,
    0x11, 0x33, 0x11, 0x33, 0x31, 0x30, 0x01, 0x11, 0x21, 0x15, 0x21, 0x11, 0x23, 0x11, 0x21, 0x15,
    0x01, 0x67, 0x03, 0x12, 0xFC, 0xEE, 0xBF, 0x03, 0xE9, 0x04, 0xE5, 0xFD, 0xF4, 0x9E, 0xFD, 0xC5,
    0x05, 0x81, 0x9C, 0x00, 0x00, 0x01, 0x00, 0x67, 0xFF, 0xEC, 0x05, 0xA0, 0x05, 0x96, 0x00, 0x1E,
    0x00, 0x62, 0x40, 0x3B, 0x07, 0x06, 0x0D, 0x00, 0x13, 0x18, 0x18, 0x06, 0x15, 0x00, 0x04, 0x1F,
    0x20, 0x16, 0x15, 0x5F, 0x59, 0x00, 0x16, 0x01, 0x18, 0x03, 0x16, 0x16, 0x1B, 0x03, 0x1B, 0x10,
    0x5F, 0x59, 0x1B, 0x13, 0x03, 0x0A, 0x5F, 0x59, 0x30, 0x07, 0x40, 0x07, 0x02, 0x90, 0x07, 0xE0,
    0x07, 0x02, 0x07, 0x07, 0x03, 0x04, 0x80, 0x20, 0x01, 0x60, 0x20, 0x01, 0x20, 0x20, 0x01, 0x5D,
    0x5D, 0x5D, 0x00, 0x3F, 0x33, 0x2F, 0x5D, 0x71, 0x2B, 0x00, 0x18, 0x3F, 0x2B, 0x11, 0x12, 0x00,
    0x39, 0x18, 0x2F, 0x5F, 0x5E, 0x5D, 0x2B, 0x11, 0x12, 0x01, 0x17, 0x39, 0x11, 0x33, 0x11, 0x33,
    0x11, 0x33, 0x31, 0x30, 0x13, 0x10, 0x00, 0x21, 0x32, 0x04, 0x17, 0x07, 0x2E, 0x01, 0x23, 0x22,
    0x00, 0x11, 0x10, 0x00, 0x33, 0x32, 0x36, 0x37, 0x35, 0x21, 0x35, 0x21, 0x11, 0x06, 0x04, 0x23,
    0x22, 0x24, 0x02, 0x67, 0x01, 0x70, 0x01, 0x4D, 0xEA, 0x01, 0x24, 0x4F, 0xB6, 0x3C, 0xD3, 0x9D,
    0xF4, 0xFE, 0xFE, 0x01, 0x12, 0xF2, 0x8A, 0xEF, 0x4A, 0xFE, 0x5B, 0x02, 0x55, 0x70, 0xFE, 0xBB,
    0xBE, 0xDD, 0xFE, 0xC0, 0xA9, 0x02, 0xC7, 0x01, 0x57, 0x01, 0x78, 0x9E, 0xAE, 0x36, 0x78, 0x6E,
    0xFE, 0xD9, 0xFE, 0xF4, 0xFE, 0xF5, 0xFE, 0xCB, 0x54, 0x48, 0xFE, 0xA0, 0xFE, 0x1A, 0x72, 0x7D,
    0xB0, 0x01, 0x4B, 0x00, 0x00, 0x01, 0x00, 0xA8, 0x00, 0x00, 0x05, 0x20, 0x05, 0x81, 0x00, 0x0B,
    0x00, 0x72, 0x40, 0x17, 0x07, 0x03, 0x03, 0x04, 0x08, 0x00, 0x00, 0x0B, 0x04, 0x0B, 0x0C, 0x0D,
    0x07, 0x02, 0x5F, 0x59, 0x50, 0x07, 0x01, 0xE0, 0x07, 0x01, 0x07, 0xB8, 0xFF, 0xE1, 0x40, 0x2E,
    0x13, 0x49, 0x79, 0x07, 0x89, 0x07, 0x02, 0x0F, 0x07, 0x01, 0x08, 0x07, 0x07, 0x09, 0x05, 0x03,
    0x04, 0x00, 0x12, 0x20, 0x0D, 0x01, 0xC0, 0x0D, 0x01, 0xB0, 0x0D, 0x01, 0xA0, 0x0D, 0x01, 0x80,
    0x0D, 0x01, 0x70, 0x0D, 0x01, 0x60, 0x0D, 0x01, 0x50, 0x0D, 0x01, 0x20, 0x0D, 0x01, 0x5D, 0x5D,
    0x5D, 0x5D, 0x5D, 0x5D, 0x5D, 0x5D, 0x71, 0x00, 0x3F, 0x32, 0x3F, 0x33, 0x39, 0x2F, 0x5E, 0x5D,
    0x5D, 0x2B, 0x5D, 0x71, 0x2B, 0x11, 0x12, 0x01, 0x39, 0x39, 0x11, 0x33, 0x11, 0x33, 0x11, 0x33,
    0x11, 0x33, 0x31, 0x30, 0x21, 0x11, 0x21, 0x11, 0x23, 0x11, 0x33, 0x11, 0x21, 0x11, 0x33, 0x11,
    0x04, 0x61, 0xFD, 0x06, 0xBF, 0xBF, 0x02, 0xFA, 0xBF, 0x02, 0x8D, 0xFD, 0x73, 0x05, 0x81, 0xFD,
    0xAC, 0x02, 0x54, 0xFA, 0x7F, 0x00, 0x00, 0x01, 0x00, 0xBD, 0x00, 0x00, 0x01, 0x7C, 0x05, 0x81,
    0x00, 0x03, 0x00, 0x8C, 0x40, 0x61, 0x03, 0x00, 0x00, 0x04, 0x05, 0x01, 0x03, 0x00, 0x12, 0x40,
    0x05, 0x01, 0x30, 0x05, 0x01, 0x20, 0x05, 0x01, 0x10, 0x05, 0x01, 0x00, 0x05, 0x01, 0x39, 0xF0,
    0x05, 0x01, 0xB0, 0x05, 0x01, 0xA0, 0x05, 0x01, 0x70, 0x05, 0x01, 0x60, 0x05, 0x01, 0x50, 0x05,
    0x01, 0x40, 0x05, 0x01, 0x00, 0x05, 0x01, 0xF0, 0x05, 0x01, 0xC0, 0x05, 0x01, 0xB0, 0x05, 0x01,
    0xA0, 0x05, 0x01, 0x50, 0x05, 0x01, 0x40, 0x05, 0x01, 0x10, 0x05, 0x01, 0x00, 0x05, 0x01, 0xF0,
    0x05, 0x01, 0xAF, 0x05, 0x01, 0x90, 0x05, 0x01, 0x70, 0x05, 0x01, 0x60, 0x05, 0x01, 0x50, 0x05,
    0x01, 0x40, 0x05, 0x01, 0x20, 0x05, 0x01, 0x5D, 0x5D, 0x5D, 0x5D, 0x5D, 0x5D, 0x5D, 0x5D, 0x71,
    0x71, 0x71, 0x71, 0x71, 0x71, 0x71, 0x71, 0x72, 0x72, 0x72, 0x72, 0x72, 0x72, 0x72, 0x72, 0x5E,
    0x5D, 0x5D, 0x5D, 0x5D, 0x5D, 0x00, 0x3F, 0x3F, 0x11, 0x12, 0x01, 0x39, 0x11, 0x33, 0x31, 0x30,
    0x33, 0x11, 0x33, 0x11, 0xBD, 0xBF, 0x05, 0x81, 0xFA, 0x7F, 0x00, 0x01, 0x00, 0x20, 0xFF, 0xEC,
    0x03, 0x68, 0x05, 0x81, 0x00, 0x10, 0x00, 0x46, 0x40, 0x2A, 0x03, 0x02, 0x09, 0x0E, 0x0E, 0x0B,
    0x02, 0x03, 0x11, 0x12, 0x0C, 0x0B, 0x5F, 0x59, 0x0C, 0x03, 0x00, 0x06, 0x5F, 0x59, 0x40, 0x03,
    0x01, 0x03, 0x03, 0x00, 0x13, 0x20, 0x12, 0x01, 0x60, 0x12, 0x01, 0x50, 0x12, 0x01, 0x40, 0x12,
    0x01, 0x20, 0x12, 0x01, 0x5D, 0x5D, 0x5D, 0x5D, 0x71, 0x00, 0x3F, 0x32, 0x2F, 0x5D, 0x2B, 0x00,
    0x18, 0x3F, 0x2B, 0x11, 0x12, 0x01, 0x17, 0x39, 0x11, 0x33, 0x11, 0x33, 0x31, 0x30, 0x05, 0x20,
    0x03, 0x37, 0x1E, 0x01, 0x33, 0x32, 0x36, 0x35, 0x11, 0x21, 0x35, 0x21, 0x11, 0x14, 0x06, 0x01,
    0xC9, 0xFE, 0x9A, 0x43, 0xBB, 0x12, 0x7E, 0x5F, 0x68, 0x78, 0xFE, 0xF1, 0x01, 0xCD, 0xDE, 0x14,
    0x01, 0x72, 0x1F, 0x74, 0x82, 0x8F, 0x8A, 0x03, 0x45, 0x9C, 0xFC, 0x23, 0xCD, 0xEB, 0x00, 0x01,
    0x00, 0xA8, 0x00, 0x00, 0x05, 0x3F, 0x05, 0x81, 0x00, 0x0B, 0x00, 0x34, 0x40, 0x1B, 0x00, 0x0B,
    0x08, 0x09, 0x07, 0x03, 0x03, 0x04, 0x0B, 0x09, 0x0A, 0x04, 0x04, 0x0C, 0x0D, 0x0A, 0x07, 0x01,
    0x02, 0x04, 0x04, 0x08, 0x05, 0x03, 0x00, 0x04, 0x12, 0x00, 0x3F, 0x33, 0x3F, 0x33, 0x12, 0x17,
    0x39, 0x11, 0x12, 0x01, 0x17, 0x39, 0x11, 0x33, 0x11, 0x33, 0x11, 0x33, 0x11, 0x33, 0x31, 0x30,
    0x21, 0x01, 0x07, 0x11, 0x23, 0x11, 0x33, 0x11, 0x01, 0x33, 0x09, 0x01, 0x04, 0x52, 0xFD, 0xCD,
    0xB8, 0xBF, 0xBF, 0x02, 0xA7, 0xE1, 0xFD, 0xA8, 0x02, 0xA8, 0x02, 0xA8, 0x8C, 0xFD, 0xE4, 0x05,
    0x81, 0xFD, 0x3E, 0x02, 0xC2, 0xFD, 0x9C, 0xFC, 0xE3, 0x00, 0x00, 0x01, 0x00, 0xA8, 0x00, 0x00,
    0x04, 0x2F, 0x05, 0x81, 0x00, 0x05, 0x00, 0x1F, 0x40, 0x0E, 0x03, 0x00, 0x00, 0x04, 0x06, 0x07,
    0x01, 0x03, 0x00, 0x03, 0x5F, 0x59, 0x00, 0x12, 0x00, 0x3F, 0x2B, 0x00, 0x18, 0x3F, 0x11, 0x12,
    0x01, 0x39, 0x39, 0x11, 0x33, 0x31, 0x30, 0x33, 0x11, 0x33, 0x11, 0x21, 0x15, 0xA8, 0xBF, 0x02,
    0xC8, 0x05, 0x81, 0xFB, 0x1B, 0x9C, 0x00, 0x01, 0x00, 0xA8, 0x00, 0x00, 0x06, 0x02, 0x05, 0x81,
    0x00, 0x1A, 0x01, 0x52, 0x40, 0xEF, 0x18, 0x00, 0x1A, 0x10, 0x0D, 0x0E, 0x1A, 0x0E, 0x1C, 0x1B,
    0x03, 0x0A, 0x18, 0x0A, 0x0F, 0x03, 0x00, 0x07, 0x14, 0x03, 0x0E, 0x12, 0x90, 0x1C, 0x01, 0x84,
    0x1C, 0x01, 0x70, 0x1C, 0x01, 0x64, 0x1C, 0x01, 0x44, 0x1C, 0x01, 0x34, 0x1C, 0x01, 0x20, 0x1C,
    0x01, 0x14, 0x1C, 0x01, 0xF4, 0x1C, 0x01, 0xD0, 0x1C, 0x01, 0xC4, 0x1C, 0x01, 0xA4, 0x1C, 0x01,
    0x84, 0x1C, 0x01, 0x74, 0x1C, 0x01, 0x60, 0x1C, 0x01, 0x54, 0x1C, 0x01, 0x34, 0x1C, 0x01, 0x10,
    0x1C, 0x01, 0x04, 0x1C, 0x01, 0x67, 0xE4, 0x1C, 0x01, 0xC4, 0x1C, 0x01, 0xB4, 0x1C, 0x01, 0x94,
    0x1C, 0x01, 0x74, 0x1C, 0x01, 0x50, 0x1C, 0x01, 0x44, 0x1C, 0x01, 0x24, 0x1C, 0x01, 0x04, 0x1C,
    0x01, 0xF4, 0x1C, 0x01, 0xD4, 0x1C, 0x01, 0xB4, 0x1C, 0x01, 0x84, 0x1C, 0x01, 0x64, 0x1C, 0x01,
    0x44, 0x1C, 0x01, 0x34, 0x1C, 0x01, 0x14, 0x1C, 0x01, 0xF4, 0x1C, 0x01, 0xC4, 0x1C, 0x01, 0xA4,
    0x1C, 0x01, 0x8B, 0x1C, 0x01, 0x74, 0x1C, 0x01, 0x54, 0x1C, 0x01, 0x34, 0x1C, 0x01, 0x04, 0x1C,
    0x01, 0x37, 0xE4, 0x1C, 0x01, 0xCB, 0x1C, 0x01, 0xB4, 0x1C, 0x01, 0x94, 0x1C, 0x01, 0x74, 0x1C,
    0x01, 0x44, 0x1C, 0x01, 0x24, 0x1C, 0x01, 0x0B, 0x1C, 0x01, 0xF4, 0x1C, 0x01, 0xD4, 0x1C, 0x01,
    0xBB, 0x1C, 0x01, 0x84, 0x1C, 0x01, 0x64, 0x1C, 0x01, 0x4B, 0x1C, 0x01, 0x34, 0x1C, 0x01, 0x14,
    0x1C, 0x01, 0xFB, 0x1C, 0x01, 0xE4, 0x1C, 0x01, 0xC4, 0x1C, 0x01, 0xA4, 0x1C, 0x01, 0x80, 0x1C,
    0x01, 0x02, 0x70, 0x1C, 0x01, 0x50, 0x1C, 0x01, 0x40, 0x1C, 0x01, 0x3F, 0x1C, 0x01, 0x20, 0x1C,
    0x01, 0x00, 0x1C, 0x01, 0x07, 0x5E, 0x5D, 0x5D, 0x5D, 0x5D, 0x5D, 0x5D, 0x5F, 0x5D, 0x5D, 0x5D,
    0x5D, 0x5D, 0x71, 0x71, 0x71, 0x71, 0x71, 0x71, 0x71, 0x71, 0x72, 0x72, 0x72, 0x72, 0x72, 0x72,
    0x72, 0x72, 0x5E, 0x5D, 0x5D, 0x5D, 0x5D, 0x5D, 0x5D, 0x5D, 0x5D, 0x71, 0x71, 0x71, 0x71, 0x71,
    0x71, 0x71, 0x71, 0x72, 0x72, 0x72, 0x72, 0x72, 0x72, 0x72, 0x72, 0x72, 0x5E, 0x5D, 0x5D, 0x5D,
    0x5D, 0x5D, 0x5D, 0x5D, 0x5D, 0x5D, 0x5D, 0x5D, 0x71, 0x71, 0x71, 0x71, 0x71, 0x71, 0x71, 0x71,
    0x00, 0x3F, 0x17, 0x33, 0x3F, 0x33, 0x33, 0x11, 0x33, 0x11, 0x12, 0x01, 0x39, 0x39, 0x11, 0x33,
    0x33, 0x11, 0x33, 0x33, 0x31, 0x30, 0x21, 0x11, 0x34, 0x37, 0x06, 0x07, 0x01, 0x23, 0x01, 0x2F,
    0x01, 0x1F, 0x01, 0x11, 0x23, 0x11, 0x33, 0x01, 0x1E, 0x01, 0x17, 0x3E, 0x01, 0x37, 0x01, 0x33,
    0x11, 0x05, 0x56, 0x09, 0x31, 0x27, 0xFE, 0x94, 0x86, 0xFE, 0x8F, 0x38, 0x21, 0x03, 0x04, 0xAA,
    0xFB, 0x01, 0x77, 0x14, 0x25, 0x06, 0x08, 0x33, 0x09, 0x01, 0x70, 0xF5, 0x03, 0xAC, 0x9C, 0x90,
    0xB3, 0x65, 0xFC, 0x40, 0x03, 0xC0, 0xAA, 0x6E, 0x6F, 0xBD, 0xFC, 0x54, 0x05, 0x81, 0xFC, 0x2F,
    0x3B, 0x87, 0x1E, 0x28, 0xA3, 0x15, 0x03, 0xD1, 0xFA, 0x7F, 0x00, 0x01, 0x00, 0xA8, 0x00, 0x00,
    0x05, 0x20, 0x05, 0x81, 0x00, 0x0D, 0x00, 0x50, 0x40, 0x2F, 0x00, 0x0A, 0x0A, 0x0D, 0x07, 0x04,
    0x04, 0x05, 0x0D, 0x05, 0x0F, 0x0E, 0x0B, 0x01, 0x06, 0x03, 0x08, 0x00, 0x05, 0x12, 0x20, 0x0F,
    0x01, 0xC0, 0x0F, 0x01, 0xB0, 0x0F, 0x01, 0xA0, 0x0F, 0x01, 0x80, 0x0F, 0x01, 0x70, 0x0F, 0x01,
    0x60, 0x0F, 0x01, 0x50, 0x0F, 0x01, 0x20, 0x0F, 0x01, 0x5D, 0x5D, 0x5D, 0x5D, 0x5D, 0x5D, 0x5D,
    0x5D, 0x71, 0x00, 0x3F, 0x33, 0x33, 0x3F, 0x33, 0x33, 0x11, 0x12, 0x01, 0x39, 0x39, 0x11, 0x33,
    0x11, 0x33, 0x11, 0x33, 0x11, 0x33, 0x31, 0x30, 0x21, 0x01, 0x1F, 0x01, 0x11, 0x23, 0x11, 0x33,
    0x01, 0x26, 0x35, 0x11, 0x33, 0x11, 0x04, 0x3A, 0xFD, 0x0E, 0x05, 0x05, 0xAA, 0xDE, 0x02, 0xFA,
    0x0C, 0xAC, 0x04, 0xB0, 0x61, 0xA7, 0xFC, 0x58, 0x05, 0x81, 0xFB, 0x48, 0xC4, 0x58, 0x03, 0x9C,
    0xFA, 0x7F, 0x00, 0x02, 0x00, 0x61, 0xFF, 0xEC, 0x05, 0xD7, 0x05, 0x96, 0x00, 0x0E, 0x00, 0x1A,
    0x00, 0x30, 0x40, 0x1A, 0x15, 0x08, 0x0F, 0x00, 0x08, 0x00, 0x1B, 0x1C, 0x0B, 0x12, 0x5F, 0x59,
    0x0B, 0x04, 0x04, 0x18, 0x5F, 0x59, 0x04, 0x13, 0x80, 0x1C, 0x01, 0x20, 0x1C, 0x01, 0x5D, 0x5D,
    0x00, 0x3F, 0x2B, 0x00, 0x18, 0x3F, 0x2B, 0x11, 0x12, 0x01, 0x39, 0x39, 0x11, 0x33, 0x11, 0x33,
    0x31, 0x30, 0x01, 0x14, 0x02, 0x04, 0x23, 0x22, 0x24, 0x02, 0x35, 0x10, 0x00, 0x21, 0x32, 0x04,
    0x12, 0x07, 0x10, 0x00, 0x23, 0x22, 0x00, 0x11, 0x10, 0x00, 0x33, 0x32, 0x00, 0x05, 0xD7, 0xA9,
    0xFE, 0xC4, 0xD7, 0xD9, 0xFE, 0xC5, 0xA6, 0x01, 0x72, 0x01, 0x4A, 0xD7, 0x01, 0x3C, 0xA7, 0xC3,
    0xFE, 0xF9, 0xF0, 0xF2, 0xFE, 0xF8, 0x01, 0x0B, 0xED, 0xF4, 0x01, 0x05, 0x02, 0xC7, 0xDD, 0xFE,
    0xB4, 0xB2, 0xB0, 0x01, 0x4D, 0xDE, 0x01, 0x52, 0x01, 0x7D, 0xAB, 0xFE, 0xBA, 0xDE, 0x01, 0x07,
    0x01, 0x2C, 0xFE, 0xD8, 0xFE, 0xF5, 0xFE, 0xF7, 0xFE, 0xC9, 0x01, 0x2D, 0x00, 0x02, 0x00, 0xA8,
    0x00, 0x00, 0x04, 0xEA, 0x05, 0x81, 0x00, 0x0A, 0x00, 0x11, 0x00, 0x3C, 0x40, 0x20, 0x0F, 0x05,
    0x05, 0x06, 0x0B, 0x00, 0x06, 0x00, 0x12, 0x13, 0x0F, 0x04, 0x5F, 0x59, 0x0F, 0x0F, 0x05, 0x07,
    0x07, 0x0E, 0x5F, 0x59, 0x07, 0x03, 0x05, 0x12, 0x20, 0x13, 0x01, 0x20, 0x13, 0x01, 0x5D, 0x71,
    0x00, 0x3F, 0x3F, 0x2B, 0x11, 0x12, 0x00, 0x39, 0x18, 0x2F, 0x2B, 0x11, 0x12, 0x01, 0x39, 0x39,
    0x11, 0x33, 0x11, 0x33, 0x11, 0x33, 0x31, 0x30, 0x01, 0x14, 0x04, 0x23, 0x21, 0x11, 0x23, 0x11,
    0x21, 0x32, 0x04, 0x07, 0x10, 0x29, 0x01, 0x11, 0x21, 0x20, 0x04, 0xEA, 0xFE, 0xFB, 0xE0, 0xFE,
    0x62, 0xBF, 0x02, 0x51, 0xED, 0x01, 0x04, 0xC0, 0xFE, 0xB8, 0xFE, 0x85, 0x01, 0x83, 0x01, 0x40,
    0x03, 0xD9, 0xC8, 0xEC, 0xFD, 0xDB, 0x05, 0x81, 0xDE, 0xCC, 0x01, 0x11, 0xFD, 0xD4, 0x00, 0x02,
    0x00, 0x61, 0xFE, 0x7D, 0x05, 0xD7, 0x05, 0x96, 0x00, 0x18, 0x00, 0x24, 0x00, 0x3F, 0x40, 0x24,
    0x1F, 0x12, 0x19, 0x00, 0x00, 0x08, 0x03, 0x0E, 0x12, 0x05, 0x25, 0x26, 0x15, 0x1C, 0x5F, 0x59,
    0x15, 0x04, 0x0E, 0x22, 0x5F, 0x59, 0x03, 0x0E, 0x13, 0x0B, 0x06, 0x5F, 0x59, 0x0B, 0x80, 0x26,
    0x01, 0x20, 0x26, 0x01, 0x5D, 0x5D, 0x00, 0x2F, 0x2B, 0x00, 0x18, 0x3F, 0x33, 0x2B, 0x00, 0x18,
    0x3F, 0x2B, 0x11, 0x12, 0x01, 0x17, 0x39, 0x11, 0x33, 0x11, 0x33, 0x31, 0x30, 0x01, 0x10, 0x00,
    0x05, 0x1E, 0x01, 0x33, 0x32, 0x37, 0x15, 0x06, 0x23, 0x22, 0x26, 0x27, 0x26, 0x24, 0x02, 0x35,
    0x10, 0x00, 0x21, 0x32, 0x04, 0x12, 0x07, 0x10, 0x00, 0x23, 0x22, 0x00, 0x11, 0x10, 0x00, 0x33,
    0x32, 0x00, 0x05, 0xD7, 0xFE, 0xD4, 0xFE, 0xF5, 0x29, 0x85, 0x66, 0x37, 0x3C, 0x5D, 0x55, 0x97,
    0xC3, 0x3E, 0xC6, 0xFE, 0xE1, 0x97, 0x01, 0x72, 0x01, 0x4A, 0xD7, 0x01, 0x3C, 0xA7, 0xC3, 0xFE,
    0xF9, 0xF0, 0xF2, 0xFE, 0xF8, 0x01, 0x0B, 0xED, 0xF4, 0x01, 0x05, 0x02, 0xC7, 0xFE, 0xD6, 0xFE,
    0x80, 0x23, 0x7E, 0x70, 0x0D, 0x86, 0x16, 0xAB, 0xC8, 0x0A, 0xB5, 0x01, 0x43, 0xD5, 0x01, 0x52,
    0x01, 0x7D, 0xAB, 0xFE, 0xBA, 0xDE, 0x01, 0x07, 0x01, 0x2C, 0xFE, 0xD8, 0xFE, 0xF5, 0xFE, 0xF7,
    0xFE, 0xC9, 0x01, 0x2D, 0x00, 0x02, 0x00, 0xA8, 0x00, 0x00, 0x05, 0x68, 0x05, 0x81, 0x00, 0x0D,
    0x00, 0x16, 0x00, 0x57, 0x40, 0x2F, 0x01, 0x0C, 0x0C, 0x13, 0x09, 0x13, 0x03, 0x03, 0x04, 0x0E,
    0x09, 0x00, 0x0D, 0x0D, 0x09, 0x04, 0x03, 0x17, 0x18, 0x0C, 0x02, 0x13, 0x02, 0x5F, 0x59, 0x13,
    0x13, 0x00, 0x05, 0x05, 0x12, 0x5F, 0x59, 0x05, 0x03, 0x04, 0x00, 0x12, 0x80, 0x18, 0x01, 0x70,
    0x18, 0x01, 0x20, 0x18, 0x01, 0x5D, 0x5D, 0x5D, 0x00, 0x3F, 0x32, 0x3F, 0x2B, 0x11, 0x12, 0x00,
    0x39, 0x18, 0x2F, 0x2B, 0x11, 0x00, 0x33, 0x11, 0x12, 0x01, 0x17, 0x39, 0x11, 0x33, 0x11, 0x33,
    0x11, 0x33, 0x11, 0x33, 0x11, 0x12, 0x39, 0x11, 0x33, 0x31, 0x30, 0x21, 0x01, 0x21, 0x11, 0x23,
    0x11, 0x21, 0x32, 0x04, 0x15, 0x14, 0x06, 0x07, 0x01, 0x03, 0x34, 0x26, 0x23, 0x21, 0x11, 0x21,
    0x32, 0x36, 0x04, 0x8C, 0xFE, 0x92, 0xFE, 0x49, 0xBF, 0x02, 0x97, 0xEE, 0x01, 0x03, 0xB7, 0xA1,
    0x01, 0x90, 0xF8, 0xA7, 0x9D, 0xFE, 0x3B, 0x01, 0xCD, 0x97, 0xA5, 0x02, 0x49, 0xFD, 0xB7, 0x05,
    0x81, 0xD5, 0xBE, 0x9D, 0xD6, 0x1C, 0xFD, 0xA1, 0x03, 0xEC, 0x7B, 0x81, 0xFD, 0xF8, 0x8D, 0x00,
    0x00, 0x01, 0x00, 0x5D, 0xFF, 0xEC, 0x04, 0xF8, 0x05, 0x96, 0x00, 0x2D, 0x00, 0x8E, 0x40, 0x1F,
    0x0C, 0x00, 0x1D, 0x1C, 0x23, 0x16, 0x06, 0x05, 0x05, 0x16, 0x1C, 0x00, 0x04, 0x2F, 0x2E, 0x0C,
    0x10, 0x13, 0x16, 0x48, 0x49, 0x0C, 0x59, 0x0C, 0x69, 0x0C, 0x03, 0x0F, 0x0C, 0x01, 0x23, 0xB8,
    0xFF, 0xF0, 0x40, 0x39, 0x13, 0x16, 0x48, 0x46, 0x23, 0x56, 0x23, 0x66, 0x23, 0x03, 0x0D, 0x23,
    0x01, 0x0C, 0x04, 0x0C, 0x23, 0x03, 0x19, 0x19, 0x20, 0x5F, 0x59, 0x6F, 0x1D, 0x01, 0x59, 0x1D,
    0x01, 0x4B, 0x1D, 0x01, 0x03, 0x00, 0x1D, 0x01, 0x09, 0x05, 0x1D, 0x19, 0x04, 0x03, 0x09, 0x5F,
    0x59, 0x60, 0x06, 0x01, 0x52, 0x06, 0x01, 0x44, 0x06, 0x01, 0x06, 0x03, 0x13, 0x00, 0x3F, 0x33,
    0x5D, 0x5D, 0x5D, 0x2B, 0x00, 0x18, 0x3F, 0x33, 0x5F, 0x5E, 0x5D, 0x5F, 0x5D, 0x5D, 0x5D, 0x2B,
    0x11, 0x12, 0x00, 0x39, 0x39, 0x5F, 0x5E, 0x5D, 0x5D, 0x2B, 0x5D, 0x5D, 0x2B, 0x11, 0x12, 0x01,
    0x17, 0x39, 0x11, 0x33, 0x11, 0x33, 0x11, 0x33, 0x11, 0x33, 0x31, 0x30, 0x01, 0x14, 0x04, 0x21,
    0x20, 0x03, 0x37, 0x1E, 0x01, 0x33, 0x32, 0x36, 0x35, 0x34, 0x2E, 0x02, 0x27, 0x2E, 0x03, 0x35,
    0x34, 0x24, 0x21, 0x32, 0x16, 0x17, 0x07, 0x2E, 0x01, 0x23, 0x22, 0x06, 0x15, 0x14, 0x1E, 0x01,
    0x17, 0x1E, 0x05, 0x04, 0xF8, 0xFE, 0xCF, 0xFE, 0xEB, 0xFD, 0xFD, 0x52, 0xB9, 0x20, 0xD0, 0xB3,
    0xB9, 0xC9, 0x3F, 0x72, 0x9E, 0x60, 0xA7, 0xAD, 0x64, 0x35, 0x01, 0x15, 0x01, 0x02, 0xF0, 0xFE,
    0x33, 0xBC, 0x1F, 0xAE, 0x9A, 0xA9, 0xB2, 0x45, 0x82, 0xC2, 0x41, 0x81, 0x76, 0x67, 0x4C, 0x2B,
    0x01, 0x85, 0xC3, 0xD6, 0x01, 0x66, 0x25, 0x7F, 0x77, 0x7F, 0x7B, 0x45, 0x56, 0x38, 0x26, 0x16,
    0x25, 0x4A, 0x5B, 0x7A, 0x4F, 0xB5, 0xC4, 0x93, 0xB1, 0x21, 0x70, 0x65, 0x70, 0x6F, 0x41, 0x55,
    0x3B, 0x2B, 0x0F, 0x1F, 0x2B, 0x3A, 0x54, 0x72, 0x00, 0x01, 0x00, 0x2E, 0x00, 0x00, 0x04, 0xB4,
    0x05, 0x81, 0x00, 0x07, 0x01, 0x30, 0x40, 0xD9, 0x01, 0x02, 0x04, 0x02, 0x07, 0x03, 0x09, 0x08,
    0x00, 0x04, 0x05, 0x04, 0x5F, 0x59, 0x05, 0x03, 0x01, 0x12, 0x7B, 0x09, 0x01, 0x4B, 0x09, 0x01,
    0x3B, 0x09, 0x01, 0x24, 0x09, 0x01, 0xFB, 0x09, 0x01, 0xCB, 0x09, 0x01, 0xBB, 0x09, 0x01, 0x9B,
    0x09, 0x01, 0x8B, 0x09, 0x01, 0x7F, 0x09, 0x01, 0x02, 0x5F, 0x09, 0x01, 0x4F, 0x09, 0x01, 0x30,
    0x09, 0x01, 0x0F, 0x09, 0x01, 0x67, 0xDF, 0x09, 0x01, 0xCF, 0x09, 0x01, 0xB0, 0x09, 0x01, 0x8F,
    0x09, 0x01, 0x5F, 0x09, 0x01, 0x4F, 0x09, 0x01, 0x0F, 0x09, 0x01, 0xF0, 0x09, 0x01, 0xDF, 0x09,
    0x01, 0xCF, 0x09, 0x01, 0xAF, 0x09, 0x01, 0x9F, 0x09, 0x01, 0x70, 0x09, 0x01, 0x5F, 0x09, 0x01,
    0x40, 0x09, 0x01, 0x1F, 0x09, 0x01, 0xEF, 0x09, 0x01, 0xDF, 0x09, 0x01, 0x9F, 0x09, 0x01, 0x6F,
    0x09, 0x01, 0x5F, 0x09, 0x01, 0x3F, 0x09, 0x01, 0x1F, 0x09, 0x01, 0x00, 0x09, 0x01, 0x37, 0xEF,
    0x09, 0x01, 0xD0, 0x09, 0x01, 0x90, 0x09, 0x01, 0x80, 0x09, 0x01, 0x6F, 0x09, 0x01, 0x50, 0x09,
    0x01, 0x2F, 0x09, 0x01, 0x00, 0x09, 0x01, 0xD0, 0x09, 0x01, 0xAF, 0x09, 0x01, 0x90, 0x09, 0x01,
    0x7F, 0x09, 0x01, 0x6F, 0x09, 0x01, 0x50, 0x09, 0x01, 0x40, 0x09, 0x01, 0x20, 0x09, 0x01, 0x10,
    0x09, 0x01, 0xFF, 0x09, 0x01, 0xE0, 0x09, 0x01, 0xBF, 0x09, 0x01, 0xA0, 0x09, 0x01, 0x90, 0x09,
    0x01, 0x60, 0x09, 0x01, 0x40, 0x09, 0x01, 0x3F, 0x09, 0x01, 0x20, 0x09, 0x01, 0x0F, 0x09, 0x01,
    0x07, 0x5E, 0x5D, 0x5D, 0x5D, 0x5D, 0x5D, 0x5D, 0x5D, 0x5D, 0x5D, 0x5D, 0x71, 0x71, 0x71, 0x71,
    0x71, 0x71, 0x71, 0x71, 0x71, 0x72, 0x72, 0x72, 0x72, 0x72, 0x72, 0x72, 0x72, 0x5E, 0x5D, 0x5D,
    0x5D, 0x5D, 0x5D, 0x5D, 0x5D, 0x5D, 0x71, 0x71, 0x71, 0x71, 0x71, 0x71, 0x71, 0x71, 0x71, 0x72,
    0x72, 0x72, 0x72, 0x72, 0x72, 0x72, 0x5E, 0x5D, 0x5D, 0x5D, 0x5D, 0x5F, 0x5D, 0x5D, 0x5D, 0x5D,
    0x5D, 0x5D, 0x71, 0x71, 0x71, 0x71, 0x00, 0x3F, 0x3F, 0x2B, 0x11, 0x00, 0x33, 0x11, 0x12, 0x01,
    0x17, 0x39, 0x11, 0x33, 0x31, 0x30, 0x01, 0x11, 0x23, 0x11, 0x21, 0x35, 0x21, 0x15, 0x02, 0xD0,
    0xBE, 0xFE, 0x1C, 0x04, 0x86, 0x04, 0xE5, 0xFB, 0x1B, 0x04, 0xE5, 0x9C, 0x9C, 0x00, 0x00, 0x01,
    0x00, 0x9E, 0xFF, 0xEC, 0x05, 0x29, 0x05, 0x81, 0x00, 0x13, 0x00, 0x49, 0x40, 0x2C, 0x0D, 0x10,
    0x07, 0x04, 0x10, 0x04, 0x15, 0x14, 0x0E, 0x05, 0x03, 0x00, 0x0A, 0x5F, 0x59, 0x00, 0x13, 0x20,
    0x15, 0x01, 0xC0, 0x15, 0x01, 0xB0, 0x15, 0x01, 0xA0, 0x15, 0x01, 0x80, 0x15, 0x01, 0x70, 0x15,
    0x01, 0x60, 0x15, 0x01, 0x50, 0x15, 0x01, 0x20, 0x15, 0x01, 0x5D, 0x5D, 0x5D, 0x5D, 0x5D, 0x5D,
    0x5D, 0x5D, 0x71, 0x00, 0x3F, 0x2B, 0x00, 0x18, 0x3F, 0x33, 0x11, 0x12, 0x01, 0x39, 0x39, 0x11,
    0x33, 0x11, 0x33, 0x31, 0x30, 0x05, 0x22, 0x24, 0x26, 0x35, 0x11, 0x33, 0x11, 0x14, 0x16, 0x33,
    0x32, 0x36, 0x35, 0x11, 0x33, 0x11, 0x14, 0x06, 0x04, 0x02, 0xDB, 0xAD, 0xFE, 0xFE, 0x8E, 0xBF,
    0xC4, 0xB9, 0xBE, 0xD3, 0xBE, 0x91, 0xFE, 0xF7, 0x14, 0x7E, 0xF0, 0xA6, 0x03, 0x81, 0xFC, 0x8F,
    0xC1, 0xC8, 0xCF, 0xC7, 0x03, 0x64, 0xFC, 0x91, 0xAB, 0xF8, 0x83, 0x00, 0x00, 0x01, 0x00, 0x09,
    0x00, 0x00, 0x05, 0x4D, 0x05, 0x81, 0x00, 0x08, 0x00, 0x3E, 0x40, 0x26, 0x07, 0x08, 0x01, 0x00,
    0x05, 0x03, 0x02, 0x02, 0x05, 0x08, 0x03, 0x0A, 0x09, 0x20, 0x0A, 0x50, 0x0A, 0x02, 0x30, 0x0A,
    0x60, 0x0A, 0x90, 0x0A, 0xC0, 0x0A, 0xF0, 0x0A, 0x05, 0x2F, 0x0A, 0x01, 0x07, 0x02, 0x03, 0x05,
    0x01, 0x12, 0x00, 0x3F, 0x33, 0x3F, 0x33, 0x01, 0x5D, 0x5D, 0x71, 0x11, 0x12, 0x17, 0x39, 0x11,
    0x33, 0x11, 0x33, 0x33, 0x11, 0x33, 0x31, 0x30, 0x21, 0x23, 0x01, 0x33, 0x01, 0x17, 0x37, 0x01,
    0x33, 0x03, 0x0E, 0xC6, 0xFD, 0xC1, 0xC9, 0x01, 0x86, 0x54, 0x54, 0x01, 0x84, 0xC9, 0x05, 0x81,
    0xFC, 0x20, 0xF9, 0xF9, 0x03, 0xE0, 0x00, 0x01, 0x00, 0x09, 0x00, 0x00, 0x07, 0x86, 0x05, 0x81,
    0x00, 0x19, 0x01, 0xFC, 0x40, 0xFF, 0x18, 0x19, 0x08, 0x01, 0x01, 0x01, 0x00, 0x14, 0x07, 0x11,
    0x01, 0x08, 0x10, 0x01, 0x11, 0x10, 0x04, 0x08, 0x07, 0x07, 0x01, 0x0B, 0x03, 0x07, 0x0D, 0x0A,
    0x09, 0x09, 0x0D, 0x04, 0x14, 0x19, 0x05, 0x1B, 0x1A, 0x8B, 0x1B, 0x01, 0x1B, 0xC0, 0x7C, 0x7F,
    0x48, 0x39, 0x1B, 0x01, 0x2A, 0x1B, 0x01, 0x19, 0x1B, 0x01, 0x0A, 0x1B, 0x01, 0xF9, 0x1B, 0x01,
    0xEA, 0x1B, 0x01, 0xD9, 0x1B, 0x01, 0xCA, 0x1B, 0x01, 0xB8, 0x1B, 0x01, 0x89, 0x1B, 0x99, 0x1B,
    0xA9, 0x1B, 0x03, 0x78, 0x1B, 0x01, 0x69, 0x1B, 0x01, 0x3A, 0x1B, 0x4A, 0x1B, 0x5A, 0x1B, 0x03,
    0x29, 0x1B, 0x01, 0x1A, 0x1B, 0x01, 0x0C, 0x1B, 0x01, 0x68, 0xFD, 0x1B, 0x01, 0xEC, 0x1B, 0x01,
    0xDD, 0x1B, 0x01, 0xCC, 0x1B, 0x01, 0xBD, 0x1B, 0x01, 0xAB, 0x1B, 0x01, 0x9C, 0x1B, 0x01, 0x8B,
    0x1B, 0x01, 0x7C, 0x1B, 0x01, 0x6B, 0x1B, 0x01, 0x5C, 0x1B, 0x01, 0x4B, 0x1B, 0x01, 0x3C, 0x1B,
    0x01, 0x2B, 0x1B, 0x01, 0x1C, 0x1B, 0x01, 0x0B, 0x1B, 0x01, 0xFC, 0x1B, 0x01, 0xEB, 0x1B, 0x01,
    0xDC, 0x1B, 0x01, 0xCB, 0x1B, 0x01, 0xBC, 0x1B, 0x01, 0xAB, 0x1B, 0x01, 0x9C, 0x1B, 0x01, 0x00,
    0x8D, 0x1B, 0x01, 0x7F, 0x1B, 0x01, 0x6D, 0x1B, 0x01, 0x5F, 0x1B, 0x01, 0x4D, 0x1B, 0x01, 0x2F,
    0x1B, 0x3F, 0x1B, 0x02, 0x1D, 0x1B, 0x01, 0x0F, 0x1B, 0x01, 0xFD, 0x1B, 0x01, 0xEF, 0x1B, 0x01,
    0xDD, 0x1B, 0x01, 0xCF, 0x1B, 0x01, 0xBD, 0x1B, 0x01, 0xAF, 0x1B, 0x01, 0x9D, 0x1B, 0x01, 0x8F,
    0x1B, 0x01, 0x6D, 0x1B, 0x7D, 0x1B, 0x02, 0x5B, 0x1B, 0x01, 0x4D, 0x1B, 0x01, 0x3B, 0x1B, 0x01,
    0x2D, 0x1B, 0x01, 0x1B, 0x1B, 0x01, 0x0D, 0x1B, 0x01, 0x38, 0xFB, 0x1B, 0x01, 0xED, 0x1B, 0x01,
    0xDB, 0x1B, 0x01, 0xCD, 0x1B, 0x40, 0x6F, 0x01, 0xBB, 0x1B, 0x01, 0xAD, 0x1B, 0x01, 0x9B, 0x1B,
    0x01, 0x8D, 0x1B, 0x01, 0x7B, 0x1B, 0x01, 0x6D, 0x1B, 0x01, 0x4B, 0x1B, 0x5B, 0x1B, 0x02, 0x39,
    0x1B, 0x01, 0x2B, 0x1B, 0x01, 0x19, 0x1B, 0x01, 0x0B, 0x1B, 0x01, 0xF9, 0x1B, 0x01, 0xEB, 0x1B,
    0x01, 0xDD, 0x1B, 0x01, 0xCB, 0x1B, 0x01, 0xBD, 0x1B, 0x01, 0xAB, 0x1B, 0x01, 0x9D, 0x1B, 0x01,
    0x8B, 0x1B, 0x01, 0x7D, 0x1B, 0x01, 0x6B, 0x1B, 0x01, 0x5D, 0x1B, 0x01, 0x4B, 0x1B, 0x01, 0x3D,
    0x1B, 0x01, 0x01, 0x2B, 0x1B, 0x01, 0x1F, 0x1B, 0x01, 0x02, 0x5F, 0x1B, 0x7F, 0x1B, 0x9F, 0x1B,
    0xBF, 0x1B, 0xDF, 0x1B, 0xFF, 0x1B, 0x06, 0x00, 0x1B, 0x01, 0x08, 0x18, 0x10, 0x04, 0x09, 0x03,
    0x14, 0x0D, 0x0D, 0x01, 0x08, 0x12, 0x00, 0x3F, 0x33, 0x33, 0x11, 0x33, 0x3F, 0x33, 0x33, 0x33,
    0x01, 0x5E, 0x5D, 0x5D, 0x5F, 0x71, 0x71, 0x5F, 0x71, 0x71, 0x71, 0x71, 0x71, 0x71, 0x71, 0x71,
    0x71, 0x71, 0x71, 0x71, 0x71, 0x72, 0x72, 0x72, 0x72, 0x72, 0x72, 0x72, 0x72, 0x72, 0x72, 0x72,
    0x72, 0x72, 0x72, 0x72, 0x5E, 0x5D, 0x5D, 0x5D, 0x5D, 0x5D, 0x5D, 0x5D, 0x5D, 0x5D, 0x5D, 0x5D,
    0x5D, 0x5D, 0x5D, 0x5D, 0x71, 0x71, 0x71, 0x71, 0x71, 0x71, 0x71, 0x71, 0x5F, 0x71, 0x71, 0x71,
    0x71, 0x71, 0x71, 0x71, 0x72, 0x72, 0x72, 0x72, 0x72, 0x72, 0x72, 0x72, 0x72, 0x72, 0x72, 0x72,
    0x72, 0x72, 0x72, 0x72, 0x5E, 0x5D, 0x5D, 0x5D, 0x5D, 0x5D, 0x5D, 0x5D, 0x5D, 0x5D, 0x5D, 0x5D,
    0x5D, 0x71, 0x71, 0x71, 0x71, 0x2B, 0x71, 0x11, 0x12, 0x17, 0x39, 0x11, 0x33, 0x11, 0x33, 0x5F,
    0x5E, 0x5D, 0x33, 0x11, 0x33, 0x33, 0x5D, 0x5D, 0x11, 0x33, 0x33, 0x5D, 0x11, 0x33, 0x31, 0x30,
    0x21, 0x23, 0x03, 0x26, 0x27, 0x0E, 0x01, 0x03, 0x23, 0x01, 0x33, 0x13, 0x16, 0x17, 0x36, 0x12,
    0x13, 0x33, 0x13, 0x16, 0x17, 0x37, 0x3E, 0x01, 0x01, 0x33, 0x05, 0xE7, 0xE4, 0xF4, 0x18, 0x2E,
    0x1A, 0x24, 0xFF, 0xE4, 0xFE, 0x61, 0xC7, 0xFD, 0x2D, 0x26, 0x18, 0x3F, 0xF6, 0xB7, 0xF5, 0x38,
    0x20, 0x09, 0x1B, 0x22, 0x01, 0x08, 0xC7, 0x03, 0x7F, 0x54, 0xD9, 0x74, 0x9C, 0xFC, 0x64, 0x05,
    0x81, 0xFC, 0x81, 0xA8, 0xB2, 0x6E, 0x01, 0x04, 0x03, 0x67, 0xFC, 0x93, 0xD7, 0x95, 0x23, 0x73,
    0x91, 0x03, 0xB2, 0x00, 0x00, 0x01, 0x00, 0x2E, 0x00, 0x00, 0x05, 0x2B, 0x05, 0x81, 0x00, 0x0B,
    0x01, 0x08, 0x40, 0xC5, 0x08, 0x09, 0x06, 0x05, 0x02, 0x03, 0x00, 0x0B, 0x03, 0x05, 0x04, 0x0A,
    0x09, 0x0B, 0x06, 0x0D, 0x0C, 0x1B, 0x0D, 0x4B, 0x0D, 0x02, 0x8B, 0x0D, 0xBB, 0x0D, 0xEB, 0x0D,
    0x03, 0x04, 0x0D, 0x14, 0x0D, 0x34, 0x0D, 0x44, 0x0D, 0x04, 0x6A, 0x54, 0x0D, 0x64, 0x0D, 0x84,
    0x0D, 0x94, 0x0D, 0xB4, 0x0D, 0xC4, 0x0D, 0xE4, 0x0D, 0xF4, 0x0D, 0x08, 0x3B, 0x0D, 0x01, 0x24,
    0x0D, 0x01, 0x0B, 0x0D, 0x01, 0xF4, 0x0D, 0x01, 0xDB, 0x0D, 0x01, 0xC4, 0x0D, 0x01, 0xAB, 0x0D,
    0x01, 0x94, 0x0D, 0x01, 0x7B, 0x0D, 0x01, 0x64, 0x0D, 0x01, 0x30, 0x0D, 0x01, 0x24, 0x0D, 0x01,
    0x00, 0x0D, 0x01, 0xF4, 0x0D, 0x01, 0xD0, 0x0D, 0x01, 0xC4, 0x0D, 0x01, 0xA0, 0x0D, 0x01, 0x94,
    0x0D, 0x01, 0x70, 0x0D, 0x01, 0x64, 0x0D, 0x01, 0x40, 0x0D, 0x01, 0x34, 0x0D, 0x01, 0x10, 0x0D,
    0x01, 0x04, 0x0D, 0x01, 0x39, 0xE0, 0x0D, 0x01, 0xD4, 0x0D, 0x01, 0xB0, 0x0D, 0x01, 0xA4, 0x0D,
    0x01, 0x80, 0x0D, 0x01, 0x14, 0x0D, 0x44, 0x0D, 0x74, 0x0D, 0x03, 0x24, 0x0D, 0x54, 0x0D, 0x84,
    0x0D, 0xB4, 0x0D, 0xE4, 0x0D, 0x05, 0x54, 0x0D, 0x64, 0x0D, 0x94, 0x0D, 0xF4, 0x0D, 0x04, 0x40,
    0x0D, 0x01, 0x02, 0x00, 0x0D, 0x30, 0x0D, 0x02, 0x77, 0x07, 0x01, 0x78, 0x01, 0x01, 0x01, 0x04,
    0x0A, 0x07, 0x04, 0x08, 0x05, 0x03, 0x03, 0x00, 0x12, 0x00, 0x3F, 0x32, 0x3F, 0x33, 0x17, 0x39,
    0x5D, 0x5D, 0x01, 0x5D, 0x5F, 0x5D, 0x5D, 0x71, 0x72, 0x72, 0x72, 0x72, 0x72, 0x72, 0x5E, 0x5D,
    0x5D, 0x5D, 0x5D, 0x5D, 0x5D, 0x5D, 0x5D, 0x5D, 0x5D, 0x5D, 0x71, 0x71, 0x71, 0x71, 0x71, 0x71,
    0x71, 0x71, 0x71, 0x71, 0x72, 0x72, 0x72, 0x72, 0x5E, 0x5D, 0x5D, 0x71, 0x11, 0x12, 0x17, 0x39,
    0x11, 0x33, 0x11, 0x33, 0x11, 0x33, 0x11, 0x33, 0x31, 0x30, 0x21, 0x09, 0x01, 0x23, 0x09, 0x01,
    0x33, 0x09, 0x01, 0x33, 0x09, 0x01, 0x04, 0x58, 0xFE, 0x59, 0xFE, 0x50, 0xD3, 0x02, 0x18, 0xFE,
    0x11, 0xD3, 0x01, 0x88, 0x01, 0x7D, 0xD3, 0xFE, 0x1E, 0x02, 0x0B, 0x02, 0x68, 0xFD, 0x98, 0x02,
    0xDC, 0x02, 0xA5, 0xFD, 0xD7, 0x02, 0x29, 0xFD, 0x62, 0xFD, 0x1D, 0x00, 0x00, 0x01, 0x00, 0x2D,
    0x00, 0x00, 0x05, 0x29, 0x05, 0x81, 0x00, 0x08, 0x01, 0xB0, 0x40, 0xFF, 0x06, 0x01, 0x01, 0x02,
    0x02, 0x04, 0x07, 0x08, 0x05, 0x04, 0x08, 0x04, 0x0A, 0x09, 0x06, 0x00, 0x03, 0x08, 0x03, 0x18,
    0x03, 0x48, 0x03, 0x03, 0x0C, 0x03, 0x01, 0x08, 0x04, 0x03, 0x01, 0x12, 0x76, 0x0A, 0x01, 0x62,
    0x0A, 0x01, 0x54, 0x0A, 0x01, 0x46, 0x0A, 0x01, 0x36, 0x0A, 0x01, 0x24, 0x0A, 0x01, 0x16, 0x0A,
    0x01, 0x04, 0x0A, 0x01, 0xF2, 0x0A, 0x01, 0x01, 0xE0, 0x0A, 0x01, 0xD0, 0x0A, 0x01, 0xC4, 0x0A,
    0x01, 0xB0, 0x0A, 0x01, 0xA0, 0x0A, 0x01, 0x94, 0x0A, 0x01, 0x70, 0x0A, 0x01, 0x64, 0x0A, 0x01,
    0x40, 0x0A, 0x01, 0x34, 0x0A, 0x01, 0x24, 0x0A, 0x01, 0x14, 0x0A, 0x01, 0x00, 0x0A, 0x01, 0x69,
    0xF4, 0x0A, 0x01, 0xE4, 0x0A, 0x01, 0xD0, 0x0A, 0x01, 0xC4, 0x0A, 0x01, 0xB4, 0x0A, 0x01, 0xA4,
    0x0A, 0x01, 0x90, 0x0A, 0x01, 0x80, 0x0A, 0x01, 0x74, 0x0A, 0x01, 0x60, 0x0A, 0x01, 0x50, 0x0A,
    0x01, 0x44, 0x0A, 0x01, 0x20, 0x0A, 0x01, 0x14, 0x0A, 0x01, 0x04, 0x0A, 0x01, 0xF4, 0x0A, 0x01,
    0xE0, 0x0A, 0x01, 0xD4, 0x0A, 0x01, 0xC4, 0x0A, 0x01, 0xB0, 0x0A, 0x01, 0xA4, 0x0A, 0x01, 0x94,
    0x0A, 0x01, 0x74, 0x0A, 0x01, 0x64, 0x0A, 0x01, 0x54, 0x0A, 0x01, 0x40, 0x0A, 0x01, 0x30, 0x0A,
    0x01, 0x24, 0x0A, 0x01, 0x00, 0x0A, 0x01, 0xF4, 0x0A, 0x01, 0xC4, 0x0A, 0x01, 0x90, 0x0A, 0x01,
    0x84, 0x0A, 0x01, 0x74, 0x0A, 0x01, 0x54, 0x0A, 0x01, 0x44, 0x0A, 0x01, 0x24, 0x0A, 0x01, 0x14,
    0x0A, 0x01, 0x04, 0x0A, 0x01, 0x39, 0xE0, 0x0A, 0x01, 0xD4, 0x0A, 0x01, 0xA4, 0x0A, 0x01, 0x84,
    0x0A, 0x01, 0x70, 0x0A, 0x01, 0x64, 0x0A, 0x01, 0x54, 0x0A, 0x01, 0x34, 0x0A, 0x01, 0x24, 0x0A,
    0x01, 0x04, 0x0A, 0x01, 0xF4, 0x0A, 0x01, 0xE4, 0x0A, 0x01, 0xC0, 0x40, 0x33, 0x0A, 0x01, 0xB4,
    0x0A, 0x01, 0x90, 0x0A, 0x01, 0x84, 0x0A, 0x01, 0x54, 0x0A, 0x01, 0x34, 0x0A, 0x01, 0x14, 0x0A,
    0x01, 0x04, 0x0A, 0x01, 0xE4, 0x0A, 0x01, 0xD4, 0x0A, 0x01, 0xBB, 0x0A, 0x01, 0xA4, 0x0A, 0x01,
    0x70, 0x0A, 0x01, 0x02, 0x60, 0x0A, 0x01, 0x30, 0x0A, 0x01, 0x2F, 0x0A, 0x01, 0x0F, 0x0A, 0x01,
    0x5D, 0x5D, 0x5D, 0x5D, 0x5F, 0x5D, 0x5D, 0x5D, 0x5D, 0x5D, 0x71, 0x71, 0x71, 0x71, 0x71, 0x71,
    0x71, 0x71, 0x71, 0x71, 0x72, 0x72, 0x72, 0x72, 0x72, 0x72, 0x72, 0x72, 0x72, 0x72, 0x5E, 0x5D,
    0x5D, 0x5D, 0x5D, 0x5D, 0x5D, 0x5D, 0x5D, 0x5D, 0x5D, 0x71, 0x71, 0x71, 0x71, 0x71, 0x71, 0x71,
    0x71, 0x71, 0x71, 0x71, 0x71, 0x71, 0x71, 0x72, 0x72, 0x72, 0x72, 0x72, 0x72, 0x72, 0x72, 0x72,
    0x72, 0x72, 0x72, 0x72, 0x72, 0x72, 0x5E, 0x5D, 0x5D, 0x5D, 0x5D, 0x5D, 0x5D, 0x5D, 0x5D, 0x5D,
    0x5D, 0x5D, 0x5D, 0x5D, 0x5F, 0x5D, 0x71, 0x71, 0x71, 0x71, 0x71, 0x71, 0x71, 0x71, 0x00, 0x3F,
    0x3F, 0x33, 0x12, 0x39, 0x5E, 0x5D, 0x11, 0x33, 0x33, 0x11, 0x12, 0x01, 0x39, 0x39, 0x11, 0x33,
    0x11, 0x33, 0x12, 0x39, 0x11, 0x33, 0x12, 0x39, 0x31, 0x30, 0x01, 0x11, 0x23, 0x11, 0x01, 0x33,
    0x09, 0x01, 0x33, 0x03, 0x09, 0xBE, 0xFD, 0xE2, 0xD2, 0x01, 0xAD, 0x01, 0xAB, 0xD2, 0x02, 0x48,
    0xFD, 0xB8, 0x02, 0x48, 0x03, 0x39, 0xFD, 0x61, 0x02, 0x9F, 0x00, 0x01, 0x00, 0x41, 0x00, 0x00,
    0x04, 0xA3, 0x05, 0x81, 0x00, 0x09, 0x00, 0x4A, 0x40, 0x2B, 0x08, 0x02, 0x03, 0x07, 0x09, 0x07,
    0x04, 0x02, 0x04, 0x0A, 0x0B, 0x07, 0x03, 0x04, 0x05, 0x04, 0x5F, 0x59, 0x05, 0x03, 0x02, 0x08,
    0x01, 0x08, 0x5F, 0x59, 0x01, 0x12, 0x80, 0x0B, 0x01, 0x70, 0x0B, 0x01, 0x60, 0x0B, 0x01, 0x50,
    0x0B, 0x01, 0x40, 0x0B, 0x01, 0x5D, 0x5D, 0x5D, 0x5D, 0x5D, 0x00, 0x3F, 0x2B, 0x11, 0x00, 0x33,
    0x18, 0x3F, 0x2B, 0x11, 0x00, 0x33, 0x33, 0x11, 0x12, 0x01, 0x17, 0x39, 0x11, 0x33, 0x11, 0x33,
    0x31, 0x30, 0x29, 0x01, 0x35, 0x01, 0x21, 0x35, 0x21, 0x15, 0x01, 0x21, 0x04, 0xA3, 0xFB, 0x9E,
    0x03, 0x5A, 0xFC, 0xEF, 0x03, 0xEA, 0xFC, 0xA6, 0x03, 0x89, 0x8F, 0x04, 0x56, 0x9C, 0x8B, 0xFB,
    0xA6, 0x00, 0x00, 0x01, 0x00, 0x92, 0xFE, 0x57, 0x02, 0x29, 0x05, 0xCC, 0x00, 0x07, 0x00, 0x26,
    0x40, 0x14, 0x05, 0x00, 0x06, 0x03, 0x00, 0x03, 0x08, 0x09, 0x01, 0x04, 0xF5, 0x59, 0x01, 0x00,
    0x00, 0x05, 0xF5, 0x59, 0x00, 0x1B, 0x00, 0x3F, 0x2B, 0x00, 0x18, 0x3F, 0x2B, 0x11, 0x12, 0x01,
    0x17, 0x39, 0x11, 0x33, 0x31, 0x30, 0x13, 0x11, 0x21, 0x15, 0x23, 0x11, 0x33, 0x15, 0x92, 0x01,
    0x97, 0xE9, 0xE9, 0xFE, 0x57, 0x07, 0x75, 0x81, 0xF9, 0x8D, 0x81, 0x00, 0x00, 0x01, 0x00, 0x00,
    0xFF, 0xEC, 0x02, 0x39, 0x05, 0xCC, 0x00, 0x03, 0x00, 0x13, 0xB7, 0x03, 0x05, 0x01, 0x04, 0x01,
    0x00, 0x00, 0x13, 0x00, 0x3F, 0x3F, 0x11, 0x01, 0x33, 0x11, 0x33, 0x31, 0x30, 0x05, 0x01, 0x33,
    0x01, 0x01, 0x97, 0xFE, 0x69, 0x9E, 0x01, 0x9B, 0x14, 0x05, 0xE0, 0xFA, 0x20, 0x00, 0x00, 0x01,
    0x00, 0x10, 0xFE, 0x57, 0x01, 0xA7, 0x05, 0xCC, 0x00, 0x07, 0x00, 0x26, 0x40, 0x14, 0x02, 0x07,
    0x04, 0x01, 0x07, 0x03, 0x09, 0x08, 0x05, 0x04, 0xF5, 0x59, 0x05, 0x00, 0x00, 0x01, 0xF5, 0x59,
    0x00, 0x1B, 0x00, 0x3F, 0x2B, 0x00, 0x18, 0x3F, 0x2B, 0x11, 0x12, 0x01, 0x17, 0x39, 0x11, 0x33,
    0x31, 0x30, 0x13, 0x35, 0x33, 0x11, 0x23, 0x35, 0x21, 0x11, 0x10, 0xE9, 0xE9, 0x01, 0x97, 0xFE,
    0x57, 0x81, 0x06, 0x73, 0x81, 0xF8, 0x8B, 0x00, 0x00, 0x01, 0x00, 0x0A, 0x02, 0xA1, 0x03, 0xB7,
    0x05, 0x81, 0x00, 0x06, 0x01, 0x37, 0x40, 0x6F, 0x05, 0x04, 0x01, 0x00, 0x06, 0x02, 0x03, 0x03,
    0x01, 0x06, 0x03, 0x08, 0x07, 0x03, 0x04, 0x03, 0x09, 0x08, 0x19, 0x08, 0x29, 0x08, 0x69, 0x08,
    0xC9, 0x08, 0xD9, 0x08, 0x06, 0x16, 0x06, 0x08, 0x01, 0x7E, 0x46, 0x08, 0x56, 0x08, 0xA6, 0x08,
    0x03, 0x86, 0x08, 0x96, 0x08, 0xF6, 0x08, 0x03, 0x06, 0x08, 0x16, 0x08, 0x56, 0x08, 0x66, 0x08,
    0xB6, 0x08, 0xC6, 0x08, 0x06, 0x4E, 0x26, 0x08, 0x36, 0x08, 0x66, 0x08, 0x86, 0x08, 0x96, 0x08,
    0xA6, 0x08, 0xD6, 0x08, 0xE6, 0x08, 0x08, 0x36, 0x08, 0x76, 0x08, 0x86, 0x08, 0x96, 0x08, 0xE6,
    0x08, 0xF6, 0x08, 0x06, 0x06, 0x08, 0x16, 0x08, 0x46, 0x08, 0x56, 0x08, 0x86, 0x08, 0x96, 0x08,
    0xA6, 0x08, 0xC6, 0x08, 0x08, 0x08, 0x08, 0xB8, 0xFF, 0xC0, 0xB3, 0x48, 0x4B, 0x48, 0x08, 0xB8,
    0xFF, 0xC0, 0x40, 0x4C, 0x42, 0x45, 0x48, 0x04, 0x08, 0x14, 0x08, 0x44, 0x08, 0x54, 0x08, 0xA4,
    0x08, 0xB4, 0x08, 0x06, 0x75, 0x74, 0x08, 0x84, 0x08, 0xA4, 0x08, 0xB4, 0x08, 0xD4, 0x08, 0xE4,
    0x08, 0x06, 0x04, 0x08, 0x14, 0x08, 0xA4, 0x08, 0xB4, 0x08, 0xE4, 0x08, 0xF4, 0x08, 0x06, 0x04,
    0x08, 0x54, 0x08, 0xB4, 0x08, 0xF4, 0x08, 0x04, 0x41, 0x54, 0x08, 0x94, 0x08, 0xA4, 0x08, 0x03,
    0xE4, 0x08, 0xF4, 0x08, 0x02, 0x04, 0x08, 0x14, 0x08, 0x54, 0x08, 0x74, 0x08, 0x04, 0x0E, 0x08,
    0xB8, 0xFF, 0x80, 0xB3, 0x55, 0x58, 0x48, 0x08, 0xB8, 0xFF, 0x80, 0x40, 0x2D, 0x3B, 0x3E, 0x48,
    0x02, 0x08, 0x12, 0x08, 0x72, 0x08, 0xB2, 0x08, 0xC2, 0x08, 0xD2, 0x08, 0x06, 0x70, 0x42, 0x08,
    0x52, 0x08, 0x82, 0x08, 0x92, 0x08, 0xA2, 0x08, 0x05, 0x02, 0x08, 0x12, 0x08, 0x62, 0x08, 0x72,
    0x08, 0x04, 0x39, 0x00, 0x08, 0x60, 0x08, 0x02, 0x64, 0x01, 0x5F, 0x5E, 0x5D, 0x5E, 0x5D, 0x72,
    0x5E, 0x5D, 0x2B, 0x2B, 0x5E, 0x5D, 0x71, 0x72, 0x5E, 0x5D, 0x71, 0x72, 0x5E, 0x5D, 0x2B, 0x2B,
    0x5E, 0x5D, 0x71, 0x72, 0x5E, 0x5D, 0x71, 0x72, 0x5E, 0x5D, 0x5E, 0x5D, 0x00, 0x3F, 0xCD, 0x11,
    0x12, 0x01, 0x17, 0x39, 0x11, 0x33, 0x11, 0x33, 0x11, 0x33, 0x33, 0x31, 0x30, 0x09, 0x02, 0x23,
    0x01, 0x33, 0x01, 0x03, 0x13, 0xFE, 0xCB, 0xFE, 0xCE, 0xA2, 0x01, 0x70, 0xCB, 0x01, 0x72, 0x02,
    0xA1, 0x02, 0x79, 0xFD, 0x87, 0x02, 0xE0, 0xFD, 0x20, 0x00, 0x00, 0x01, 0xFF, 0xE1, 0xFE, 0x69,
    0x04, 0x8A, 0xFE, 0xEB, 0x00, 0x03, 0x00, 0x15, 0x40, 0x09, 0x02, 0x05, 0x00, 0x04, 0x01, 0x00,
    0xBA, 0x59, 0x01, 0x00, 0x2F, 0x2B, 0x11, 0x01, 0x33, 0x11, 0x33, 0x31, 0x30, 0x03, 0x35, 0x21,
    0x15, 0x1F, 0x04, 0xA9, 0xFE, 0x69, 0x82, 0x82, 0x00, 0x01, 0x00, 0x6A, 0x04, 0xB1, 0x02, 0x12,
    0x05, 0xE4, 0x00, 0x05, 0x00, 0x29, 0x40, 0x18, 0x00, 0x05, 0x03, 0x02, 0x04, 0x02, 0x07, 0x06,
    0x00, 0x02, 0x95, 0x5B, 0x0F, 0x00, 0x2F, 0x00, 0x3F, 0x00, 0x7F, 0x00, 0xEF, 0x00, 0x05, 0x00,
    0x00, 0x2F, 0x5D, 0x2B, 0x11, 0x12, 0x01, 0x39, 0x39, 0x11, 0x33, 0x11, 0x33, 0x31, 0x30, 0x09,
    0x01, 0x35, 0x33, 0x13, 0x15, 0x01, 0xB4, 0xFE, 0xB6, 0xCF, 0xD9, 0x04, 0xB1, 0x01, 0x16, 0x1D,
    0xFE, 0xE1, 0x14, 0x00, 0x00, 0x02, 0x00, 0x57, 0xFF, 0xEC, 0x04, 0x73, 0x04, 0x4E, 0x00, 0x23,
    0x00, 0x30, 0x00, 0x8E, 0x40, 0x56, 0x20, 0x29, 0x29, 0x07, 0x07, 0x15, 0x0E, 0x0F, 0x2E, 0x03,
    0x03, 0x0F, 0x15, 0x1A, 0x04, 0x32, 0x31, 0x1D, 0x18, 0x51, 0x59, 0x1D, 0x16, 0x20, 0x00, 0x11,
    0x07, 0x29, 0x51, 0x59, 0x07, 0x07, 0x11, 0x00, 0x3F, 0x0E, 0x01, 0x0F, 0x0E, 0x6F, 0x0E, 0x02,
    0x0B, 0x03, 0x0E, 0x0E, 0x11, 0x11, 0x0B, 0x50, 0x59, 0x11, 0x10, 0x00, 0x24, 0x50, 0x59, 0x00,
    0x16, 0xC0, 0x32, 0x01, 0xA0, 0x32, 0x01, 0x90, 0x32, 0x01, 0x80, 0x32, 0x01, 0x70, 0x32, 0x01,
    0x60, 0x32, 0x01, 0x50, 0x32, 0x01, 0x30, 0x32, 0x01, 0xA0, 0x32, 0x01, 0x5D, 0x71, 0x71, 0x71,
    0x71, 0x71, 0x71, 0x71, 0x71, 0x00, 0x3F, 0x2B, 0x00, 0x18, 0x3F, 0x2B, 0x11, 0x00, 0x33, 0x18,
    0x2F, 0x5F, 0x5E, 0x5D, 0x71, 0x11, 0x12, 0x39, 0x2F, 0x2B, 0x11, 0x12, 0x00, 0x39, 0x18, 0x3F,
    0x2B, 0x11, 0x12, 0x01, 0x17, 0x39, 0x11, 0x33, 0x11, 0x33, 0x11, 0x33, 0x11, 0x33, 0x11, 0x33,
    0x31, 0x30, 0x05, 0x22, 0x26, 0x35, 0x34, 0x36, 0x3F, 0x01, 0x35, 0x34, 0x26, 0x23, 0x22, 0x06,
    0x07, 0x27, 0x12, 0x21, 0x32, 0x16, 0x15, 0x11, 0x14, 0x16, 0x33, 0x32, 0x37, 0x15, 0x06, 0x23,
    0x22, 0x26, 0x27, 0x23, 0x0E, 0x01, 0x27, 0x32, 0x3E, 0x01, 0x3D, 0x01, 0x07, 0x0E, 0x02, 0x15,
    0x14, 0x16, 0x01, 0x9E, 0xA3, 0xA4, 0xDD, 0xF6, 0xF3, 0x70, 0x78, 0x79, 0x6E, 0x0B, 0xBC, 0x2E,
    0x01, 0x84, 0xCC, 0xCE, 0x2A, 0x3B, 0x1A, 0x21, 0x44, 0x47, 0x64, 0x5B, 0x06, 0x06, 0x45, 0xB7,
    0x5A, 0x63, 0x9A, 0x59, 0xC5, 0x7F, 0x83, 0x46, 0x5F, 0x14, 0xAC, 0x96, 0xA8, 0xB4, 0x06, 0x04,
    0x3B, 0x84, 0x72, 0x52, 0x5A, 0x11, 0x01, 0x24, 0xBB, 0xB1, 0xFE, 0x2E, 0x50, 0x51, 0x07, 0x70,
    0x10, 0x69, 0x70, 0x7C, 0x67, 0x87, 0x5A, 0x9D, 0x53, 0x59, 0x04, 0x02, 0x30, 0x64, 0x51, 0x58,
    0x60, 0x00, 0x00, 0x02, 0x00, 0x84, 0xFF, 0xEC, 0x04, 0x1D, 0x05, 0xCC, 0x00, 0x17, 0x00, 0x23,
    0x00, 0x5D, 0x40, 0x37, 0x1E, 0x05, 0x0E, 0x0E, 0x0D, 0x18, 0x00, 0x0D, 0x00, 0x24, 0x25, 0x05,
    0x11, 0x02, 0x15, 0x15, 0x1B, 0x50, 0x59, 0x15, 0x10, 0x0D, 0x00, 0x0A, 0x15, 0x02, 0x21, 0x50,
    0x59, 0x02, 0x16, 0xB0, 0x25, 0x01, 0x3F, 0x25, 0x01, 0x90, 0x25, 0x01, 0x70, 0x25, 0x01, 0x1F,
    0x25, 0x01, 0xFF, 0x25, 0x01, 0xE0, 0x25, 0x01, 0xC0, 0x25, 0x01, 0x5D, 0x5D, 0x5D, 0x71, 0x71,
    0x71, 0x72, 0x72, 0x00, 0x3F, 0x2B, 0x00, 0x18, 0x3F, 0x3F, 0x3F, 0x2B, 0x11, 0x12, 0x00, 0x39,
    0x39, 0x11, 0x12, 0x01, 0x39, 0x39, 0x11, 0x33, 0x11, 0x33, 0x11, 0x33, 0x33, 0x31, 0x30, 0x01,
    0x10, 0x21, 0x22, 0x26, 0x27, 0x23, 0x14, 0x06, 0x07, 0x23, 0x36, 0x35, 0x11, 0x33, 0x11, 0x14,
    0x07, 0x33, 0x3E, 0x01, 0x33, 0x32, 0x12, 0x03, 0x34, 0x26, 0x23, 0x22, 0x06, 0x15, 0x14, 0x16,
    0x33, 0x32, 0x36, 0x04, 0x1D, 0xFE, 0x72, 0x7B, 0xA3, 0x33, 0x02, 0x08, 0x02, 0xAE, 0x06, 0xB4,
    0x04, 0x04, 0x32, 0xA5, 0x7A, 0xCD, 0xC1, 0xBD, 0x78, 0x87, 0x98, 0x8B, 0x88, 0x99, 0x88, 0x79,
    0x02, 0x22, 0xFD, 0xCA, 0x59, 0x63, 0x1F, 0x7F, 0x0A, 0x36, 0xA9, 0x04, 0xED, 0xFE, 0x59, 0x41,
    0x58, 0x68, 0x5A, 0xFE, 0xEC, 0xFE, 0xE2, 0xE3, 0xC4, 0xD0, 0xE2, 0xD5, 0xCB, 0xC9, 0x00, 0x01,
    0x00, 0x57, 0xFF, 0xEC, 0x03, 0xCA, 0x04, 0x4E, 0x00, 0x19, 0x00, 0x66, 0x40, 0x45, 0x00, 0x0D,
    0x14, 0x13, 0x06, 0x07, 0x07, 0x13, 0x0D, 0x03, 0x1A, 0x1B, 0x10, 0x17, 0x50, 0x59, 0x1F, 0x14,
    0x7F, 0x14, 0x8F, 0x14, 0xDF, 0x14, 0x04, 0x14, 0x14, 0x10, 0x10, 0x20, 0x06, 0x70, 0x06, 0x80,
    0x06, 0xD0, 0x06, 0xE0, 0x06, 0x05, 0x00, 0x06, 0x10, 0x06, 0x60, 0x06, 0x70, 0x06, 0x80, 0x06,
    0xC0, 0x06, 0xD0, 0x06, 0x07, 0x09, 0x03, 0x06, 0x06, 0x0A, 0x0A, 0x03, 0x50, 0x59, 0x0A, 0x16,
    0x1F, 0x1B, 0x01, 0x5D, 0x00, 0x3F, 0x2B, 0x11, 0x00, 0x33, 0x18, 0x2F, 0x5F, 0x5E, 0x5D, 0x71,
    0x3F, 0x33, 0x2F, 0x5D, 0x2B, 0x11, 0x12, 0x01, 0x17, 0x39, 0x11, 0x33, 0x11, 0x33, 0x11, 0x33,
    0x31, 0x30, 0x01, 0x14, 0x16, 0x33, 0x32, 0x36, 0x37, 0x17, 0x0E, 0x01, 0x23, 0x22, 0x02, 0x11,
    0x10, 0x12, 0x33, 0x32, 0x16, 0x17, 0x07, 0x2E, 0x01, 0x23, 0x22, 0x06, 0x01, 0x13, 0x88, 0x89,
    0x60, 0x81, 0x0F, 0xB6, 0x15, 0xE0, 0xAC, 0xE3, 0xEF, 0xF0, 0xE0, 0xA6, 0xDB, 0x1C, 0xB9, 0x0E,
    0x72, 0x69, 0x8F, 0x80, 0x02, 0x22, 0xD8, 0xD0, 0x68, 0x6C, 0x0C, 0x9C, 0xBA, 0x01, 0x1F, 0x01,
    0x13, 0x01, 0x11, 0x01, 0x1F, 0xAC, 0x97, 0x0E, 0x5A, 0x6A, 0xBE, 0x00, 0x00, 0x02, 0x00, 0x56,
    0xFF, 0xEC, 0x03, 0xEF, 0x05, 0xCC, 0x00, 0x16, 0x00, 0x22, 0x00, 0x56, 0x40, 0x31, 0x1D, 0x00,
    0x0E, 0x0E, 0x0F, 0x17, 0x06, 0x0F, 0x06, 0x24, 0x23, 0x12, 0x15, 0x0E, 0x00, 0x00, 0x0B, 0x03,
    0x08, 0x08, 0x20, 0x50, 0x59, 0x08, 0x10, 0x03, 0x1A, 0x50, 0x59, 0x03, 0x16, 0x90, 0x24, 0x01,
    0x70, 0x24, 0x01, 0x1F, 0x24, 0x01, 0xFF, 0x24, 0x01, 0xE0, 0x24, 0x01, 0xC0, 0x24, 0x01, 0x5D,
    0x5D, 0x5D, 0x71, 0x71, 0x71, 0x00, 0x3F, 0x2B, 0x00, 0x18, 0x3F, 0x2B, 0x11, 0x12, 0x00, 0x39,
    0x39, 0x18, 0x3F, 0x3F, 0x11, 0x12, 0x01, 0x39, 0x39, 0x11, 0x33, 0x11, 0x33, 0x11, 0x33, 0x33,
    0x31, 0x30, 0x25, 0x0E, 0x01, 0x23, 0x22, 0x02, 0x11, 0x10, 0x21, 0x32, 0x16, 0x17, 0x33, 0x27,
    0x11, 0x33, 0x11, 0x14, 0x17, 0x23, 0x2E, 0x01, 0x35, 0x01, 0x14, 0x16, 0x33, 0x32, 0x36, 0x35,
    0x34, 0x26, 0x23, 0x22, 0x06, 0x03, 0x35, 0x32, 0xA5, 0x7A, 0xCD, 0xC1, 0x01, 0x8E, 0x7B, 0xA4,
    0x32, 0x02, 0x02, 0xB4, 0x06, 0xAC, 0x03, 0x07, 0xFD, 0xDA, 0x78, 0x87, 0x99, 0x8A, 0x8A, 0x97,
    0x88, 0x79, 0xAE, 0x68, 0x5A, 0x01, 0x14, 0x01, 0x18, 0x02, 0x36, 0x5A, 0x62, 0x79, 0x01, 0xC1,
    0xFB, 0x13, 0xA9, 0x36, 0x10, 0x74, 0x2A, 0x01, 0x70, 0xE3, 0xC4, 0xD4, 0xDF, 0xD7, 0xC8, 0xC9,
    0x00, 0x02, 0x00, 0x57, 0xFF, 0xEC, 0x04, 0x18, 0x04, 0x4E, 0x00, 0x12, 0x00, 0x19, 0x00, 0x77,
    0x40, 0x46, 0x13, 0x11, 0x06, 0x07, 0x19, 0x00, 0x00, 0x0C, 0x0C, 0x07, 0x11, 0x03, 0x1B, 0x1A,
    0x06, 0x06, 0x00, 0x03, 0x19, 0x00, 0x50, 0x59, 0x0D, 0x19, 0x01, 0x14, 0x04, 0x19, 0x19, 0x09,
    0x0F, 0x0F, 0x16, 0x50, 0x59, 0x0F, 0x10, 0x09, 0x03, 0x50, 0x59, 0x09, 0x16, 0xD0, 0x1B, 0x01,
    0xC0, 0x1B, 0x01, 0xA0, 0x1B, 0x01, 0x90, 0x1B, 0x01, 0x80, 0x1B, 0x01, 0x70, 0x1B, 0x01, 0x60,
    0x1B, 0x01, 0x50, 0x1B, 0x01, 0x30, 0x1B, 0x01, 0x71, 0x71, 0x71, 0x71, 0x71, 0x71, 0x71, 0x71,
    0x71, 0x00, 0x3F, 0x2B, 0x00, 0x18, 0x3F, 0x2B, 0x11, 0x12, 0x00, 0x39, 0x18, 0x2F, 0x5F, 0x5E,
    0x5D, 0x2B, 0x11, 0x12, 0x00, 0x39, 0x18, 0x2F, 0x11, 0x12, 0x01, 0x17, 0x39, 0x11, 0x33, 0x11,
    0x33, 0x11, 0x33, 0x11, 0x33, 0x31, 0x30, 0x01, 0x14, 0x16, 0x33, 0x32, 0x36, 0x37, 0x17, 0x02,
    0x21, 0x22, 0x02, 0x11, 0x10, 0x12, 0x33, 0x20, 0x11, 0x15, 0x27, 0x2E, 0x01, 0x23, 0x22, 0x06,
    0x07, 0x01, 0x14, 0x9A, 0x94, 0x75, 0x8D, 0x19, 0x9E, 0x61, 0xFE, 0xA8, 0xF0, 0xFB, 0xFB, 0xE9,
    0x01, 0xDD, 0xBA, 0x0F, 0x90, 0x87, 0x83, 0x99, 0x06, 0x01, 0xF7, 0xBA, 0xCA, 0x5E, 0x48, 0x2D,
    0xFF, 0x00, 0x01, 0x1E, 0x01, 0x1A, 0x01, 0x0C, 0x01, 0x1E, 0xFD, 0xC1, 0x18, 0x8A, 0xAB, 0x9D,
    0xAF, 0x99, 0x00, 0x01, 0x00, 0x1D, 0x00, 0x00, 0x02, 0x3C, 0x05, 0xCA, 0x00, 0x15, 0x00, 0x8F,
    0x40, 0x68, 0x0D, 0x13, 0x01, 0x06, 0x01, 0x02, 0x02, 0x15, 0x04, 0x15, 0x04, 0x17, 0x16, 0x0A,
    0x0F, 0x50, 0x59, 0x0A, 0x00, 0x00, 0x03, 0x06, 0x03, 0x50, 0x59, 0x13, 0x06, 0x0F, 0x01, 0x15,
    0x1F, 0x17, 0x2F, 0x17, 0x4F, 0x17, 0x5F, 0x17, 0x7F, 0x17, 0x8F, 0x17, 0x9F, 0x17, 0x07, 0x0F,
    0x17, 0x3F, 0x17, 0x7F, 0x17, 0xAF, 0x17, 0xBF, 0x17, 0xDF, 0x17, 0xEF, 0x17, 0x07, 0x3B, 0x5F,
    0x17, 0xBF, 0x17, 0x02, 0x7F, 0x17, 0x8F, 0x17, 0x9F, 0x17, 0x03, 0x0F, 0x17, 0x2F, 0x17, 0xAF,
    0x17, 0xDF, 0x17, 0xEF, 0x17, 0x05, 0x17, 0x40, 0x56, 0x64, 0x48, 0x17, 0x40, 0x27, 0x2C, 0x48,
    0x20, 0x17, 0x30, 0x17, 0x60, 0x17, 0x03, 0x40, 0x17, 0x01, 0x5D, 0x71, 0x2B, 0x2B, 0x5D, 0x71,
    0x72, 0x5E, 0x5D, 0x71, 0x00, 0x3F, 0x3F, 0x33, 0x2B, 0x11, 0x00, 0x33, 0x18, 0x3F, 0x2B, 0x11,
    0x12, 0x01, 0x39, 0x32, 0x11, 0x12, 0x39, 0x11, 0x33, 0x33, 0x11, 0x33, 0x32, 0x31, 0x30, 0x01,
    0x11, 0x23, 0x11, 0x23, 0x35, 0x33, 0x35, 0x34, 0x36, 0x33, 0x32, 0x17, 0x15, 0x26, 0x23, 0x22,
    0x06, 0x1D, 0x01, 0x33, 0x15, 0x01, 0x69, 0xB4, 0x98, 0x98, 0x82, 0x86, 0x4B, 0x34, 0x2D, 0x23,
    0x45, 0x3E, 0xD3, 0x03, 0xB7, 0xFC, 0x49, 0x03, 0xB7, 0x83, 0x7A, 0x94, 0x82, 0x0C, 0x89, 0x08,
    0x46, 0x5C, 0x61, 0x83, 0x00, 0x02, 0x00, 0x56, 0xFE, 0x57, 0x03, 0xEF, 0x04, 0x4B, 0x00, 0x20,
    0x00, 0x2E, 0x00, 0x9F, 0x40, 0x64, 0x21, 0x17, 0x09, 0x09, 0x1F, 0x04, 0x03, 0x28, 0x11, 0x11,
    0x03, 0x1F, 0x03, 0x30, 0x2F, 0x1C, 0x0F, 0x17, 0x0A, 0x14, 0x0E, 0x14, 0x25, 0x50, 0x59, 0x14,
    0x10, 0x0E, 0x2B, 0x50, 0x59, 0x0E, 0x16, 0x00, 0x07, 0x50, 0x59, 0x15, 0x04, 0x01, 0x06, 0x04,
    0x01, 0x0B, 0x04, 0x00, 0x1B, 0x40, 0x30, 0x01, 0x20, 0x30, 0x01, 0xCF, 0x30, 0x01, 0xB0, 0x30,
    0x01, 0x90, 0x30, 0x01, 0x20, 0x30, 0x01, 0x00, 0x30, 0x01, 0x50, 0xDF, 0x30, 0x01, 0xC0, 0x30,
    0x01, 0x4F, 0x30, 0x01, 0xA0, 0x30, 0x01, 0x80, 0x30, 0x01, 0x2F, 0x30, 0x01, 0x0F, 0x30, 0x01,
    0xF0, 0x30, 0x01, 0xD0, 0x30, 0x01, 0x0F, 0x30, 0x01, 0x08, 0x5E, 0x5D, 0x5D, 0x5D, 0x71, 0x71,
    0x71, 0x71, 0x72, 0x72, 0x72, 0x5E, 0x5D, 0x5D, 0x5D, 0x5D, 0x5D, 0x71, 0x71, 0x00, 0x3F, 0x32,
    0x5E, 0x5D, 0x5D, 0x2B, 0x00, 0x18, 0x3F, 0x2B, 0x00, 0x18, 0x3F, 0x2B, 0x11, 0x12, 0x00, 0x39,
    0x39, 0x18, 0x3F, 0x11, 0x12, 0x01, 0x17, 0x39, 0x11, 0x33, 0x11, 0x33, 0x11, 0x33, 0x11, 0x33,
    0x33, 0x31, 0x30, 0x01, 0x22, 0x26, 0x27, 0x37, 0x1E, 0x01, 0x33, 0x20, 0x11, 0x35, 0x23, 0x0E,
    0x01, 0x23, 0x22, 0x02, 0x11, 0x10, 0x12, 0x33, 0x32, 0x16, 0x17, 0x33, 0x34, 0x36, 0x37, 0x33,
    0x06, 0x15, 0x11, 0x10, 0x03, 0x34, 0x2E, 0x01, 0x23, 0x22, 0x06, 0x15, 0x14, 0x16, 0x33, 0x32,
    0x3E, 0x01, 0x02, 0x24, 0xB1, 0xD2, 0x1E, 0xB5, 0x12, 0x7B, 0x64, 0x01, 0x0D, 0x02, 0x33, 0xB2,
    0x77, 0xC7, 0xBB, 0xC9, 0xCD, 0x73, 0xA9, 0x2E, 0x02, 0x08, 0x04, 0xAB, 0x06, 0xB3, 0x48, 0x83,
    0x53, 0x8A, 0x7E, 0x76, 0x8F, 0x55, 0x84, 0x48, 0xFE, 0x57, 0x8B, 0x80, 0x1A, 0x4B, 0x51, 0x01,
    0x3B, 0xAE, 0x68, 0x69, 0x01, 0x08, 0x01, 0x1B, 0x01, 0x1F, 0x01, 0x11, 0x69, 0x61, 0x1E, 0x94,
    0x07, 0x36, 0xAA, 0xFC, 0xC5, 0xFE, 0x38, 0x03, 0xC6, 0x84, 0xBF, 0x65, 0xC8, 0xE0, 0xDE, 0xC2,
    0x64, 0xBB, 0x00, 0x01, 0x00, 0x8E, 0x00, 0x00, 0x03, 0xEE, 0x05, 0xCC, 0x00, 0x18, 0x00, 0x60,
    0x40, 0x3B, 0x15, 0x11, 0x11, 0x12, 0x08, 0x07, 0x12, 0x07, 0x19, 0x1A, 0x13, 0x00, 0x00, 0x03,
    0x12, 0x07, 0x15, 0x03, 0x0D, 0x50, 0x59, 0x03, 0x10, 0xD0, 0x1A, 0x01, 0xC0, 0x1A, 0x01, 0xB0,
    0x1A, 0x01, 0xF0, 0x1A, 0x01, 0xB0, 0x1A, 0x01, 0xFF, 0x1A, 0x01, 0xE0, 0x1A, 0x01, 0xD0, 0x1A,
    0x01, 0xC0, 0x1A, 0x01, 0xB0, 0x1A, 0x01, 0xA0, 0x1A, 0x01, 0x70, 0x1A, 0x01, 0x5D, 0x5D, 0x5D,
    0x5D, 0x5D, 0x5D, 0x5D, 0x71, 0x71, 0x72, 0x72, 0x72, 0x00, 0x3F, 0x2B, 0x00, 0x18, 0x3F, 0x33,
    0x12, 0x39, 0x3F, 0x11, 0x12, 0x01, 0x39, 0x39, 0x11, 0x33, 0x11, 0x33, 0x11, 0x33, 0x31, 0x30,
    0x01, 0x3E, 0x01, 0x33, 0x32, 0x16, 0x15, 0x11, 0x23, 0x11, 0x34, 0x2E, 0x01, 0x23, 0x22, 0x06,
    0x15, 0x11, 0x23, 0x11, 0x33, 0x11, 0x14, 0x06, 0x07, 0x01, 0x3D, 0x3A, 0xA3, 0x7D, 0xB0, 0xA7,
    0xB5, 0x2A, 0x60, 0x55, 0x7F, 0x99, 0xB4, 0xB4, 0x07, 0x01, 0x03, 0x81, 0x6A, 0x63, 0xAF, 0xCE,
    0xFD, 0x2F, 0x02, 0xAE, 0x72, 0x6F, 0x34, 0xB0, 0x95, 0xFD, 0x82, 0x05, 0xCC, 0xFE, 0x7E, 0x3D,
    0x82, 0x0A, 0x00, 0x02, 0x00, 0x89, 0x00, 0x00, 0x01, 0x3D, 0x05, 0xCC, 0x00, 0x03, 0x00, 0x07,
    0x00, 0x6E, 0x40, 0x48, 0x03, 0x07, 0x07, 0x00, 0x04, 0x04, 0x08, 0x09, 0x05, 0x0F, 0x04, 0x15,
    0x01, 0x00, 0x53, 0x59, 0x01, 0x00, 0xFF, 0x09, 0x01, 0xE0, 0x09, 0x01, 0xDF, 0x09, 0x01, 0xC0,
    0x09, 0x01, 0xB0, 0x09, 0x01, 0x9F, 0x09, 0x01, 0x80, 0x09, 0x01, 0x70, 0x09, 0x01, 0x1F, 0x09,
    0x01, 0x00, 0x09, 0x01, 0xF0, 0x09, 0x01, 0xDF, 0x09, 0x01, 0xC0, 0x09, 0x01, 0xB0, 0x09, 0x01,
    0xA0, 0x09, 0x01, 0x90, 0x09, 0x01, 0x4F, 0x09, 0x01, 0x1F, 0x09, 0x01, 0x5D, 0x71, 0x71, 0x71,
    0x71, 0x71, 0x71, 0x71, 0x72, 0x72, 0x72, 0x72, 0x72, 0x72, 0x72, 0x72, 0x72, 0x72, 0x00, 0x3F,
    0x2B, 0x00, 0x18, 0x3F, 0x3F, 0x11, 0x12, 0x01, 0x39, 0x11, 0x33, 0x33, 0x11, 0x33, 0x31, 0x30,
    0x13, 0x35, 0x33, 0x15, 0x03, 0x11, 0x33, 0x11, 0x89, 0xB4, 0xB4, 0xB4, 0x05, 0x20, 0xAC, 0xAC,
    0xFA, 0xE0, 0x04, 0x3A, 0xFB, 0xC6, 0x00, 0x02, 0xFF, 0xCE, 0xFE, 0x57, 0x01, 0x3D, 0x05, 0xCC,
    0x00, 0x03, 0x00, 0x10, 0x00, 0xF7, 0x40, 0xAC, 0x0A, 0x03, 0x04, 0x04, 0x00, 0x0E, 0x0E, 0x11,
    0x12, 0x0F, 0x0F, 0x07, 0x0B, 0x50, 0x59, 0x07, 0x1B, 0x01, 0x00, 0x53, 0x59, 0x01, 0x00, 0xCF,
    0x12, 0x01, 0xBF, 0x12, 0x01, 0x8F, 0x12, 0x01, 0x00, 0x12, 0x01, 0x6F, 0xEF, 0x12, 0x01, 0xD0,
    0x12, 0x01, 0x8F, 0x12, 0x01, 0x3F, 0x12, 0x01, 0xFF, 0x12, 0x01, 0xAF, 0x12, 0x01, 0x9F, 0x12,
    0x01, 0x8F, 0x12, 0x01, 0x6F, 0x12, 0x01, 0x50, 0x12, 0x01, 0x40, 0x12, 0x01, 0x30, 0x12, 0x01,
    0x20, 0x12, 0x01, 0xDF, 0x12, 0x01, 0xB0, 0x12, 0x01, 0xA0, 0x12, 0x01, 0x90, 0x12, 0x01, 0x4F,
    0x12, 0x01, 0x3F, 0x12, 0x01, 0x2F, 0x12, 0x01, 0x00, 0x12, 0x01, 0x3D, 0xFF, 0x12, 0x01, 0xEF,
    0x12, 0x01, 0xDF, 0x12, 0x01, 0xCF, 0x12, 0x01, 0xB0, 0x12, 0x01, 0x90, 0x12, 0x01, 0x80, 0x12,
    0x01, 0x70, 0x12, 0x01, 0x1F, 0x12, 0x01, 0x0F, 0x12, 0x01, 0xFF, 0x12, 0x01, 0xDF, 0x12, 0x01,
    0xCF, 0x12, 0x01, 0xBF, 0x12, 0x01, 0xAF, 0x12, 0x01, 0x90, 0x12, 0x01, 0x4F, 0x12, 0x01, 0xFF,
    0x12, 0x01, 0xE0, 0x12, 0x01, 0xD0, 0x12, 0x01, 0xC0, 0x12, 0x01, 0x80, 0x12, 0x01, 0x70, 0x12,
    0x01, 0x1F, 0x12, 0x01, 0x5D, 0x5D, 0x5D, 0x5D, 0x5D, 0x5D, 0x5D, 0x71, 0x71, 0x71, 0x71, 0x71,
    0x71, 0x71, 0x72, 0x72, 0x72, 0x72, 0x72, 0x72, 0x72, 0x72, 0x72, 0x72, 0x5E, 0x5D, 0x5D, 0x5D,
    0x5D, 0x5D, 0x5D, 0x5D, 0x5D, 0x71, 0x71, 0x71, 0x71, 0x71, 0x71, 0x71, 0x71, 0x71, 0x72, 0x72,
    0x72, 0x72, 0x5E, 0x5D, 0x5D, 0x5D, 0x5D, 0x00, 0x3F, 0x2B, 0x00, 0x18, 0x3F, 0x2B, 0x00, 0x18,
    0x3F, 0x11, 0x12, 0x01, 0x39, 0x11, 0x33, 0x33, 0x11, 0x33, 0x32, 0x31, 0x30, 0x13, 0x35, 0x33,
    0x15, 0x11, 0x14, 0x06, 0x23, 0x22, 0x27, 0x35, 0x17, 0x32, 0x36, 0x35, 0x11, 0x33, 0x89, 0xB4,
    0x78, 0x78, 0x4D, 0x32, 0x3E, 0x45, 0x38, 0xB4, 0x05, 0x20, 0xAC, 0xAC, 0xFA, 0x5A, 0x99, 0x8A,
    0x09, 0x8B, 0x06, 0x48, 0x68, 0x04, 0xA5, 0x00, 0x00, 0x01, 0x00, 0x8A, 0x00, 0x00, 0x04, 0x03,
    0x05, 0xCC, 0x00, 0x0B, 0x00, 0x8D, 0x40, 0x67, 0x08, 0x09, 0x01, 0x0A, 0x09, 0x0A, 0x04, 0x00,
    0x0B, 0x0B, 0x07, 0x03, 0x04, 0x04, 0x0D, 0x0C, 0x1F, 0x0D, 0x3F, 0x0D, 0x02, 0x1F, 0x0D, 0x3F,
    0x0D, 0x5F, 0x0D, 0xFF, 0x0D, 0x04, 0x0F, 0x0D, 0x1F, 0x0D, 0x3F, 0x0D, 0x5F, 0x0D, 0x7F, 0x0D,
    0x05, 0x39, 0x0D, 0x40, 0x53, 0x56, 0x48, 0x60, 0x0D, 0x80, 0x0D, 0xA0, 0x0D, 0xC0, 0x0D, 0xD0,
    0x0D, 0x05, 0xDF, 0x0D, 0x01, 0x00, 0x0D, 0x60, 0x0D, 0x80, 0x0D, 0xA0, 0x0D, 0x04, 0x00, 0x0D,
    0x10, 0x0D, 0x30, 0x0D, 0x40, 0x0D, 0x80, 0x0D, 0xA0, 0x0D, 0xC0, 0x0D, 0xE0, 0x0D, 0xF0, 0x0D,
    0x09, 0x07, 0x02, 0x01, 0x07, 0x0A, 0x04, 0x08, 0x0F, 0x05, 0x00, 0x04, 0x15, 0x00, 0x15, 0x00,
    0x3F, 0x3F, 0x3F, 0x3F, 0x17, 0x39, 0x01, 0x5E, 0x5D, 0x71, 0x71, 0x72, 0x2B, 0x5E, 0x5D, 0x71,
    0x72, 0x11, 0x12, 0x39, 0x11, 0x33, 0x33, 0x32, 0x11, 0x33, 0x12, 0x39, 0x39, 0x11, 0x33, 0x11,
    0x33, 0x31, 0x30, 0x21, 0x01, 0x07, 0x11, 0x23, 0x11, 0x33, 0x11, 0x01, 0x33, 0x09, 0x01, 0x03,
    0x30, 0xFE, 0x92, 0x84, 0xB4, 0xB4, 0x01, 0xDB, 0xD3, 0xFE, 0x49, 0x01, 0xCE, 0x01, 0xEE, 0x6D,
    0xFE, 0x7F, 0x05, 0xCC, 0xFC, 0x61, 0x02, 0x0D, 0xFE, 0x2F, 0xFD, 0x97, 0x00, 0x01, 0x00, 0x8A,
    0x00, 0x00, 0x01, 0x3E, 0x05, 0xCC, 0x00, 0x03, 0x00, 0x76, 0x40, 0x51, 0x03, 0x00, 0x00, 0x05,
    0x04, 0x01, 0x00, 0x00, 0x15, 0xF0, 0x05, 0x01, 0xE0, 0x05, 0x01, 0xDF, 0x05, 0x01, 0xC0, 0x05,
    0x01, 0xB0, 0x05, 0x01, 0x9F, 0x05, 0x01, 0x80, 0x05, 0x01, 0x70, 0x05, 0x01, 0x1F, 0x05, 0x01,
    0x0F, 0x05, 0x01, 0xF0, 0x05, 0x01, 0xDF, 0x05, 0x01, 0xC0, 0x05, 0x01, 0xB0, 0x05, 0x01, 0xA0,
    0x05, 0x01, 0x90, 0x05, 0x01, 0x4F, 0x05, 0x01, 0xFF, 0x05, 0x01, 0xE0, 0x05, 0x01, 0xD0, 0x05,
    0x01, 0xC0, 0x05, 0x01, 0x80, 0x05, 0x01, 0x70, 0x05, 0x01, 0x1F, 0x05, 0x01, 0x5D, 0x5D, 0x5D,
    0x5D, 0x5D, 0x5D, 0x5D, 0x71, 0x71, 0x71, 0x71, 0x71, 0x71, 0x71, 0x72, 0x72, 0x72, 0x72, 0x72,
    0x72, 0x72, 0x72, 0x72, 0x72, 0x00, 0x3F, 0x3F, 0x11, 0x12, 0x01, 0x39, 0x11, 0x33, 0x31, 0x30,
    0x33, 0x11, 0x33, 0x11, 0x8A, 0xB4, 0x05, 0xCC, 0xFA, 0x34, 0x00, 0x01, 0x00, 0x88, 0x00, 0x00,
    0x06, 0x23, 0x04, 0x4E, 0x00, 0x29, 0x01, 0x7E, 0x40, 0xFF, 0x18, 0x29, 0x00, 0x00, 0x21, 0x09,
    0x21, 0x20, 0x12, 0x08, 0x09, 0x20, 0x09, 0x2B, 0x2A, 0x1C, 0x25, 0x50, 0x59, 0x1C, 0x10, 0x18,
    0x11, 0x00, 0x15, 0x15, 0x04, 0x50, 0x59, 0x15, 0x10, 0x0C, 0x0F, 0x21, 0x09, 0x00, 0x15, 0x64,
    0x2B, 0x01, 0x4B, 0x2B, 0x01, 0x3F, 0x2B, 0x01, 0x2B, 0x2B, 0x01, 0x1F, 0x2B, 0x01, 0x0F, 0x2B,
    0x01, 0xEB, 0x2B, 0x01, 0xDF, 0x2B, 0x01, 0xBB, 0x2B, 0x01, 0xAB, 0x2B, 0x01, 0x8B, 0x2B, 0x01,
    0x7B, 0x2B, 0x01, 0x6F, 0x2B, 0x01, 0x3B, 0x2B, 0x01, 0x1F, 0x2B, 0x01, 0x0B, 0x2B, 0x01, 0x6A,
    0xEB, 0x2B, 0x01, 0xCB, 0x2B, 0x01, 0xBB, 0x2B, 0x01, 0xAF, 0x2B, 0x01, 0x8B, 0x2B, 0x01, 0x7F,
    0x2B, 0x01, 0x5B, 0x2B, 0x01, 0x4F, 0x2B, 0x01, 0x1B, 0x2B, 0x01, 0xFB, 0x2B, 0x01, 0xEF, 0x2B,
    0x01, 0xDF, 0x2B, 0x01, 0xCB, 0x2B, 0x01, 0xBB, 0x2B, 0x01, 0xAF, 0x2B, 0x01, 0x94, 0x2B, 0x01,
    0x64, 0x2B, 0x01, 0x4B, 0x2B, 0x01, 0x2B, 0x2B, 0x01, 0x1B, 0x2B, 0x01, 0x04, 0x2B, 0x01, 0xF4,
    0x2B, 0x01, 0xDB, 0x2B, 0x01, 0xAB, 0x2B, 0x01, 0x8B, 0x2B, 0x01, 0x7F, 0x2B, 0x01, 0x6B, 0x2B,
    0x01, 0x34, 0x2B, 0x01, 0x1B, 0x2B, 0x01, 0x0F, 0x2B, 0x01, 0x39, 0xFB, 0x2B, 0x01, 0xDB, 0x2B,
    0x01, 0xBB, 0x2B, 0x01, 0xA0, 0x2B, 0x01, 0x94, 0x2B, 0x01, 0x74, 0x2B, 0x01, 0x5B, 0x2B, 0x01,
    0x4B, 0x2B, 0x01, 0x2B, 0x2B, 0x01, 0x1F, 0x2B, 0x01, 0x0B, 0x2B, 0x01, 0xFB, 0x2B, 0x01, 0xEB,
    0x2B, 0x01, 0xCB, 0x2B, 0x01, 0xA4, 0x2B, 0x01, 0x7B, 0x2B, 0x01, 0x5B, 0x2B, 0x01, 0x4B, 0x2B,
    0x01, 0x1B, 0x2B, 0x01, 0xF4, 0x2B, 0x01, 0xD0, 0x2B, 0x01, 0x02, 0xC0, 0x2B, 0x01, 0xA0, 0x2B,
    0x01, 0x90, 0x2B, 0x01, 0x60, 0x2B, 0x01, 0x4F, 0x2B, 0x40, 0x0B, 0x01, 0x30, 0x2B, 0x01, 0x2F,
    0x2B, 0x01, 0x00, 0x2B, 0x01, 0x08, 0x5E, 0x5D, 0x5D, 0x5D, 0x5D, 0x5D, 0x5D, 0x5D, 0x5D, 0x5F,
    0x5D, 0x5D, 0x71, 0x71, 0x71, 0x71, 0x71, 0x71, 0x71, 0x71, 0x72, 0x72, 0x72, 0x72, 0x72, 0x72,
    0x72, 0x72, 0x72, 0x72, 0x72, 0x5E, 0x5D, 0x5D, 0x5D, 0x5D, 0x5D, 0x5D, 0x5D, 0x5D, 0x5D, 0x71,
    0x71, 0x71, 0x71, 0x71, 0x71, 0x71, 0x71, 0x71, 0x71, 0x71, 0x71, 0x72, 0x72, 0x72, 0x72, 0x72,
    0x72, 0x72, 0x72, 0x72, 0x5E, 0x5D, 0x5D, 0x5D, 0x5D, 0x5D, 0x5D, 0x5D, 0x5D, 0x5D, 0x5D, 0x71,
    0x71, 0x71, 0x71, 0x71, 0x71, 0x00, 0x3F, 0x32, 0x32, 0x3F, 0x3F, 0x2B, 0x11, 0x12, 0x00, 0x39,
    0x39, 0x18, 0x3F, 0x2B, 0x11, 0x12, 0x01, 0x39, 0x39, 0x11, 0x33, 0x33, 0x11, 0x33, 0x11, 0x12,
    0x39, 0x11, 0x33, 0x33, 0x31, 0x30, 0x21, 0x11, 0x34, 0x26, 0x23, 0x22, 0x06, 0x15, 0x11, 0x23,
    0x11, 0x34, 0x27, 0x33, 0x1E, 0x02, 0x17, 0x33, 0x3E, 0x01, 0x33, 0x32, 0x16, 0x17, 0x33, 0x3E,
    0x01, 0x33, 0x32, 0x16, 0x15, 0x11, 0x23, 0x11, 0x34, 0x26, 0x23, 0x22, 0x06, 0x15, 0x11, 0x03,
    0x00, 0x56, 0x70, 0x73, 0x86, 0xB3, 0x06, 0xAA, 0x01, 0x02, 0x03, 0x02, 0x03, 0x3A, 0x96, 0x6C,
    0x7B, 0x8F, 0x1C, 0x03, 0x38, 0x9F, 0x71, 0xA4, 0x95, 0xB2, 0x56, 0x70, 0x76, 0x83, 0x02, 0xAE,
    0x9D, 0x78, 0xB0, 0xA0, 0xFD, 0x8D, 0x03, 0x53, 0xBD, 0x2A, 0x05, 0x2C, 0x39, 0x4F, 0x73, 0x5A,
    0x62, 0x6B, 0x6D, 0x60, 0xB2, 0xCB, 0xFD, 0x2F, 0x02, 0xAE, 0x9D, 0x78, 0xAF, 0xA1, 0xFD, 0x8D,
    0x00, 0x01, 0x00, 0x88, 0x00, 0x00, 0x03, 0xEE, 0x04, 0x4E, 0x00, 0x1A, 0x00, 0x61, 0x40, 0x3C,
    0x12, 0x09, 0x09, 0x0A, 0x00, 0x1A, 0x0A, 0x1A, 0x1B, 0x1C, 0x12, 0x16, 0x00, 0x16, 0x05, 0x50,
    0x59, 0x16, 0x10, 0x0D, 0x0F, 0x0A, 0x00, 0x15, 0xD0, 0x1C, 0x01, 0xC0, 0x1C, 0x01, 0xB0, 0x1C,
    0x01, 0xF0, 0x1C, 0x01, 0xB0, 0x1C, 0x01, 0xFF, 0x1C, 0x01, 0xE0, 0x1C, 0x01, 0xD0, 0x1C, 0x01,
    0xC0, 0x1C, 0x01, 0xB0, 0x1C, 0x01, 0xA0, 0x1C, 0x01, 0x70, 0x1C, 0x01, 0x5D, 0x5D, 0x5D, 0x5D,
    0x5D, 0x5D, 0x5D, 0x71, 0x71, 0x72, 0x72, 0x72, 0x00, 0x3F, 0x32, 0x3F, 0x3F, 0x2B, 0x11, 0x12,
    0x00, 0x39, 0x11, 0x12, 0x01, 0x39, 0x39, 0x11, 0x33, 0x11, 0x33, 0x11, 0x33, 0x31, 0x30, 0x21,
    0x11, 0x34, 0x2E, 0x01, 0x23, 0x22, 0x06, 0x15, 0x11, 0x23, 0x11, 0x34, 0x27, 0x33, 0x1E, 0x02,
    0x17, 0x33, 0x3E, 0x01, 0x33, 0x32, 0x16, 0x15, 0x11, 0x03, 0x39, 0x2A, 0x5C, 0x59, 0x82, 0x96,
    0xB4, 0x06, 0xAA, 0x01, 0x02, 0x03, 0x02, 0x03, 0x3E, 0xA3, 0x79, 0xB2, 0xA5, 0x02, 0xAE, 0x6B,
    0x76, 0x34, 0xB2, 0x9E, 0xFD, 0x8D, 0x03, 0x53, 0xBD, 0x2A, 0x05, 0x2C, 0x39, 0x4F, 0x70, 0x5D,
    0xB1, 0xCC, 0xFD, 0x2F, 0x00, 0x02, 0x00, 0x56, 0xFF, 0xEC, 0x04, 0x1D, 0x04, 0x4E, 0x00, 0x0A,
    0x00, 0x16, 0x00, 0x48, 0x40, 0x2C, 0x11, 0x06, 0x0B, 0x00, 0x06, 0x00, 0x17, 0x18, 0x08, 0x0E,
    0x50, 0x59, 0x08, 0x10, 0x03, 0x14, 0x50, 0x59, 0x03, 0x16, 0xA0, 0x18, 0x01, 0x90, 0x18, 0x01,
    0x80, 0x18, 0x01, 0x70, 0x18, 0x01, 0x60, 0x18, 0x01, 0x50, 0x18, 0x01, 0x30, 0x18, 0x01, 0xDF,
    0x18, 0x01, 0x5D, 0x71, 0x71, 0x71, 0x71, 0x71, 0x71, 0x71, 0x00, 0x3F, 0x2B, 0x00, 0x18, 0x3F,
    0x2B, 0x11, 0x12, 0x01, 0x39, 0x39, 0x11, 0x33, 0x11, 0x33, 0x31, 0x30, 0x01, 0x10, 0x02, 0x23,
    0x22, 0x02, 0x11, 0x10, 0x21, 0x32, 0x12, 0x03, 0x34, 0x26, 0x23, 0x22, 0x06, 0x15, 0x14, 0x16,
    0x33, 0x32, 0x36, 0x04, 0x1D, 0xFA, 0xEE, 0xED, 0xF2, 0x01, 0xE5, 0xF8, 0xEA, 0xBD, 0x85, 0x9D,
    0x9E, 0x8D, 0x8B, 0x95, 0xA2, 0x8B, 0x02, 0x1E, 0xFE, 0xE4, 0xFE, 0xEA, 0x01, 0x21, 0x01, 0x11,
    0x02, 0x30, 0xFE, 0xEF, 0xFE, 0xE1, 0xE0, 0xCB, 0xCF, 0xDC, 0xD6, 0xD7, 0xD0, 0x00, 0x00, 0x02,
    0x00, 0x84, 0xFE, 0x57, 0x04, 0x1D, 0x04, 0x4D, 0x00, 0x17, 0x00, 0x24, 0x00, 0x5D, 0x40, 0x37,
    0x18, 0x00, 0x1F, 0x11, 0x08, 0x08, 0x09, 0x00, 0x09, 0x26, 0x25, 0x11, 0x04, 0x15, 0x02, 0x15,
    0x1B, 0x50, 0x59, 0x15, 0x10, 0x0C, 0x0F, 0x08, 0x1B, 0x02, 0x22, 0x50, 0x59, 0x02, 0x16, 0xB0,
    0x26, 0x01, 0x3F, 0x26, 0x01, 0x90, 0x26, 0x01, 0x70, 0x26, 0x01, 0x1F, 0x26, 0x01, 0xFF, 0x26,
    0x01, 0xE0, 0x26, 0x01, 0xC0, 0x26, 0x01, 0x5D, 0x5D, 0x5D, 0x71, 0x71, 0x71, 0x72, 0x72, 0x00,
    0x3F, 0x2B, 0x00, 0x18, 0x3F, 0x3F, 0x3F, 0x2B, 0x11, 0x12, 0x00, 0x39, 0x39, 0x11, 0x12, 0x01,
    0x39, 0x39, 0x11, 0x33, 0x11, 0x33, 0x33, 0x11, 0x33, 0x31, 0x30, 0x01, 0x10, 0x21, 0x22, 0x27,
    0x23, 0x16, 0x15, 0x11, 0x23, 0x11, 0x34, 0x27, 0x33, 0x1E, 0x02, 0x15, 0x33, 0x3E, 0x01, 0x33,
    0x32, 0x12, 0x03, 0x34, 0x26, 0x23, 0x22, 0x0E, 0x01, 0x15, 0x14, 0x16, 0x33, 0x32, 0x36, 0x04,
    0x1D, 0xFE, 0x72, 0xFA, 0x56, 0x05, 0x04, 0xB4, 0x06, 0xAE, 0x01, 0x04, 0x05, 0x04, 0x30, 0x9E,
    0x81, 0xC8, 0xC6, 0xBD, 0x7A, 0x85, 0x6B, 0x79, 0x3F, 0x88, 0x99, 0x86, 0x7B, 0x02, 0x22, 0xFD,
    0xCA, 0xBC, 0x08, 0xA2, 0xFE, 0x59, 0x05, 0x06, 0xA7, 0x36, 0x04, 0x31, 0x66, 0x13, 0x64, 0x5D,
    0xFE, 0xF4, 0xFE, 0xDD, 0xE2, 0xC2, 0x5A, 0xBF, 0x99, 0xD5, 0xCA, 0xC5, 0x00, 0x02, 0x00, 0x56,
    0xFE, 0x57, 0x03, 0xF0, 0x04, 0x4E, 0x00, 0x16, 0x00, 0x22, 0x00, 0x86, 0x40, 0x54, 0x17, 0x08,
    0x11, 0x11, 0x10, 0x1D, 0x03, 0x10, 0x03, 0x24, 0x23, 0x10, 0x1B, 0x0C, 0x10, 0x08, 0x13, 0x05,
    0x00, 0x05, 0x1A, 0x50, 0x59, 0x05, 0x10, 0x00, 0x20, 0x50, 0x59, 0x00, 0x16, 0x40, 0x24, 0x01,
    0x20, 0x24, 0x01, 0xCF, 0x24, 0x01, 0xB0, 0x24, 0x01, 0x90, 0x24, 0x01, 0x20, 0x24, 0x01, 0x00,
    0x24, 0x01, 0x50, 0xDF, 0x24, 0x01, 0xC0, 0x24, 0x01, 0x4F, 0x24, 0x01, 0xA0, 0x24, 0x01, 0x80,
    0x24, 0x01, 0x2F, 0x24, 0x01, 0x0F, 0x24, 0x01, 0xF0, 0x24, 0x01, 0xD0, 0x24, 0x01, 0x0F, 0x24,
    0x01, 0x08, 0x5E, 0x5D, 0x5D, 0x5D, 0x71, 0x71, 0x71, 0x71, 0x72, 0x72, 0x72, 0x5E, 0x5D, 0x5D,
    0x5D, 0x5D, 0x5D, 0x71, 0x71, 0x00, 0x3F, 0x2B, 0x00, 0x18, 0x3F, 0x2B, 0x11, 0x12, 0x00, 0x39,
    0x39, 0x18, 0x3F, 0x3F, 0x11, 0x12, 0x01, 0x39, 0x39, 0x11, 0x33, 0x11, 0x33, 0x11, 0x33, 0x33,
    0x31, 0x30, 0x05, 0x22, 0x02, 0x11, 0x10, 0x21, 0x32, 0x16, 0x17, 0x33, 0x34, 0x36, 0x37, 0x33,
    0x06, 0x15, 0x11, 0x23, 0x11, 0x37, 0x23, 0x0E, 0x01, 0x13, 0x34, 0x26, 0x23, 0x22, 0x06, 0x15,
    0x14, 0x16, 0x33, 0x32, 0x36, 0x01, 0xE4, 0xCE, 0xC0, 0x01, 0x8E, 0x7B, 0xA0, 0x36, 0x02, 0x08,
    0x04, 0xAD, 0x07, 0xB4, 0x04, 0x02, 0x36, 0x9E, 0xD2, 0x8A, 0x97, 0x89, 0x78, 0x79, 0x86, 0x99,
    0x8A, 0x14, 0x01, 0x16, 0x01, 0x16, 0x02, 0x36, 0x57, 0x65, 0x1E, 0x93, 0x05, 0x3B, 0xEC, 0xFB,
    0x36, 0x01, 0xB7, 0xA4, 0x6B, 0x5B, 0x02, 0x3E, 0xD3, 0xCC, 0xCC, 0xDF, 0xE3, 0xC4, 0xDA, 0x00,
    0x00, 0x01, 0x00, 0x88, 0x00, 0x00, 0x02, 0x88, 0x04, 0x4E, 0x00, 0x13, 0x00, 0x23, 0x40, 0x10,
    0x06, 0x13, 0x13, 0x00, 0x00, 0x0C, 0x14, 0x15, 0x0F, 0x06, 0x0A, 0x10, 0x04, 0x0F, 0x00, 0x15,
    0x00, 0x3F, 0x3F, 0x3F, 0x33, 0x33, 0x11, 0x12, 0x01, 0x39, 0x39, 0x11, 0x33, 0x11, 0x33, 0x31,
    0x30, 0x33, 0x11, 0x34, 0x27, 0x33, 0x16, 0x15, 0x33, 0x3E, 0x01, 0x33, 0x32, 0x17, 0x15, 0x26,
    0x23, 0x22, 0x06, 0x15, 0x11, 0x8E, 0x06, 0xAA, 0x08, 0x04, 0x2B, 0x70, 0x66, 0x24, 0x25, 0x24,
    0x3C, 0x70, 0x76, 0x03, 0x3E, 0x72, 0x8A, 0xB8, 0x25, 0x8B, 0x66, 0x0A, 0xA5, 0x0A, 0xC1, 0xB4,
    0xFD, 0xCC, 0x00, 0x01, 0x00, 0x39, 0xFF, 0xEC, 0x03, 0xB6, 0x04, 0x4B, 0x00, 0x2A, 0x00, 0x64,
    0x40, 0x3C, 0x07, 0x06, 0x22, 0x15, 0x1C, 0x1B, 0x0D, 0x00, 0x00, 0x1B, 0x15, 0x06, 0x04, 0x2B,
    0x2C, 0x0D, 0x22, 0x03, 0x18, 0x18, 0x1F, 0x50, 0x59, 0x1C, 0x18, 0x10, 0x03, 0x0A, 0x50, 0x59,
    0x07, 0x03, 0x16, 0x10, 0x2C, 0x01, 0x00, 0x2C, 0x01, 0xF0, 0x2C, 0x01, 0xE0, 0x2C, 0x01, 0xC0,
    0x2C, 0x01, 0x60, 0x2C, 0x01, 0x80, 0x2C, 0x01, 0x3F, 0x2C, 0x01, 0x10, 0x2C, 0x01, 0x5D, 0x5D,
    0x5D, 0x71, 0x71, 0x71, 0x71, 0x72, 0x72, 0x00, 0x3F, 0x33, 0x2B, 0x00, 0x18, 0x3F, 0x33, 0x2B,
    0x11, 0x12, 0x00, 0x39, 0x39, 0x11, 0x12, 0x01, 0x17, 0x39, 0x11, 0x33, 0x11, 0x33, 0x11, 0x33,
    0x11, 0x33, 0x31, 0x30, 0x01, 0x14, 0x06, 0x23, 0x22, 0x26, 0x27, 0x37, 0x1E, 0x01, 0x33, 0x32,
    0x36, 0x35, 0x34, 0x26, 0x2F, 0x01, 0x2E, 0x02, 0x35, 0x34, 0x36, 0x33, 0x32, 0x16, 0x17, 0x07,
    0x2E, 0x01, 0x23, 0x22, 0x06, 0x15, 0x14, 0x1E, 0x01, 0x17, 0x1E, 0x03, 0x03, 0xB6, 0xE7, 0xD0,
    0xCA, 0xDB, 0x21, 0x9F, 0x17, 0x90, 0x80, 0x89, 0x7F, 0x58, 0x62, 0x81, 0x9B, 0x83, 0x4A, 0xD3,
    0xCA, 0xB3, 0xD3, 0x1C, 0xA2, 0x0F, 0x83, 0x6E, 0x7A, 0x74, 0x30, 0x5E, 0x97, 0x8F, 0x7E, 0x49,
    0x28, 0x01, 0x2B, 0x99, 0xA6, 0x85, 0x8D, 0x1F, 0x57, 0x51, 0x54, 0x54, 0x40, 0x50, 0x1A, 0x22,
    0x28, 0x4D, 0x6E, 0x50, 0x94, 0x9B, 0x7E, 0x8B, 0x14, 0x48, 0x4D, 0x4A, 0x4B, 0x2E, 0x3C, 0x2A,
    0x25, 0x24, 0x3D, 0x4A, 0x61, 0x00, 0x00, 0x01, 0x00, 0x1F, 0xFF, 0xF0, 0x02, 0x2A, 0x05, 0x2C,
    0x00, 0x14, 0x00, 0x45, 0x40, 0x24, 0x0D, 0x14, 0x14, 0x0B, 0x0F, 0x0F, 0x09, 0x04, 0x04, 0x16,
    0x15, 0x0E, 0x05, 0x08, 0x05, 0x50, 0x59, 0x0B, 0x0F, 0x09, 0x01, 0x0C, 0x03, 0x09, 0x40, 0x08,
    0x0F, 0x02, 0x12, 0x50, 0x59, 0x02, 0x16, 0x80, 0x16, 0x01, 0x5D, 0x00, 0x3F, 0x2B, 0x00, 0x18,
    0x3F, 0x1A, 0xCD, 0x5F, 0x5E, 0x5D, 0x33, 0x2B, 0x11, 0x00, 0x33, 0x11, 0x12, 0x01, 0x39, 0x11,
    0x33, 0x33, 0x11, 0x33, 0x32, 0x11, 0x33, 0x31, 0x30, 0x25, 0x06, 0x23, 0x22, 0x35, 0x11, 0x23,
    0x35, 0x33, 0x37, 0x33, 0x15, 0x33, 0x15, 0x23, 0x11, 0x14, 0x16, 0x33, 0x32, 0x37, 0x02, 0x2A,
    0x59, 0x5D, 0xD8, 0x7D, 0x84, 0x35, 0x78, 0xC8, 0xC8, 0x33, 0x3F, 0x24, 0x44, 0x08, 0x18, 0xF5,
    0x02, 0xD2, 0x83, 0xF2, 0xF2, 0x83, 0xFD, 0x55, 0x4E, 0x3F, 0x0E, 0x00, 0x00, 0x01, 0x00, 0x85,
    0xFF, 0xEC, 0x03, 0xEB, 0x04, 0x3A, 0x00, 0x1A, 0x00, 0x5F, 0x40, 0x3B, 0x12, 0x08, 0x08, 0x0B,
    0x01, 0x19, 0x0B, 0x19, 0x1C, 0x1B, 0x12, 0x05, 0x16, 0x05, 0x50, 0x59, 0x16, 0x16, 0x0D, 0x15,
    0x09, 0x00, 0x0F, 0xD0, 0x1C, 0x01, 0xC0, 0x1C, 0x01, 0xB0, 0x1C, 0x01, 0xF0, 0x1C, 0x01, 0xB0,
    0x1C, 0x01, 0xFF, 0x1C, 0x01, 0xE0, 0x1C, 0x01, 0xD0, 0x1C, 0x01, 0xC0, 0x1C, 0x01, 0xB0, 0x1C,
    0x01, 0xA0, 0x1C, 0x01, 0x70, 0x1C, 0x01, 0x5D, 0x5D, 0x5D, 0x5D, 0x5D, 0x5D, 0x5D, 0x71, 0x71,
    0x72, 0x72, 0x72, 0x00, 0x3F, 0x32, 0x3F, 0x3F, 0x2B, 0x11, 0x00, 0x33, 0x11, 0x12, 0x01, 0x39,
    0x39, 0x11, 0x33, 0x11, 0x33, 0x11, 0x33, 0x31, 0x30, 0x01, 0x11, 0x14, 0x1E, 0x01, 0x33, 0x32,
    0x36, 0x35, 0x11, 0x33, 0x11, 0x14, 0x17, 0x23, 0x2E, 0x02, 0x27, 0x23, 0x0E, 0x01, 0x23, 0x22,
    0x26, 0x35, 0x11, 0x01, 0x3A, 0x2A, 0x5C, 0x59, 0x82, 0x96, 0xB4, 0x06, 0xAA, 0x01, 0x02, 0x03,
    0x02, 0x03, 0x3E, 0xA3, 0x79, 0xB2, 0xA5, 0x04, 0x3A, 0xFD, 0x52, 0x6B, 0x76, 0x34, 0xB2, 0x9E,
    0x02, 0x73, 0xFC, 0xAD, 0xBD, 0x2A, 0x05, 0x2C, 0x39, 0x4F, 0x70, 0x5D, 0xB1, 0xCC, 0x02, 0xD1,
    0x00, 0x01, 0x00, 0x07, 0x00, 0x00, 0x03, 0xF9, 0x04, 0x3A, 0x00, 0x0A, 0x01, 0x5C, 0x40, 0xF8,
    0x01, 0x00, 0x06, 0x09, 0x0A, 0x03, 0x02, 0x02, 0x06, 0x0A, 0x03, 0x0B, 0x0C, 0x09, 0x02, 0x0F,
    0x06, 0x01, 0x15, 0x9B, 0x0C, 0x01, 0x84, 0x0C, 0x01, 0x60, 0x0C, 0x01, 0x54, 0x0C, 0x01, 0x44,
    0x0C, 0x01, 0x20, 0x0C, 0x01, 0x14, 0x0C, 0x01, 0x04, 0x0C, 0x01, 0xE0, 0x0C, 0x01, 0xD4, 0x0C,
    0x01, 0xC4, 0x0C, 0x01, 0xA0, 0x0C, 0x01, 0x94, 0x0C, 0x01, 0x84, 0x0C, 0x01, 0x60, 0x0C, 0x01,
    0x54, 0x0C, 0x01, 0x44, 0x0C, 0x01, 0x14, 0x0C, 0x01, 0x04, 0x0C, 0x01, 0x67, 0xD4, 0x0C, 0x01,
    0xC4, 0x0C, 0x01, 0x94, 0x0C, 0x01, 0x84, 0x0C, 0x01, 0x54, 0x0C, 0x01, 0x44, 0x0C, 0x01, 0x14,
    0x0C, 0x01, 0x04, 0x0C, 0x01, 0xDB, 0x0C, 0x01, 0xC4, 0x0C, 0x01, 0x9B, 0x0C, 0x01, 0x84, 0x0C,
    0x01, 0x5B, 0x0C, 0x01, 0x44, 0x0C, 0x01, 0x1B, 0x0C, 0x01, 0x04, 0x0C, 0x01, 0xDB, 0x0C, 0x01,
    0xC4, 0x0C, 0x01, 0x9B, 0x0C, 0x01, 0x8B, 0x0C, 0x01, 0x5B, 0x0C, 0x01, 0x4B, 0x0C, 0x01, 0x1B,
    0x0C, 0x01, 0x0B, 0x0C, 0x01, 0x37, 0xDB, 0x0C, 0x01, 0xCB, 0x0C, 0x01, 0x9B, 0x0C, 0x01, 0x8B,
    0x0C, 0x01, 0x5B, 0x0C, 0x01, 0x4B, 0x0C, 0x01, 0x3F, 0x0C, 0x01, 0x20, 0x0C, 0x01, 0x14, 0x0C,
    0x01, 0x04, 0x0C, 0x01, 0xE0, 0x0C, 0x01, 0xD4, 0x0C, 0x01, 0xC4, 0x0C, 0x01, 0xA0, 0x0C, 0x01,
    0x94, 0x0C, 0x01, 0x84, 0x0C, 0x01, 0x60, 0x0C, 0x01, 0x54, 0x0C, 0x01, 0x44, 0x0C, 0x01, 0x20,
    0x0C, 0x01, 0x14, 0x0C, 0x01, 0x04, 0x0C, 0x01, 0xD4, 0x0C, 0x01, 0xC4, 0x0C, 0x01, 0xA0, 0x0C,
    0x01, 0x94, 0x0C, 0x01, 0x84, 0x0C, 0x01, 0x60, 0x0C, 0x01, 0x02, 0x50, 0x0C, 0x01, 0x2F, 0x0C,
    0x01, 0x10, 0x0C, 0x01, 0x00, 0x0C, 0x01, 0x07, 0x5E, 0x5D, 0x5D, 0x5D, 0x5D, 0x5F, 0x5D, 0x5D,
    0x5D, 0x5D, 0x5D, 0x5D, 0x71, 0x71, 0x71, 0x71, 0x71, 0x71, 0x71, 0x71, 0x71, 0x71, 0x71, 0x71,
    0x72, 0x72, 0x72, 0x72, 0x72, 0x72, 0x72, 0x72, 0x72, 0x72, 0x5E, 0x5D, 0x5D, 0x5D, 0x5D, 0x5D,
    0x5D, 0x5D, 0x5D, 0x71, 0x71, 0x71, 0x71, 0x71, 0x71, 0x71, 0x71, 0x72, 0x72, 0x72, 0x72, 0x72,
    0x72, 0x72, 0x72, 0x5E, 0x5D, 0x5D, 0x5D, 0x5D, 0x5D, 0x5D, 0x5D, 0x5D, 0x5D, 0x5D, 0x5D, 0x71,
    0x71, 0x71, 0x71, 0x71, 0x71, 0x71, 0x71, 0x00, 0x3F, 0x33, 0x3F, 0x33, 0x11, 0x12, 0x01, 0x17,
    0x39, 0x11, 0x33, 0x11, 0x33, 0x11, 0x33, 0x33, 0x31, 0x30, 0x21, 0x23, 0x01, 0x33, 0x13, 0x16,
    0x17, 0x3F, 0x01, 0x13, 0x33, 0x02, 0x65, 0xD5, 0xFE, 0x77, 0xC0, 0xEE, 0x0D, 0x38, 0x23, 0x27,
    0xF6, 0xBF, 0x04, 0x3A, 0xFD, 0x40, 0x28, 0xC5, 0x75, 0x76, 0x02, 0xC2, 0x00, 0x01, 0xFF, 0xFD,
    0x00, 0x00, 0x05, 0xCC, 0x04, 0x3A, 0x00, 0x14, 0x01, 0xAE, 0x40, 0xFF, 0x01, 0x00, 0x11, 0x07,
    0x06, 0x0C, 0x0F, 0x0E, 0x03, 0x13, 0x09, 0x0C, 0x03, 0x11, 0x03, 0x14, 0x08, 0x07, 0x14, 0x01,
    0x14, 0x16, 0x08, 0x08, 0x01, 0x0B, 0x08, 0x15, 0x03, 0x0E, 0x13, 0x03, 0x08, 0x0F, 0x01, 0x0C,
    0x11, 0x03, 0x07, 0x15, 0x76, 0x16, 0x01, 0x66, 0x16, 0x01, 0x54, 0x16, 0x01, 0x46, 0x16, 0x01,
    0x36, 0x16, 0x01, 0x24, 0x16, 0x01, 0x16, 0x16, 0x01, 0x04, 0x16, 0x01, 0xF4, 0x16, 0x01, 0xE6,
    0x16, 0x01, 0xC4, 0x16, 0x01, 0xB2, 0x16, 0x01, 0xA4, 0x16, 0x01, 0x96, 0x16, 0x01, 0x86, 0x16,
    0x01, 0x66, 0x16, 0x01, 0x54, 0x16, 0x01, 0x44, 0x16, 0x01, 0x36, 0x16, 0x01, 0x14, 0x16, 0x01,
    0x06, 0x16, 0x01, 0x69, 0xF6, 0x16, 0x01, 0xE2, 0x16, 0x01, 0xD4, 0x16, 0x01, 0xC6, 0x16, 0x01,
    0xB6, 0x16, 0x01, 0x96, 0x16, 0x01, 0x84, 0x16, 0x01, 0x74, 0x16, 0x01, 0x66, 0x16, 0x01, 0x46,
    0x16, 0x01, 0x36, 0x16, 0x01, 0x24, 0x16, 0x01, 0x16, 0x16, 0x01, 0x06, 0x16, 0x01, 0xF4, 0x16,
    0x01, 0xE6, 0x16, 0x01, 0xB6, 0x16, 0x01, 0xA4, 0x16, 0x01, 0x94, 0x16, 0x01, 0x86, 0x16, 0x01,
    0x69, 0x16, 0x01, 0x56, 0x16, 0x01, 0x44, 0x16, 0x01, 0x36, 0x16, 0x01, 0x06, 0x16, 0x01, 0xE4,
    0x16, 0x01, 0xD6, 0x16, 0x01, 0xC4, 0x16, 0x01, 0xB6, 0x16, 0x01, 0xA6, 0x16, 0x01, 0x89, 0x16,
    0x01, 0x72, 0x16, 0x01, 0x01, 0x60, 0x16, 0x01, 0x54, 0x16, 0x01, 0x24, 0x16, 0x01, 0x04, 0x16,
    0x01, 0x38, 0xF4, 0x16, 0x01, 0xD4, 0x16, 0x01, 0xC4, 0x16, 0x01, 0xA4, 0x16, 0x01, 0x80, 0x16,
    0x01, 0x74, 0x16, 0x01, 0x4B, 0x16, 0x01, 0x30, 0x16, 0x01, 0x24, 0x16, 0x01, 0x14, 0x16, 0x01,
    0xFB, 0x16, 0x01, 0xC4, 0x16, 0x01, 0xA0, 0x16, 0x01, 0x94, 0x16, 0x40, 0x30, 0x01, 0x7B, 0x16,
    0x01, 0x64, 0x16, 0x01, 0x44, 0x16, 0x01, 0x34, 0x16, 0x01, 0x1B, 0x16, 0x01, 0xF0, 0x16, 0x01,
    0xE4, 0x16, 0x01, 0xCB, 0x16, 0x01, 0xB4, 0x16, 0x01, 0x94, 0x16, 0x01, 0x84, 0x16, 0x01, 0x64,
    0x16, 0x01, 0x3F, 0x16, 0x01, 0x02, 0x10, 0x16, 0x01, 0x00, 0x16, 0x01, 0x08, 0x5E, 0x5D, 0x5D,
    0x5F, 0x5D, 0x5D, 0x5D, 0x5D, 0x5D, 0x5D, 0x5D, 0x5D, 0x71, 0x71, 0x71, 0x71, 0x71, 0x71, 0x71,
    0x71, 0x71, 0x72, 0x72, 0x72, 0x72, 0x72, 0x72, 0x72, 0x72, 0x72, 0x72, 0x5E, 0x5D, 0x5D, 0x5D,
    0x5D, 0x5F, 0x5D, 0x5D, 0x5D, 0x5D, 0x5D, 0x5D, 0x5D, 0x71, 0x71, 0x71, 0x71, 0x71, 0x71, 0x71,
    0x71, 0x71, 0x71, 0x71, 0x72, 0x72, 0x72, 0x72, 0x72, 0x72, 0x72, 0x72, 0x72, 0x72, 0x72, 0x72,
    0x72, 0x72, 0x5E, 0x5D, 0x5D, 0x5D, 0x5D, 0x5D, 0x5D, 0x5D, 0x5D, 0x5D, 0x5D, 0x5D, 0x5D, 0x5D,
    0x71, 0x71, 0x71, 0x71, 0x71, 0x71, 0x71, 0x71, 0x00, 0x3F, 0x17, 0x33, 0x3F, 0x17, 0x33, 0x11,
    0x01, 0x33, 0x5E, 0x5D, 0x11, 0x33, 0x5D, 0x11, 0x12, 0x17, 0x39, 0x33, 0x32, 0x11, 0x33, 0x33,
    0x11, 0x33, 0x33, 0x11, 0x33, 0x33, 0x31, 0x30, 0x21, 0x23, 0x03, 0x27, 0x0E, 0x01, 0x03, 0x23,
    0x01, 0x33, 0x13, 0x16, 0x17, 0x37, 0x13, 0x33, 0x13, 0x17, 0x37, 0x13, 0x33, 0x04, 0x96, 0xD1,
    0xBD, 0x24, 0x09, 0x26, 0xB9, 0xD0, 0xFE, 0xD1, 0xB2, 0xB7, 0x07, 0x24, 0x11, 0xE2, 0xC1, 0xBD,
    0x2E, 0x1F, 0xCD, 0xB0, 0x02, 0xFD, 0xA9, 0x2D, 0xA9, 0xFD, 0x30, 0x04, 0x3A, 0xFD, 0x21, 0x18,
    0xAE, 0x4A, 0x03, 0x5B, 0xFD, 0x19, 0xBE, 0x8B, 0x03, 0x1A, 0x00, 0x01, 0x00, 0x17, 0x00, 0x00,
    0x03, 0xEA, 0x04, 0x3A, 0x00, 0x0B, 0x01, 0x54, 0x40, 0xA0, 0x00, 0x0B, 0x08, 0x09, 0x0A, 0x04,
    0x01, 0x07, 0x06, 0x05, 0x02, 0x03, 0x03, 0x05, 0x07, 0x09, 0x0B, 0x05, 0x0D, 0x0C, 0x84, 0x0D,
    0x01, 0x76, 0x0D, 0x01, 0x44, 0x0D, 0x54, 0x0D, 0x64, 0x0D, 0x03, 0x36, 0x0D, 0x01, 0x24, 0x0D,
    0x01, 0x16, 0x0D, 0x01, 0x04, 0x0D, 0x01, 0xF6, 0x0D, 0x01, 0xE4, 0x0D, 0x01, 0xD6, 0x0D, 0x01,
    0xC4, 0x0D, 0x01, 0xB6, 0x0D, 0x01, 0xA4, 0x0D, 0x01, 0x76, 0x0D, 0x86, 0x0D, 0x96, 0x0D, 0x03,
    0x64, 0x0D, 0x01, 0x06, 0x0D, 0x16, 0x0D, 0x26, 0x0D, 0x46, 0x0D, 0x56, 0x0D, 0x05, 0x67, 0x06,
    0x0D, 0x46, 0x0D, 0x56, 0x0D, 0x86, 0x0D, 0x96, 0x0D, 0xC6, 0x0D, 0xD6, 0x0D, 0xE6, 0x0D, 0x08,
    0x99, 0x0D, 0xD9, 0x0D, 0x02, 0x64, 0x0D, 0x01, 0x56, 0x0D, 0x01, 0x44, 0x0D, 0x01, 0x36, 0x0D,
    0x01, 0x24, 0x0D, 0x01, 0x16, 0x0D, 0x01, 0x04, 0x0D, 0x01, 0xD6, 0x0D, 0xE6, 0x0D, 0xF6, 0x0D,
    0x03, 0xC4, 0x0D, 0x01, 0x06, 0x0D, 0x26, 0x0D, 0x36, 0x0D, 0x46, 0x0D, 0x04, 0x37, 0x66, 0x0D,
    0xA6, 0x0D, 0xB6, 0x0D, 0xE6, 0x0D, 0xF6, 0x0D, 0x05, 0x0D, 0xB8, 0xFF, 0xC0, 0x40, 0x36, 0x3D,
    0x42, 0x48, 0x39, 0x0D, 0x01, 0x22, 0x0D, 0x01, 0x01, 0x00, 0x0D, 0x10, 0x0D, 0x02, 0xF4, 0x0D,
    0x01, 0xC0, 0x0D, 0xD0, 0x0D, 0xE0, 0x0D, 0x03, 0xB4, 0x0D, 0x01, 0x80, 0x0D, 0x90, 0x0D, 0xA0,
    0x0D, 0x03, 0x74, 0x0D, 0x01, 0x60, 0x0D, 0x01, 0x54, 0x0D, 0x01, 0x40, 0x0D, 0x01, 0x34, 0x0D,
    0x01, 0x20, 0x0D, 0x01, 0x0D, 0xB8, 0xFF, 0xC0, 0x40, 0x22, 0x12, 0x18, 0x48, 0xA0, 0x0D, 0x01,
    0x02, 0x00, 0x0D, 0x10, 0x0D, 0x50, 0x0D, 0x70, 0x0D, 0x80, 0x0D, 0x90, 0x0D, 0x06, 0x07, 0x0A,
    0x04, 0x01, 0x04, 0x07, 0x03, 0x02, 0x08, 0x06, 0x0F, 0x00, 0x02, 0x15, 0x00, 0x3F, 0x33, 0x3F,
    0x33, 0x12, 0x17, 0x39, 0x11, 0x33, 0x01, 0x5E, 0x5D, 0x5F, 0x5D, 0x2B, 0x71, 0x71, 0x71, 0x71,
    0x71, 0x71, 0x71, 0x71, 0x71, 0x71, 0x72, 0x5F, 0x72, 0x72, 0x2B, 0x72, 0x5E, 0x5D, 0x5D, 0x5D,
    0x71, 0x71, 0x71, 0x71, 0x71, 0x71, 0x71, 0x71, 0x72, 0x5E, 0x5D, 0x5D, 0x5D, 0x5D, 0x5D, 0x5D,
    0x5D, 0x5D, 0x5D, 0x71, 0x71, 0x71, 0x71, 0x71, 0x71, 0x71, 0x11, 0x12, 0x17, 0x39, 0x11, 0x33,
    0x11, 0x33, 0x11, 0x33, 0x33, 0x33, 0x11, 0x33, 0x11, 0x33, 0x31, 0x30, 0x21, 0x09, 0x01, 0x23,
    0x09, 0x01, 0x33, 0x09, 0x01, 0x33, 0x09, 0x01, 0x03, 0x21, 0xFE, 0xDD, 0xFE, 0xDB, 0xC2, 0x01,
    0x81, 0xFE, 0x91, 0xC7, 0x01, 0x0E, 0x01, 0x0C, 0xC9, 0xFE, 0x91, 0x01, 0x86, 0x01, 0xBC, 0xFE,
    0x44, 0x02, 0x2C, 0x02, 0x0E, 0xFE, 0x5B, 0x01, 0xA5, 0xFD, 0xF4, 0xFD, 0xD2, 0x00, 0x00, 0x01,
    0x00, 0x05, 0xFE, 0x57, 0x03, 0xFC, 0x04, 0x3A, 0x00, 0x16, 0x01, 0xE4, 0x40, 0xFF, 0x13, 0x08,
    0x0F, 0x11, 0x12, 0x0A, 0x09, 0x09, 0x03, 0x0F, 0x12, 0x04, 0x18, 0x17, 0x08, 0x13, 0x0F, 0x13,
    0x17, 0x11, 0x09, 0x0F, 0x00, 0x05, 0x50, 0x59, 0x00, 0x1B, 0x92, 0x18, 0x01, 0x82, 0x18, 0x01,
    0x74, 0x18, 0x01, 0x64, 0x18, 0x01, 0x52, 0x18, 0x01, 0x42, 0x18, 0x01, 0x34, 0x18, 0x01, 0x24,
    0x18, 0x01, 0x12, 0x18, 0x01, 0x02, 0x18, 0x01, 0xF4, 0x18, 0x01, 0xE4, 0x18, 0x01, 0xD2, 0x18,
    0x01, 0xC2, 0x18, 0x01, 0xB4, 0x18, 0x01, 0xA4, 0x18, 0x01, 0x92, 0x18, 0x01, 0x82, 0x18, 0x01,
    0x74, 0x18, 0x01, 0x64, 0x18, 0x01, 0x56, 0x18, 0x01, 0x42, 0x18, 0x01, 0x34, 0x18, 0x01, 0x24,
    0x18, 0x01, 0x16, 0x18, 0x01, 0x02, 0x18, 0x01, 0x67, 0xF4, 0x18, 0x01, 0xE4, 0x18, 0x01, 0xD6,
    0x18, 0x01, 0xC2, 0x18, 0x01, 0xB4, 0x18, 0x01, 0xA4, 0x18, 0x01, 0x96, 0x18, 0x01, 0x82, 0x18,
    0x01, 0x74, 0x18, 0x01, 0x64, 0x18, 0x01, 0x56, 0x18, 0x01, 0x42, 0x18, 0x01, 0x34, 0x18, 0x01,
    0x24, 0x18, 0x01, 0x16, 0x18, 0x01, 0x02, 0x18, 0x01, 0xF4, 0x18, 0x01, 0xE4, 0x18, 0x01, 0xD6,
    0x18, 0x01, 0xC2, 0x18, 0x01, 0x01, 0xB0, 0x18, 0x01, 0xA0, 0x18, 0x01, 0x94, 0x18, 0x01, 0x84,
    0x18, 0x01, 0x70, 0x18, 0x01, 0x60, 0x18, 0x01, 0x54, 0x18, 0x01, 0x44, 0x18, 0x01, 0x30, 0x18,
    0x01, 0x20, 0x18, 0x01, 0x14, 0x18, 0x01, 0x04, 0x18, 0x01, 0xF0, 0x18, 0x01, 0xE0, 0x18, 0x01,
    0xD4, 0x18, 0x01, 0xC4, 0x18, 0x01, 0xB0, 0x18, 0x01, 0xA0, 0x18, 0x01, 0x94, 0x18, 0x01, 0x84,
    0x18, 0x01, 0x70, 0x18, 0x01, 0x60, 0x18, 0x01, 0x54, 0x18, 0x01, 0x44, 0x18, 0x01, 0x30, 0x18,
    0x01, 0x20, 0x18, 0x01, 0x14, 0x18, 0x01, 0x04, 0x18, 0x01, 0x37, 0xE0, 0x18, 0x40, 0x5A, 0x01,
    0xD4, 0x18, 0x01, 0xC4, 0x18, 0x01, 0xA0, 0x18, 0x01, 0x94, 0x18, 0x01, 0x84, 0x18, 0x01, 0x60,
    0x18, 0x01, 0x54, 0x18, 0x01, 0x44, 0x18, 0x01, 0x20, 0x18, 0x01, 0x14, 0x18, 0x01, 0x04, 0x18,
    0x01, 0xE0, 0x18, 0x01, 0xD4, 0x18, 0x01, 0xC4, 0x18, 0x01, 0xA0, 0x18, 0x01, 0x94, 0x18, 0x01,
    0x84, 0x18, 0x01, 0x60, 0x18, 0x01, 0x02, 0x50, 0x18, 0x01, 0x30, 0x18, 0x01, 0x20, 0x18, 0x01,
    0x00, 0x18, 0x01, 0xC0, 0x18, 0x01, 0x90, 0x18, 0x01, 0x80, 0x18, 0x01, 0x50, 0x18, 0x01, 0x2F,
    0x18, 0x01, 0x10, 0x18, 0x01, 0x00, 0x18, 0x01, 0x07, 0x5E, 0x5D, 0x5D, 0x5D, 0x5D, 0x5D, 0x5D,
    0x5D, 0x71, 0x71, 0x71, 0x71, 0x5F, 0x71, 0x71, 0x71, 0x71, 0x71, 0x71, 0x71, 0x72, 0x72, 0x72,
    0x72, 0x72, 0x72, 0x72, 0x72, 0x72, 0x72, 0x72, 0x72, 0x5E, 0x5D, 0x5D, 0x5D, 0x5D, 0x5D, 0x5D,
    0x5D, 0x5D, 0x5D, 0x5D, 0x5D, 0x5D, 0x5D, 0x5D, 0x5D, 0x5D, 0x71, 0x71, 0x71, 0x71, 0x71, 0x71,
    0x71, 0x71, 0x71, 0x71, 0x71, 0x71, 0x5F, 0x71, 0x71, 0x71, 0x71, 0x72, 0x72, 0x72, 0x72, 0x72,
    0x72, 0x72, 0x72, 0x72, 0x72, 0x72, 0x72, 0x72, 0x72, 0x72, 0x72, 0x5E, 0x5D, 0x5D, 0x5D, 0x5D,
    0x5D, 0x5D, 0x5D, 0x5D, 0x5D, 0x5D, 0x5D, 0x5D, 0x5D, 0x5D, 0x5D, 0x5D, 0x71, 0x71, 0x71, 0x71,
    0x71, 0x71, 0x71, 0x71, 0x71, 0x71, 0x00, 0x3F, 0x2B, 0x00, 0x18, 0x3F, 0x33, 0x11, 0x33, 0x33,
    0x11, 0x33, 0x11, 0x12, 0x01, 0x17, 0x39, 0x11, 0x33, 0x11, 0x33, 0x11, 0x33, 0x33, 0x31, 0x30,
    0x13, 0x22, 0x27, 0x35, 0x16, 0x33, 0x32, 0x3F, 0x01, 0x01, 0x33, 0x13, 0x1E, 0x02, 0x17, 0x37,
    0x13, 0x33, 0x01, 0x0E, 0x02, 0xBF, 0x4A, 0x32, 0x26, 0x2E, 0xA8, 0x62, 0x11, 0xFE, 0x53, 0xC0,
    0xE4, 0x05, 0x0E, 0x4C, 0x03, 0x46, 0xED, 0xBE, 0xFE, 0x60, 0x43, 0x74, 0x8D, 0xFE, 0x57, 0x0B,
    0x87, 0x06, 0xF7, 0x2B, 0x04, 0x35, 0xFD, 0xAA, 0x0E, 0x27, 0xDE, 0x0D, 0xC5, 0x02, 0xB1, 0xFB,
    0xC6, 0xAD, 0xA9, 0x53, 0x00, 0x01, 0x00, 0x53, 0x00, 0x00, 0x03, 0x9A, 0x04, 0x3A, 0x00, 0x09,
    0x01, 0x62, 0x40, 0xFC, 0x02, 0x06, 0x07, 0x01, 0x01, 0x03, 0x06, 0x08, 0x04, 0x0B, 0x0A, 0x06,
    0x03, 0x04, 0x03, 0x50, 0x59, 0x04, 0x0F, 0x01, 0x07, 0x00, 0x07, 0x50, 0x59, 0x00, 0x15, 0xD4,
    0x0B, 0x01, 0xC4, 0x0B, 0x01, 0xB4, 0x0B, 0x01, 0xA4, 0x0B, 0x01, 0x94, 0x0B, 0x01, 0x84, 0x0B,
    0x01, 0x74, 0x0B, 0x01, 0x64, 0x0B, 0x01, 0x54, 0x0B, 0x01, 0x40, 0x0B, 0x01, 0x34, 0x0B, 0x01,
    0x20, 0x0B, 0x01, 0x14, 0x0B, 0x01, 0x00, 0x0B, 0x01, 0xF4, 0x0B, 0x01, 0xE0, 0x0B, 0x01, 0xD4,
    0x0B, 0x01, 0xC0, 0x0B, 0x01, 0xB4, 0x0B, 0x01, 0xA4, 0x0B, 0x01, 0x94, 0x0B, 0x01, 0x84, 0x0B,
    0x01, 0x74, 0x0B, 0x01, 0x64, 0x0B, 0x01, 0x54, 0x0B, 0x01, 0x44, 0x0B, 0x01, 0x34, 0x0B, 0x01,
    0x24, 0x0B, 0x01, 0x04, 0x0B, 0x01, 0xE4, 0x0B, 0x01, 0xC4, 0x0B, 0x01, 0xB4, 0x0B, 0x01, 0xA0,
    0x0B, 0x01, 0x94, 0x0B, 0x01, 0x80, 0x0B, 0x01, 0x74, 0x0B, 0x01, 0x64, 0x0B, 0x01, 0x54, 0x0B,
    0x01, 0x44, 0x0B, 0x01, 0x34, 0x0B, 0x01, 0x24, 0x0B, 0x01, 0x14, 0x0B, 0x01, 0x04, 0x0B, 0x01,
    0x37, 0xF4, 0x0B, 0x01, 0xE4, 0x0B, 0x01, 0xD4, 0x0B, 0x01, 0xC4, 0x0B, 0x01, 0xA4, 0x0B, 0x01,
    0x84, 0x0B, 0x01, 0x64, 0x0B, 0x01, 0x44, 0x0B, 0x01, 0x04, 0x0B, 0x01, 0xF4, 0x0B, 0x01, 0xE4,
    0x0B, 0x01, 0xD4, 0x0B, 0x01, 0xC4, 0x0B, 0x01, 0xB4, 0x0B, 0x01, 0xA4, 0x0B, 0x01, 0x94, 0x0B,
    0x01, 0x84, 0x0B, 0x01, 0x64, 0x0B, 0x01, 0x44, 0x0B, 0x01, 0x24, 0x0B, 0x01, 0x04, 0x0B, 0x01,
    0xE0, 0x0B, 0x01, 0x02, 0xD0, 0x0B, 0x01, 0xC0, 0x0B, 0x01, 0xB0, 0x0B, 0x01, 0xA0, 0x0B, 0x01,
    0x90, 0x0B, 0x01, 0x70, 0x0B, 0x01, 0x50, 0x0B, 0x01, 0x20, 0x0B, 0x01, 0x00, 0x0B, 0x01, 0x07,
    0x5E, 0x5D, 0x5D, 0x5D, 0x5D, 0x5D, 0x5D, 0x5D, 0x5D, 0x5D, 0x5F, 0x5D, 0x71, 0x71, 0x71, 0x71,
    0x71, 0x71, 0x71, 0x71, 0x71, 0x71, 0x71, 0x71, 0x72, 0x72, 0x72, 0x72, 0x72, 0x72, 0x72, 0x72,
    0x72, 0x5E, 0x5D, 0x5D, 0x5D, 0x5D, 0x5D, 0x5D, 0x5D, 0x5D, 0x5D, 0x5D, 0x5D, 0x5D, 0x5D, 0x5D,
    0x71, 0x71, 0x71, 0x71, 0x71, 0x71, 0x71, 0x71, 0x71, 0x71, 0x71, 0x71, 0x71, 0x71, 0x71, 0x72,
    0x72, 0x72, 0x72, 0x72, 0x72, 0x72, 0x72, 0x72, 0x72, 0x72, 0x72, 0x72, 0x72, 0x00, 0x3F, 0x2B,
    0x11, 0x00, 0x33, 0x18, 0x3F, 0x2B, 0x11, 0x00, 0x33, 0x11, 0x12, 0x01, 0x17, 0x39, 0x11, 0x33,
    0x11, 0x33, 0x31, 0x30, 0x33, 0x35, 0x01, 0x21, 0x35, 0x21, 0x15, 0x01, 0x21, 0x15, 0x53, 0x02,
    0x5D, 0xFD, 0xC5, 0x03, 0x10, 0xFD, 0xA2, 0x02, 0x73, 0x89, 0x03, 0x26, 0x8B, 0x89, 0xFC, 0xDA,
    0x8B, 0x00, 0x00, 0x01, 0x00, 0x22, 0xFE, 0x57, 0x02, 0x88, 0x05, 0xCC, 0x00, 0x23, 0x00, 0x5F,
    0x40, 0x3A, 0x16, 0x1E, 0x1E, 0x0B, 0x03, 0x11, 0x22, 0x03, 0x07, 0x04, 0x24, 0x25, 0x19, 0x08,
    0x07, 0x08, 0x07, 0xF5, 0x59, 0x0F, 0x08, 0x4F, 0x08, 0x02, 0x2F, 0x08, 0xBF, 0x08, 0xCF, 0x08,
    0x03, 0x0F, 0x08, 0x2F, 0x08, 0x4F, 0x08, 0xEF, 0x08, 0x04, 0x0B, 0x03, 0x08, 0x08, 0x0F, 0x00,
    0x0F, 0x12, 0xF5, 0x59, 0x0F, 0x00, 0x00, 0x21, 0xF5, 0x59, 0x00, 0x1B, 0x00, 0x3F, 0x2B, 0x00,
    0x18, 0x3F, 0x2B, 0x11, 0x12, 0x00, 0x39, 0x18, 0x2F, 0x5F, 0x5E, 0x5D, 0x71, 0x72, 0x2B, 0x11,
    0x12, 0x00, 0x39, 0x11, 0x12, 0x01, 0x17, 0x39, 0x11, 0x33, 0x33, 0x11, 0x33, 0x31, 0x30, 0x01,
    0x22, 0x26, 0x35, 0x11, 0x34, 0x26, 0x27, 0x35, 0x3E, 0x01, 0x35, 0x11, 0x34, 0x36, 0x3B, 0x01,
    0x15, 0x23, 0x22, 0x06, 0x15, 0x11, 0x14, 0x06, 0x07, 0x15, 0x1E, 0x01, 0x15, 0x11, 0x14, 0x16,
    0x3B, 0x01, 0x15, 0x02, 0x01, 0x7F, 0x89, 0x69, 0x6E, 0x6D, 0x6A, 0x85, 0x83, 0x87, 0x3F, 0x5B,
    0x4D, 0x6A, 0x58, 0x59, 0x69, 0x4D, 0x5B, 0x3F, 0xFE, 0x57, 0x9A, 0x8B, 0x01, 0x69, 0x75, 0x73,
    0x05, 0x7F, 0x04, 0x73, 0x75, 0x01, 0x6A, 0x8D, 0x98, 0x81, 0x6B, 0x6C, 0xFE, 0x9C, 0x5E, 0x89,
    0x15, 0x02, 0x15, 0x88, 0x61, 0xFE, 0x9B, 0x6A, 0x6D, 0x81, 0x00, 0x01, 0x00, 0xB7, 0xFE, 0x4E,
    0x01, 0x5D, 0x05, 0xCC, 0x00, 0x03, 0x01, 0x41, 0x40, 0xE8, 0x00, 0x04, 0x05, 0x01, 0x00, 0x00,
    0x84, 0x05, 0x01, 0x74, 0x05, 0x01, 0x60, 0x05, 0x01, 0x54, 0x05, 0x01, 0x44, 0x05, 0x01, 0x34,
    0x05, 0x01, 0x24, 0x05, 0x01, 0xE0, 0x05, 0x01, 0xD4, 0x05, 0x01, 0xC4, 0x05, 0x01, 0xB4, 0x05,
    0x01, 0xA4, 0x05, 0x01, 0x84, 0x05, 0x01, 0x74, 0x05, 0x01, 0x64, 0x05, 0x01, 0x20, 0x05, 0x01,
    0x14, 0x05, 0x01, 0x04, 0x05, 0x01, 0x68, 0xF4, 0x05, 0x01, 0xE4, 0x05, 0x01, 0xB4, 0x05, 0x01,
    0x70, 0x05, 0x01, 0x64, 0x05, 0x01, 0x54, 0x05, 0x01, 0x44, 0x05, 0x01, 0x34, 0x05, 0x01, 0xC0,
    0x05, 0x01, 0xB0, 0x05, 0x01, 0xA4, 0x05, 0x01, 0x94, 0x05, 0x01, 0x84, 0x05, 0x01, 0x74, 0x05,
    0x01, 0x3B, 0x05, 0x01, 0x2B, 0x05, 0x01, 0x10, 0x05, 0x01, 0x00, 0x05, 0x01, 0x02, 0xF0, 0x05,
    0x01, 0xE0, 0x05, 0x01, 0xD0, 0x05, 0x01, 0xC0, 0x05, 0x01, 0x7F, 0x05, 0x01, 0x6F, 0x05, 0x01,
    0x50, 0x05, 0x01, 0x40, 0x05, 0x01, 0x30, 0x05, 0x01, 0x20, 0x05, 0x01, 0x10, 0x05, 0x01, 0x00,
    0x05, 0x01, 0x38, 0xCF, 0x05, 0x01, 0xB0, 0x05, 0x01, 0xA0, 0x05, 0x01, 0x70, 0x05, 0x01, 0x60,
    0x05, 0x01, 0x1F, 0x05, 0x01, 0x00, 0x05, 0x01, 0xF0, 0x05, 0x01, 0xE0, 0x05, 0x01, 0xA0, 0x05,
    0x01, 0x50, 0x05, 0x01, 0x40, 0x05, 0x01, 0x30, 0x05, 0x01, 0x20, 0x05, 0x01, 0xEF, 0x05, 0x01,
    0xDF, 0x05, 0x01, 0xCF, 0x05, 0x01, 0xBF, 0x05, 0x01, 0xAF, 0x05, 0x01, 0x90, 0x05, 0x01, 0x80,
    0x05, 0x01, 0x70, 0x05, 0x01, 0x40, 0x05, 0x01, 0x2F, 0x05, 0x01, 0x1F, 0x05, 0x01, 0x0F, 0x05,
    0x01, 0x07, 0x5E, 0x5D, 0x5D, 0x5D, 0x5D, 0x5D, 0x5D, 0x5D, 0x5D, 0x5D, 0x5D, 0x5D, 0x5D, 0x71,
    0x71, 0x71, 0x71, 0x71, 0x71, 0x71, 0x72, 0x72, 0x72, 0x72, 0x72, 0x72, 0x72, 0x5E, 0x5D, 0x5D,
    0x5D, 0x5D, 0x5D, 0x5D, 0x5D, 0x5D, 0x5D, 0x5D, 0x5D, 0x5D, 0x5F, 0x71, 0x71, 0x71, 0x71, 0x71,
    0x71, 0x71, 0x71, 0x71, 0x71, 0x72, 0x72, 0x72, 0x72, 0x72, 0x72, 0x72, 0x72, 0x5E, 0x5D, 0x5D,
    0x5D, 0x5D, 0x5D, 0x5D, 0x5D, 0x5D, 0x5D, 0x5D, 0x5D, 0x71, 0x71, 0x71, 0x71, 0x71, 0x71, 0x71,
    0x00, 0x2F, 0x3F, 0x11, 0x12, 0x01, 0x39, 0x31, 0x30, 0x13, 0x11, 0x33, 0x11, 0xB7, 0xA6, 0xFE,
    0x4E, 0x07, 0x7E, 0xF8, 0x82, 0x00, 0x00, 0x01, 0x00, 0x22, 0xFE, 0x57, 0x02, 0x87, 0x05, 0xCC,
    0x00, 0x23, 0x00, 0x5F, 0x40, 0x3A, 0x0B, 0x16, 0x16, 0x04, 0x1D, 0x1A, 0x1D, 0x23, 0x10, 0x04,
    0x24, 0x25, 0x07, 0x19, 0x1A, 0x19, 0x1A, 0xF5, 0x59, 0x0F, 0x19, 0x4F, 0x19, 0x02, 0x2F, 0x19,
    0xBF, 0x19, 0xCF, 0x19, 0x03, 0x0F, 0x19, 0x2F, 0x19, 0x4F, 0x19, 0xEF, 0x19, 0x04, 0x0B, 0x03,
    0x19, 0x19, 0x11, 0x22, 0x22, 0x23, 0xF5, 0x59, 0x22, 0x1B, 0x11, 0x10, 0xF5, 0x59, 0x11, 0x00,
    0x00, 0x3F, 0x2B, 0x00, 0x18, 0x3F, 0x2B, 0x11, 0x12, 0x00, 0x39, 0x18, 0x2F, 0x5F, 0x5E, 0x5D,
    0x71, 0x72, 0x2B, 0x11, 0x12, 0x00, 0x39, 0x11, 0x12, 0x01, 0x17, 0x39, 0x11, 0x33, 0x33, 0x11,
    0x33, 0x31, 0x30, 0x13, 0x32, 0x36, 0x35, 0x11, 0x34, 0x36, 0x37, 0x35, 0x2E, 0x01, 0x35, 0x11,
    0x34, 0x26, 0x2B, 0x01, 0x35, 0x33, 0x32, 0x16, 0x15, 0x11, 0x14, 0x16, 0x17, 0x15, 0x0E, 0x01,
    0x15, 0x11, 0x14, 0x06, 0x2B, 0x01, 0x35, 0x5E, 0x5B, 0x4F, 0x68, 0x59, 0x56, 0x6B, 0x4F, 0x5B,
    0x3C, 0x84, 0x83, 0x85, 0x6A, 0x6F, 0x70, 0x69, 0x89, 0x7F, 0x84, 0xFE, 0xD8, 0x6D, 0x6A, 0x01,
    0x65, 0x62, 0x88, 0x14, 0x02, 0x14, 0x87, 0x61, 0x01, 0x64, 0x6C, 0x6B, 0x81, 0x98, 0x8D, 0xFE,
    0x96, 0x74, 0x74, 0x04, 0x7F, 0x04, 0x74, 0x75, 0xFE, 0x97, 0x8A, 0x9B, 0x81, 0x00, 0x00, 0x01,
    0x00, 0x5C, 0x02, 0x29, 0x04, 0x50, 0x03, 0x27, 0x00, 0x16, 0x00, 0x6F, 0x40, 0x09, 0x08, 0x13,
    0x17, 0x18, 0x00, 0x11, 0xAD, 0x59, 0x08, 0xB8, 0xFF, 0xC0, 0xB4, 0x26, 0x3C, 0x48, 0x08, 0x00,
    0xB8, 0xFF, 0xC0, 0xB3, 0x17, 0x1C, 0x48, 0x00, 0xB8, 0xFF, 0xC0, 0xB3, 0x0E, 0x14, 0x48, 0x00,
    0xB8, 0xFF, 0xC0, 0x40, 0x2C, 0x09, 0x0C, 0x48, 0x00, 0x40, 0x13, 0x40, 0x29, 0x3C, 0x48, 0x13,
    0x0B, 0x0B, 0x05, 0xAD, 0x59, 0x1F, 0x0B, 0x4F, 0x0B, 0x9F, 0x0B, 0x03, 0x6F, 0x0B, 0x7F, 0x0B,
    0x9F, 0x0B, 0xAF, 0x0B, 0xCF, 0x0B, 0xEF, 0x0B, 0xFF, 0x0B, 0x07, 0x0B, 0x40, 0x09, 0x0D, 0x48,
    0x0B, 0x00, 0x2F, 0x2B, 0x5D, 0x71, 0x2B, 0x00, 0x18, 0x10, 0xC4, 0x2B, 0x1A, 0xDD, 0x2B, 0x2B,
    0x2B, 0xC4, 0x2B, 0x2B, 0x11, 0x12, 0x01, 0x39, 0x39, 0x31, 0x30, 0x01, 0x22, 0x26, 0x27, 0x26,
    0x23, 0x22, 0x06, 0x07, 0x35, 0x36, 0x33, 0x32, 0x16, 0x17, 0x1E, 0x01, 0x33, 0x32, 0x37, 0x15,
    0x0E, 0x01, 0x03, 0x4C, 0x45, 0x91, 0x49, 0x81, 0x58, 0x43, 0x74, 0x41, 0x6F, 0x98, 0x34, 0x7F,
    0x82, 0x1F, 0x78, 0x2D, 0x82, 0x72, 0x3A, 0x75, 0x02, 0x29, 0x2C, 0x1A, 0x2D, 0x29, 0x2F, 0x8F,
    0x54, 0x1A, 0x2E, 0x0C, 0x21, 0x5C, 0x95, 0x2A, 0x26, 0x00, 0xFF, 0xFF, 0x00, 0x00, 0x00, 0x00,
    0x00, 0x00, 0x00, 0x00, 0x10, 0x06, 0x00, 0x03, 0x00, 0x00, 0x00, 0x02, 0x00, 0xF2, 0xFE, 0xB9,
    0x01, 0xB8, 0x04, 0x3A, 0x00, 0x03, 0x00, 0x07, 0x01, 0xC2, 0x40, 0xFF, 0x02, 0x03, 0x03, 0x05,
    0x06, 0x06, 0x08, 0x09, 0x00, 0x06, 0x40, 0x07, 0x06, 0x9C, 0x5B, 0x07, 0x0F, 0x06, 0x03, 0x01,
    0x09, 0x03, 0x90, 0x09, 0x01, 0x82, 0x09, 0x01, 0x72, 0x09, 0x01, 0x60, 0x09, 0x01, 0x52, 0x09,
    0x01, 0x42, 0x09, 0x01, 0x32, 0x09, 0x01, 0x22, 0x09, 0x01, 0x12, 0x09, 0x01, 0x02, 0x09, 0x01,
    0xF2, 0x09, 0x01, 0xE2, 0x09, 0x01, 0xD0, 0x09, 0x01, 0xC2, 0x09, 0x01, 0xB2, 0x09, 0x01, 0xA2,
    0x09, 0x01, 0x92, 0x09, 0x01, 0x82, 0x09, 0x01, 0x72, 0x09, 0x01, 0x64, 0x09, 0x01, 0x54, 0x09,
    0x01, 0x42, 0x09, 0x01, 0x32, 0x09, 0x01, 0x22, 0x09, 0x01, 0x12, 0x09, 0x01, 0x02, 0x09, 0x01,
    0x67, 0xF2, 0x09, 0x01, 0xE2, 0x09, 0x01, 0xD4, 0x09, 0x01, 0xC4, 0x09, 0x01, 0xB4, 0x09, 0x01,
    0xA6, 0x09, 0x01, 0x96, 0x09, 0x01, 0x84, 0x09, 0x01, 0x76, 0x09, 0x01, 0x62, 0x09, 0x01, 0x52,
    0x09, 0x01, 0x44, 0x09, 0x01, 0x34, 0x09, 0x01, 0x24, 0x09, 0x01, 0x16, 0x09, 0x01, 0x06, 0x09,
    0x01, 0xF6, 0x09, 0x01, 0xD2, 0x09, 0x01, 0xC2, 0x09, 0x01, 0x01, 0xB0, 0x09, 0x01, 0xA0, 0x09,
    0x01, 0x90, 0x09, 0x01, 0x84, 0x09, 0x01, 0x74, 0x09, 0x01, 0x64, 0x09, 0x01, 0x40, 0x09, 0x01,
    0x30, 0x09, 0x01, 0x20, 0x09, 0x01, 0x10, 0x09, 0x01, 0x00, 0x09, 0x01, 0xF4, 0x09, 0x01, 0xE4,
    0x09, 0x01, 0xD4, 0x09, 0x01, 0xB0, 0x09, 0x01, 0xA0, 0x09, 0x01, 0x94, 0x09, 0x01, 0x84, 0x09,
    0x01, 0x74, 0x09, 0x01, 0x64, 0x09, 0x01, 0x54, 0x09, 0x01, 0x44, 0x09, 0x01, 0x20, 0x09, 0x01,
    0x10, 0x09, 0x01, 0x04, 0x09, 0x01, 0x37, 0xF4, 0x09, 0x01, 0xE4, 0x09, 0x01, 0xB4, 0x09, 0x01,
    0x90, 0x09, 0x01, 0x80, 0x09, 0x01, 0x74, 0x09, 0x01, 0x64, 0x09, 0x40, 0x42, 0x01, 0x54, 0x09,
    0x01, 0x1B, 0x09, 0x01, 0x00, 0x09, 0x01, 0xF0, 0x09, 0x01, 0xE4, 0x09, 0x01, 0xD4, 0x09, 0x01,
    0xC4, 0x09, 0x01, 0x84, 0x09, 0x01, 0x74, 0x09, 0x01, 0x64, 0x09, 0x01, 0x54, 0x09, 0x01, 0x44,
    0x09, 0x01, 0x34, 0x09, 0x01, 0xF4, 0x09, 0x01, 0xE4, 0x09, 0x01, 0xD4, 0x09, 0x01, 0xA4, 0x09,
    0x01, 0x64, 0x09, 0x01, 0x54, 0x09, 0x01, 0x40, 0x09, 0x01, 0x02, 0x0F, 0x09, 0x01, 0x07, 0x5E,
    0x5D, 0x5F, 0x5D, 0x5D, 0x5D, 0x5D, 0x5D, 0x5D, 0x5D, 0x71, 0x71, 0x71, 0x71, 0x71, 0x71, 0x71,
    0x71, 0x71, 0x71, 0x72, 0x72, 0x72, 0x72, 0x72, 0x72, 0x72, 0x72, 0x72, 0x72, 0x5E, 0x5D, 0x5D,
    0x5D, 0x5D, 0x5D, 0x5D, 0x5D, 0x5D, 0x5D, 0x5D, 0x5D, 0x5D, 0x5D, 0x5D, 0x71, 0x71, 0x71, 0x71,
    0x71, 0x71, 0x71, 0x71, 0x71, 0x71, 0x71, 0x5F, 0x71, 0x71, 0x71, 0x72, 0x72, 0x72, 0x72, 0x72,
    0x72, 0x72, 0x72, 0x72, 0x72, 0x72, 0x72, 0x72, 0x72, 0x72, 0x72, 0x5E, 0x5D, 0x5D, 0x5D, 0x5D,
    0x5D, 0x5D, 0x5D, 0x5D, 0x5D, 0x5D, 0x5D, 0x5D, 0x5D, 0x5D, 0x5D, 0x5D, 0x71, 0x71, 0x71, 0x71,
    0x71, 0x71, 0x71, 0x71, 0x71, 0x71, 0x00, 0x2F, 0x5E, 0x5D, 0x3F, 0x2B, 0x00, 0x1A, 0x18, 0x10,
    0xCE, 0x11, 0x12, 0x01, 0x39, 0x11, 0x33, 0x33, 0x11, 0x33, 0x31, 0x30, 0x01, 0x33, 0x13, 0x23,
    0x13, 0x15, 0x23, 0x35, 0x01, 0x0A, 0x94, 0x18, 0xC4, 0xC6, 0xC2, 0x02, 0xAD, 0xFC, 0x0C, 0x05,
    0x81, 0xC9, 0xC9, 0x00, 0x00, 0x02, 0x00, 0x87, 0xFF, 0xE1, 0x03, 0xFA, 0x05, 0x81, 0x00, 0x1D,
    0x00, 0x26, 0x00, 0x00, 0x25, 0x26, 0x02, 0x11, 0x34, 0x12, 0x37, 0x35, 0x33, 0x15, 0x1E, 0x01,
    0x17, 0x07, 0x26, 0x27, 0x26, 0x27, 0x03, 0x36, 0x37, 0x36, 0x37, 0x17, 0x0E, 0x01, 0x07, 0x15,
    0x2B, 0x01, 0x11, 0x06, 0x07, 0x06, 0x15, 0x14, 0x17, 0x16, 0x17, 0x02, 0x1A, 0xC7, 0xCC, 0xCC,
    0xC7, 0x7C, 0x8F, 0xB4, 0x1B, 0xB9, 0x0E, 0x39, 0x25, 0x39, 0x01, 0x35, 0x2A, 0x40, 0x10, 0xB6,
    0x13, 0xBE, 0x93, 0x01, 0x7B, 0x64, 0x33, 0x40, 0x44, 0x35, 0x5E, 0x89, 0x12, 0x01, 0x1D, 0x01,
    0x01, 0xFD, 0x01, 0x1F, 0x11, 0x9B, 0x9B, 0x0F, 0xA6, 0x8B, 0x0E, 0x5A, 0x35, 0x22, 0x0C, 0xFC,
    0xC7, 0x0C, 0x21, 0x34, 0x6C, 0x0C, 0x90, 0xB6, 0x0E, 0xA8, 0x04, 0x77, 0x10, 0x4B, 0x5F, 0xE1,
    0xD8, 0x68, 0x51, 0x12, 0x00, 0x01, 0x00, 0x3A, 0x00, 0x00, 0x04, 0x50, 0x05, 0x96, 0x00, 0x25,
    0x00, 0x8A, 0x40, 0x54, 0x22, 0x0B, 0x04, 0x14, 0x13, 0x1C, 0x13, 0x00, 0x1B, 0x1F, 0x1F, 0x0C,
    0x08, 0x08, 0x04, 0x25, 0x00, 0x04, 0x00, 0x26, 0x27, 0x1E, 0x09, 0x0C, 0x09, 0x51, 0x59, 0x1B,
    0x0F, 0x0C, 0x1F, 0x0C, 0xAF, 0x0C, 0x03, 0x0F, 0x0C, 0x3F, 0x0C, 0x6F, 0x0C, 0x7F, 0x0C, 0x9F,
    0x0C, 0xAF, 0x0C, 0xCF, 0x0C, 0xDF, 0x0C, 0x08, 0x08, 0x03, 0x0C, 0x40, 0x25, 0x2A, 0x48, 0x0C,
    0x40, 0x1B, 0x20, 0x48, 0x0C, 0x0C, 0x22, 0x10, 0x10, 0x17, 0x73, 0x59, 0x14, 0x10, 0x07, 0x05,
    0x22, 0x04, 0x22, 0x74, 0x59, 0x25, 0x04, 0x18, 0x00, 0x3F, 0x33, 0x2B, 0x11, 0x00, 0x33, 0x18,
    0x3F, 0x33, 0x2B, 0x11, 0x12, 0x00, 0x39, 0x18, 0x2F, 0x2B, 0x2B, 0x5F, 0x5E, 0x5D, 0x71, 0x33,
    0x2B, 0x11, 0x00, 0x33, 0x11, 0x12, 0x01, 0x39, 0x39, 0x11, 0x33, 0x12, 0x39, 0x11, 0x33, 0x33,
    0x11, 0x33, 0x12, 0x39, 0x39, 0x11, 0x33, 0x11, 0x33, 0x33, 0x31, 0x30, 0x01, 0x0E, 0x01, 0x23,
    0x21, 0x35, 0x3E, 0x01, 0x3D, 0x01, 0x23, 0x35, 0x33, 0x11, 0x34, 0x36, 0x33, 0x32, 0x16, 0x17,
    0x07, 0x2E, 0x01, 0x23, 0x22, 0x06, 0x15, 0x11, 0x21, 0x15, 0x21, 0x15, 0x14, 0x06, 0x07, 0x21,
    0x32, 0x37, 0x04, 0x50, 0x11, 0xB0, 0x90, 0xFD, 0x46, 0x59, 0x56, 0xBA, 0xBA, 0xCE, 0xC4, 0x93,
    0xC8, 0x22, 0xAE, 0x15, 0x6F, 0x47, 0x72, 0x70, 0x01, 0x98, 0xFE, 0x68, 0x5C, 0x4D, 0x01, 0xE3,
    0xAE, 0x1D, 0x01, 0x37, 0x96, 0xA1, 0x9A, 0x2E, 0xA0, 0x79, 0x90, 0x81, 0x01, 0x18, 0xC3, 0xC9,
    0x79, 0x6D, 0x39, 0x40, 0x4B, 0x73, 0x7D, 0xFE, 0xE0, 0x81, 0x7E, 0x77, 0xBA, 0x29, 0xB0, 0x00,
    0x00, 0x02, 0x00, 0x71, 0x00, 0xE1, 0x04, 0x02, 0x04, 0x73, 0x00, 0x1B, 0x00, 0x27, 0x00, 0x42,
    0x40, 0x21, 0x1C, 0x19, 0x03, 0x00, 0x22, 0x11, 0x0B, 0x0E, 0x00, 0x0E, 0x28, 0x29, 0x0F, 0x29,
    0x01, 0x0B, 0x03, 0x15, 0x1F, 0xB0, 0x59, 0x18, 0x12, 0x15, 0x07, 0x40, 0x07, 0x25, 0xB0, 0x59,
    0x0A, 0x04, 0x07, 0x00, 0x2F, 0x33, 0x33, 0x2B, 0x00, 0x1A, 0x18, 0x10, 0xCC, 0x32, 0x32, 0x2B,
    0x01, 0x5F, 0x5E, 0x5D, 0x11, 0x12, 0x39, 0x39, 0x11, 0x33, 0x33, 0x33, 0x11, 0x33, 0x33, 0x33,
    0x31, 0x30, 0x13, 0x34, 0x37, 0x27, 0x37, 0x17, 0x36, 0x33, 0x32, 0x17, 0x37, 0x17, 0x07, 0x16,
    0x15, 0x14, 0x07, 0x17, 0x07, 0x27, 0x06, 0x23, 0x22, 0x27, 0x07, 0x27, 0x37, 0x26, 0x37, 0x14,
    0x16, 0x33, 0x32, 0x36, 0x35, 0x34, 0x26, 0x23, 0x22, 0x06, 0x89, 0x4E, 0x64, 0x68, 0x63, 0x72,
    0x8C, 0x89, 0x72, 0x61, 0x68, 0x60, 0x50, 0x52, 0x64, 0x66, 0x65, 0x72, 0x89, 0x8F, 0x6D, 0x69,
    0x66, 0x66, 0x4E, 0x9A, 0xA6, 0x73, 0x72, 0xA6, 0xA7, 0x71, 0x71, 0xA8, 0x02, 0xAC, 0x8A, 0x72,
    0x64, 0x67, 0x65, 0x52, 0x50, 0x61, 0x69, 0x60, 0x75, 0x87, 0x8A, 0x72, 0x64, 0x69, 0x65, 0x4E,
    0x50, 0x69, 0x69, 0x66, 0x72, 0x8C, 0x75, 0xA3, 0xA2, 0x76, 0x75, 0xA4, 0xA3, 0x00, 0x00, 0x01,
    0xFF, 0xFE, 0x00, 0x00, 0x04, 0x76, 0x05, 0x81, 0x00, 0x16, 0x00, 0x86, 0x40, 0x4F, 0x02, 0x06,
    0x08, 0x0F, 0x0B, 0x15, 0x16, 0x16, 0x18, 0x14, 0x09, 0x04, 0x00, 0x08, 0x08, 0x11, 0x0D, 0x09,
    0x09, 0x18, 0x17, 0x13, 0x12, 0x12, 0x17, 0x03, 0x0F, 0x10, 0x0F, 0x51, 0x59, 0x07, 0x0B, 0x0C,
    0x0B, 0x51, 0x59, 0x04, 0x2F, 0x0C, 0x9F, 0x0C, 0xAF, 0x0C, 0x03, 0x0C, 0x40, 0x29, 0x2D, 0x48,
    0x00, 0x0C, 0x10, 0x0C, 0x20, 0x0C, 0xA0, 0x0C, 0x04, 0x0C, 0x14, 0x00, 0x0F, 0x10, 0xAF, 0x10,
    0x02, 0x08, 0xF0, 0x10, 0x01, 0x10, 0x10, 0x08, 0x15, 0x12, 0x03, 0x08, 0x12, 0x00, 0x3F, 0x3F,
    0x33, 0x12, 0x39, 0x2F, 0x5D, 0x5E, 0x5D, 0x33, 0x33, 0xCE, 0x5D, 0x2B, 0x71, 0x32, 0x2B, 0x11,
    0x00, 0x33, 0x2B, 0x11, 0x00, 0x33, 0x11, 0x01, 0x33, 0x11, 0x33, 0x11, 0x12, 0x39, 0x11, 0x33,
    0x33, 0x33, 0x11, 0x33, 0x33, 0x12, 0x39, 0x11, 0x33, 0x11, 0x33, 0x32, 0x32, 0x11, 0x33, 0x33,
    0x31, 0x30, 0x01, 0x21, 0x15, 0x21, 0x15, 0x21, 0x15, 0x21, 0x11, 0x23, 0x11, 0x21, 0x35, 0x21,
    0x37, 0x21, 0x35, 0x21, 0x01, 0x33, 0x09, 0x01, 0x33, 0x02, 0xD0, 0x01, 0x41, 0xFE, 0x81, 0x01,
    0x7F, 0xFE, 0x81, 0xB2, 0xFE, 0x83, 0x01, 0x7D, 0x02, 0xFE, 0x81, 0x01, 0x40, 0xFE, 0x5B, 0xC7,
    0x01, 0x73, 0x01, 0x77, 0xC7, 0x02, 0xC5, 0x7D, 0x9A, 0x7F, 0xFE, 0xD1, 0x01, 0x2F, 0x7F, 0x9A,
    0x7D, 0x02, 0xBC, 0xFD, 0x79, 0x02, 0x87, 0x00, 0x00, 0x02, 0x00, 0xB7, 0xFE, 0x4E, 0x01, 0x5D,
    0x05, 0xCC, 0x00, 0x03, 0x00, 0x07, 0x01, 0x55, 0x40, 0xF2, 0x03, 0x07, 0x07, 0x00, 0x04, 0x04,
    0x08, 0x09, 0x05, 0x00, 0x05, 0x00, 0x01, 0x04, 0x01, 0x00, 0x84, 0x09, 0x01, 0x74, 0x09, 0x01,
    0x60, 0x09, 0x01, 0x54, 0x09, 0x01, 0x44, 0x09, 0x01, 0x34, 0x09, 0x01, 0x24, 0x09, 0x01, 0xE0,
    0x09, 0x01, 0xD4, 0x09, 0x01, 0xC4, 0x09, 0x01, 0xB4, 0x09, 0x01, 0xA4, 0x09, 0x01, 0x84, 0x09,
    0x01, 0x74, 0x09, 0x01, 0x64, 0x09, 0x01, 0x20, 0x09, 0x01, 0x14, 0x09, 0x01, 0x04, 0x09, 0x01,
    0x68, 0xF4, 0x09, 0x01, 0xE4, 0x09, 0x01, 0xB4, 0x09, 0x01, 0x70, 0x09, 0x01, 0x64, 0x09, 0x01,
    0x54, 0x09, 0x01, 0x44, 0x09, 0x01, 0x34, 0x09, 0x01, 0xC0, 0x09, 0x01, 0xB0, 0x09, 0x01, 0xA4,
    0x09, 0x01, 0x94, 0x09, 0x01, 0x84, 0x09, 0x01, 0x74, 0x09, 0x01, 0x3B, 0x09, 0x01, 0x2B, 0x09,
    0x01, 0x10, 0x09, 0x01, 0x00, 0x09, 0x01, 0x02, 0xF0, 0x09, 0x01, 0xE0, 0x09, 0x01, 0xD0, 0x09,
    0x01, 0xC0, 0x09, 0x01, 0x7F, 0x09, 0x01, 0x6F, 0x09, 0x01, 0x50, 0x09, 0x01, 0x40, 0x09, 0x01,
    0x30, 0x09, 0x01, 0x20, 0x09, 0x01, 0x10, 0x09, 0x01, 0x00, 0x09, 0x01, 0x38, 0xCF, 0x09, 0x01,
    0xB0, 0x09, 0x01, 0xA0, 0x09, 0x01, 0x70, 0x09, 0x01, 0x60, 0x09, 0x01, 0x1F, 0x09, 0x01, 0x00,
    0x09, 0x01, 0xF0, 0x09, 0x01, 0xE0, 0x09, 0x01, 0xA0, 0x09, 0x01, 0x50, 0x09, 0x01, 0x40, 0x09,
    0x01, 0x30, 0x09, 0x01, 0x20, 0x09, 0x01, 0xEF, 0x09, 0x01, 0xDF, 0x09, 0x01, 0xCF, 0x09, 0x01,
    0xBF, 0x09, 0x01, 0xAF, 0x09, 0x01, 0x90, 0x09, 0x01, 0x80, 0x09, 0x01, 0x70, 0x09, 0x01, 0x40,
    0x09, 0x01, 0x2F, 0x09, 0x01, 0x1F, 0x09, 0x01, 0x0F, 0x09, 0x01, 0x07, 0x5E, 0x5D, 0x5D, 0x5D,
    0x5D, 0x5D, 0x5D, 0x5D, 0x5D, 0x5D, 0x5D, 0x5D, 0x5D, 0x71, 0x71, 0x71, 0x71, 0x71, 0x71, 0x71,
    0x72, 0x72, 0x72, 0x72, 0x72, 0x72, 0x72, 0x5E, 0x5D, 0x5D, 0x5D, 0x5D, 0x5D, 0x5D, 0x5D, 0x5D,
    0x5D, 0x5D, 0x5D, 0x5D, 0x5F, 0x71, 0x71, 0x71, 0x71, 0x71, 0x71, 0x71, 0x71, 0x71, 0x71, 0x72,
    0x72, 0x72, 0x72, 0x72, 0x72, 0x72, 0x72, 0x5E, 0x5D, 0x5D, 0x5D, 0x5D, 0x5D, 0x5D, 0x5D, 0x5D,
    0x5D, 0x5D, 0x5D, 0x71, 0x71, 0x71, 0x71, 0x71, 0x71, 0x71, 0x00, 0x3F, 0x2F, 0x12, 0x39, 0x39,
    0x2F, 0x2F, 0x11, 0x12, 0x01, 0x39, 0x11, 0x33, 0x33, 0x11, 0x33, 0x31, 0x30, 0x13, 0x11, 0x33,
    0x11, 0x03, 0x11, 0x33, 0x11, 0xB7, 0xA6, 0xA6, 0xA6, 0x02, 0xC2, 0x03, 0x0A, 0xFC, 0xF6, 0xFB,
    0x8C, 0x03, 0x0B, 0xFC, 0xF5, 0x00, 0x00, 0x02, 0x00, 0x73, 0xFF, 0x54, 0x04, 0x00, 0x05, 0xCC,
    0x00, 0x33, 0x00, 0x40, 0x00, 0x9B, 0x40, 0x5F, 0x24, 0x17, 0x17, 0x04, 0x03, 0x03, 0x34, 0x09,
    0x31, 0x31, 0x2B, 0x1E, 0x1D, 0x1D, 0x2E, 0x14, 0x11, 0x3A, 0x2B, 0x11, 0x2B, 0x42, 0x41, 0x79,
    0x24, 0x01, 0x6B, 0x24, 0x01, 0x5C, 0x24, 0x01, 0x38, 0x24, 0x01, 0x95, 0x3E, 0x01, 0x86, 0x3E,
    0x01, 0x35, 0x3E, 0x01, 0x19, 0x37, 0x01, 0x0A, 0x37, 0x01, 0x7A, 0x37, 0x01, 0x3B, 0x37, 0x01,
    0x84, 0x09, 0x94, 0x09, 0x02, 0x46, 0x09, 0x01, 0x03, 0x10, 0x09, 0x20, 0x09, 0x02, 0x0F, 0x09,
    0x01, 0x0F, 0x06, 0x09, 0x37, 0x3E, 0x24, 0x04, 0x1A, 0x00, 0x1A, 0x21, 0x51, 0x59, 0x1E, 0x1A,
    0x00, 0x06, 0x51, 0x59, 0x04, 0x00, 0x00, 0x00, 0x3F, 0x32, 0x2B, 0x00, 0x18, 0x2F, 0x33, 0x2B,
    0x11, 0x12, 0x00, 0x17, 0x39, 0x5F, 0x5E, 0x5D, 0x5D, 0x5F, 0x5D, 0x5D, 0x5D, 0x5D, 0x71, 0x71,
    0x5D, 0x5D, 0x5D, 0x5D, 0x5D, 0x5D, 0x5D, 0x11, 0x12, 0x01, 0x39, 0x39, 0x11, 0x33, 0x12, 0x39,
    0x39, 0x33, 0x11, 0x33, 0x11, 0x33, 0x11, 0x33, 0x32, 0x32, 0x11, 0x33, 0x32, 0x11, 0x33, 0x31,
    0x30, 0x01, 0x32, 0x16, 0x17, 0x07, 0x26, 0x23, 0x22, 0x06, 0x15, 0x14, 0x1E, 0x01, 0x17, 0x1E,
    0x02, 0x15, 0x14, 0x06, 0x07, 0x1E, 0x01, 0x15, 0x14, 0x06, 0x23, 0x22, 0x26, 0x27, 0x37, 0x1E,
    0x01, 0x33, 0x32, 0x36, 0x35, 0x34, 0x2E, 0x01, 0x27, 0x2E, 0x01, 0x35, 0x34, 0x36, 0x37, 0x2E,
    0x01, 0x35, 0x34, 0x36, 0x01, 0x34, 0x26, 0x27, 0x0E, 0x01, 0x15, 0x14, 0x1E, 0x01, 0x17, 0x3E,
    0x01, 0x02, 0x4C, 0xAD, 0xD5, 0x1B, 0xA1, 0x1B, 0xE1, 0x7D, 0x81, 0x3C, 0x6F, 0x82, 0x93, 0x9C,
    0x56, 0x77, 0x64, 0x70, 0x65, 0xE7, 0xD2, 0xD1, 0xDB, 0x22, 0xA1, 0x14, 0x88, 0x91, 0x88, 0x91,
    0x42, 0x7B, 0x97, 0xC2, 0xAB, 0x7B, 0x69, 0x60, 0x6F, 0xD3, 0x01, 0xE1, 0x8B, 0xB0, 0x6D, 0x81,
    0x3B, 0x6F, 0x81, 0x77, 0x87, 0x05, 0xCC, 0x85, 0x7F, 0x14, 0x96, 0x4F, 0x47, 0x30, 0x46, 0x34,
    0x1F, 0x23, 0x53, 0x76, 0x51, 0x63, 0x96, 0x18, 0x30, 0x81, 0x5B, 0x94, 0xA9, 0x85, 0x8B, 0x1F,
    0x5A, 0x52, 0x58, 0x52, 0x39, 0x4D, 0x3A, 0x25, 0x2D, 0x9C, 0x70, 0x59, 0x94, 0x1E, 0x20, 0x86,
    0x56, 0x8B, 0x9B, 0xFC, 0xCB, 0x48, 0x68, 0x29, 0x06, 0x6A, 0x54, 0x31, 0x49, 0x36, 0x21, 0x02,
    0x65, 0x00, 0x00, 0x02, 0x00, 0x2D, 0x04, 0xC3, 0x02, 0x5A, 0x05, 0x7B, 0x00, 0x03, 0x00, 0x07,
    0x00, 0x24, 0x40, 0x10, 0x07, 0x04, 0x00, 0x03, 0x04, 0x03, 0x08, 0x09, 0x01, 0x05, 0x04, 0x05,
    0x91, 0x59, 0x00, 0x04, 0x00, 0x2F, 0x33, 0x2B, 0x11, 0x00, 0x33, 0x11, 0x12, 0x01, 0x39, 0x39,
    0x11, 0x33, 0x11, 0x33, 0x31, 0x30, 0x01, 0x35, 0x33, 0x15, 0x21, 0x35, 0x33, 0x15, 0x01, 0xB7,
    0xA3, 0xFD, 0xD3, 0xA5, 0x04, 0xC3, 0xB8, 0xB8, 0xB8, 0xB8, 0x00, 0x03, 0x00, 0x1F, 0xFF, 0xF0,
    0x05, 0xC5, 0x05, 0x96, 0x00, 0x0F, 0x00, 0x1F, 0x00, 0x37, 0x00, 0x7F, 0x40, 0x50, 0x18, 0x20,
    0x2C, 0x31, 0x26, 0x2C, 0x26, 0x08, 0x10, 0x00, 0x08, 0x00, 0x38, 0x39, 0x25, 0x29, 0x29, 0x23,
    0xC9, 0x59, 0x2F, 0x35, 0xC9, 0x59, 0x32, 0x2F, 0x0F, 0x29, 0x7F, 0x29, 0x02, 0x0F, 0x29, 0x1F,
    0x29, 0x7F, 0x29, 0x8F, 0x29, 0x9F, 0x29, 0xFF, 0x29, 0x06, 0x00, 0x2F, 0x01, 0x00, 0x2F, 0x10,
    0x2F, 0x70, 0x2F, 0x80, 0x2F, 0x90, 0x2F, 0xF0, 0x2F, 0x06, 0x09, 0x03, 0x29, 0x2F, 0x29, 0x2F,
    0x04, 0x0C, 0x0C, 0x14, 0xC8, 0x59, 0x0C, 0x04, 0x04, 0x1C, 0xC8, 0x59, 0x04, 0x13, 0x00, 0x3F,
    0x2B, 0x00, 0x18, 0x3F, 0x2B, 0x11, 0x12, 0x00, 0x39, 0x39, 0x18, 0x2F, 0x2F, 0x5F, 0x5E, 0x5D,
    0x71, 0x5D, 0x71, 0x11, 0x33, 0x2B, 0x2B, 0x11, 0x00, 0x33, 0x11, 0x12, 0x01, 0x39, 0x39, 0x11,
    0x33, 0x12, 0x39, 0x39, 0x11, 0x33, 0x11, 0x33, 0x32, 0x31, 0x30, 0x01, 0x14, 0x02, 0x04, 0x23,
    0x22, 0x24, 0x02, 0x35, 0x34, 0x12, 0x24, 0x33, 0x32, 0x04, 0x12, 0x07, 0x34, 0x02, 0x24, 0x23,
    0x22, 0x04, 0x02, 0x15, 0x14, 0x12, 0x04, 0x33, 0x32, 0x24, 0x12, 0x25, 0x14, 0x16, 0x33, 0x32,
    0x37, 0x17, 0x0E, 0x01, 0x23, 0x22, 0x26, 0x35, 0x34, 0x36, 0x33, 0x32, 0x17, 0x07, 0x2E, 0x01,
    0x23, 0x22, 0x06, 0x05, 0xC5, 0xC1, 0xFE, 0xAF, 0xC1, 0xC5, 0xFE, 0xAD, 0xBB, 0xC2, 0x01, 0x50,
    0xC1, 0xC2, 0x01, 0x51, 0xC0, 0x5C, 0xA8, 0xFE, 0xDB, 0xAA, 0xA8, 0xFE, 0xDC, 0xA8, 0xA9, 0x01,
    0x22, 0xA9, 0xA9, 0x01, 0x26, 0xA8, 0xFC, 0x89, 0x8E, 0x7D, 0x9E, 0x4B, 0x73, 0x3E, 0xA9, 0x75,
    0xBC, 0xD0, 0xC8, 0xBD, 0xF4, 0x60, 0x72, 0x20, 0x74, 0x4C, 0x7F, 0x87, 0x02, 0xC3, 0xC1, 0xFE,
    0xAF, 0xC1, 0xC9, 0x01, 0x4D, 0xBD, 0xC1, 0x01, 0x50, 0xC2, 0xC3, 0xFE, 0xB2, 0xC2, 0xA9, 0x01,
    0x21, 0xAA, 0xA9, 0xFE, 0xDC, 0xA7, 0xA9, 0xFE, 0xDC, 0xA8, 0xA8, 0x01, 0x24, 0xAB, 0x9B, 0xAB,
    0x9C, 0x23, 0x79, 0x68, 0xE2, 0xCC, 0xCB, 0xDD, 0xD1, 0x21, 0x45, 0x44, 0xA1, 0x00, 0x00, 0x02,
    0x00, 0x1A, 0x02, 0x8B, 0x02, 0xFD, 0x05, 0x98, 0x00, 0x23, 0x00, 0x2D, 0x00, 0x86, 0x40, 0x51,
    0x0E, 0x0F, 0x0F, 0x2C, 0x03, 0x21, 0x07, 0x27, 0x27, 0x1C, 0x16, 0x03, 0x16, 0x2E, 0x2F, 0x07,
    0x28, 0xE4, 0x59, 0x0E, 0x18, 0x0F, 0x15, 0x48, 0x0E, 0x20, 0x0A, 0x0E, 0x48, 0x0E, 0x07, 0x07,
    0x00, 0x12, 0x19, 0x24, 0x00, 0x24, 0xE4, 0x59, 0x1E, 0x1E, 0x00, 0x00, 0x20, 0x00, 0x50, 0x00,
    0x03, 0x09, 0x03, 0x00, 0x00, 0x12, 0x12, 0x0B, 0xE4, 0x59, 0x12, 0xDE, 0xC0, 0x2F, 0x01, 0x90,
    0x2F, 0x01, 0x80, 0x2F, 0x01, 0x70, 0x2F, 0x01, 0x60, 0x2F, 0x01, 0x50, 0x2F, 0x01, 0x40, 0x2F,
    0x01, 0x5D, 0x5D, 0x5D, 0x5D, 0x5D, 0x5D, 0x5D, 0x00, 0x3F, 0x2B, 0x11, 0x00, 0x33, 0x18, 0x2F,
    0x5F, 0x5E, 0x5D, 0x33, 0x2F, 0x2B, 0x11, 0x00, 0x33, 0x11, 0x12, 0x39, 0x18, 0x2F, 0x33, 0x2B,
    0x2B, 0x2B, 0x11, 0x12, 0x01, 0x39, 0x39, 0x11, 0x33, 0x33, 0x11, 0x33, 0x33, 0x11, 0x33, 0x33,
    0x11, 0x33, 0x31, 0x30, 0x01, 0x22, 0x26, 0x35, 0x34, 0x36, 0x3F, 0x01, 0x35, 0x34, 0x26, 0x23,
    0x22, 0x06, 0x07, 0x27, 0x3E, 0x01, 0x33, 0x32, 0x16, 0x15, 0x11, 0x14, 0x16, 0x33, 0x32, 0x37,
    0x15, 0x06, 0x23, 0x22, 0x26, 0x27, 0x23, 0x06, 0x27, 0x32, 0x36, 0x3D, 0x01, 0x07, 0x0E, 0x01,
    0x15, 0x14, 0x01, 0x04, 0x6C, 0x7E, 0x9D, 0x9B, 0xB2, 0x46, 0x51, 0x43, 0x51, 0x09, 0x95, 0x10,
    0x9F, 0x81, 0x91, 0x97, 0x1C, 0x23, 0x13, 0x18, 0x31, 0x22, 0x49, 0x51, 0x04, 0x04, 0x49, 0x94,
    0x5A, 0x7F, 0x8A, 0x76, 0x54, 0x02, 0x8B, 0x74, 0x67, 0x74, 0x7C, 0x02, 0x04, 0x3C, 0x51, 0x4A,
    0x3B, 0x4C, 0x0A, 0x6A, 0x78, 0x7D, 0x7D, 0xFE, 0xCC, 0x3A, 0x32, 0x08, 0x68, 0x0D, 0x4C, 0x41,
    0x93, 0x6F, 0x76, 0x4F, 0x41, 0x04, 0x06, 0x42, 0x41, 0x79, 0x00, 0x02, 0x00, 0x53, 0x00, 0x8D,
    0x04, 0x20, 0x03, 0xAC, 0x00, 0x08, 0x00, 0x11, 0x00, 0x39, 0x40, 0x20, 0x05, 0x08, 0x06, 0x01,
    0x0F, 0x0A, 0x0E, 0x11, 0x0A, 0x01, 0x11, 0x08, 0x04, 0x13, 0x12, 0x09, 0x00, 0x03, 0x00, 0xEF,
    0x5B, 0x0C, 0x0F, 0x03, 0x2F, 0x03, 0x6F, 0x03, 0x7F, 0x03, 0x04, 0x03, 0x00, 0x2F, 0x5D, 0x33,
    0x2B, 0x11, 0x00, 0x33, 0x11, 0x12, 0x01, 0x17, 0x39, 0x11, 0x33, 0x11, 0x33, 0x11, 0x33, 0x11,
    0x33, 0x31, 0x30, 0x25, 0x01, 0x35, 0x01, 0x33, 0x15, 0x09, 0x01, 0x15, 0x21, 0x01, 0x35, 0x01,
    0x33, 0x15, 0x09, 0x01, 0x15, 0x03, 0x76, 0xFE, 0xAE, 0x01, 0x52, 0xA8, 0xFE, 0xAE, 0x01, 0x54,
    0xFD, 0x83, 0xFE, 0xB0, 0x01, 0x50, 0xA7, 0xFE, 0xB1, 0x01, 0x51, 0x8D, 0x01, 0x6D, 0x3F, 0x01,
    0x73, 0x1F, 0xFE, 0x8C, 0xFE, 0x91, 0x1D, 0x01, 0x6D, 0x3F, 0x01, 0x73, 0x1F, 0xFE, 0x8C, 0xFE,
    0x91, 0x1D, 0x00, 0x01, 0x00, 0x64, 0x00, 0xB4, 0x04, 0x47, 0x02, 0xF2, 0x00, 0x05, 0x00, 0x1C,
    0x40, 0x0D, 0x00, 0x05, 0x02, 0x05, 0x06, 0x07, 0x03, 0x02, 0xAD, 0x59, 0x00, 0x03, 0xB3, 0x00,
    0x3F, 0xCC, 0x2B, 0x11, 0x12, 0x01, 0x39, 0x39, 0x11, 0x33, 0x31, 0x30, 0x25, 0x11, 0x21, 0x35,
    0x21, 0x11, 0x03, 0xB6, 0xFC, 0xAE, 0x03, 0xE3, 0xB4, 0x01, 0xAC, 0x92, 0xFD, 0xC2, 0xFF, 0xFF,
    0x00, 0x5B, 0x01, 0xD0, 0x02, 0x4F, 0x02, 0x70, 0x10, 0x06, 0x00, 0x10, 0x00, 0x00, 0x00, 0x04,
    0x00, 0x1F, 0xFF, 0xF0, 0x05, 0xC5, 0x05, 0x96, 0x00, 0x0F, 0x00, 0x1F, 0x00, 0x2D, 0x00, 0x36,
    0x00, 0x83, 0x40, 0x4A, 0x10, 0x00, 0x2E, 0x29, 0x29, 0x20, 0x2D, 0x21, 0x2C, 0x2C, 0x33, 0x2D,
    0x33, 0x23, 0x23, 0x24, 0x18, 0x08, 0x08, 0x24, 0x2D, 0x00, 0x04, 0x38, 0x37, 0x20, 0x20, 0x24,
    0x2C, 0x22, 0x33, 0x22, 0xC9, 0x59, 0x25, 0x32, 0xC9, 0x59, 0x0F, 0x24, 0x1F, 0x24, 0x02, 0xDF,
    0x25, 0x01, 0x00, 0x25, 0x10, 0x25, 0x02, 0x09, 0x03, 0x24, 0x33, 0x25, 0x25, 0x33, 0x24, 0x03,
    0x04, 0x0C, 0x0C, 0x14, 0xC8, 0x59, 0x0C, 0x04, 0x04, 0x1C, 0xC8, 0x59, 0x04, 0x13, 0x00, 0x3F,
    0x2B, 0x00, 0x18, 0x3F, 0x2B, 0x11, 0x12, 0x00, 0x17, 0x39, 0x18, 0x2F, 0x2F, 0x2F, 0x5F, 0x5E,
    0x5D, 0x71, 0x5D, 0x2B, 0x2B, 0x11, 0x00, 0x33, 0x11, 0x33, 0x18, 0x2F, 0x11, 0x12, 0x01, 0x17,
    0x39, 0x11, 0x33, 0x11, 0x33, 0x11, 0x33, 0x11, 0x12, 0x39, 0x11, 0x33, 0x11, 0x33, 0x33, 0x11,
    0x33, 0x11, 0x33, 0x31, 0x30, 0x01, 0x14, 0x02, 0x04, 0x23, 0x22, 0x24, 0x02, 0x35, 0x34, 0x12,
    0x24, 0x33, 0x32, 0x04, 0x12, 0x07, 0x34, 0x02, 0x24, 0x23, 0x22, 0x04, 0x02, 0x15, 0x14, 0x12,
    0x04, 0x33, 0x32, 0x24, 0x12, 0x05, 0x03, 0x23, 0x11, 0x23, 0x11, 0x21, 0x32, 0x16, 0x15, 0x14,
    0x06, 0x07, 0x13, 0x03, 0x34, 0x26, 0x2B, 0x01, 0x11, 0x33, 0x32, 0x36, 0x05, 0xC5, 0xC1, 0xFE,
    0xAF, 0xC1, 0xC5, 0xFE, 0xAD, 0xBB, 0xC2, 0x01, 0x50, 0xC1, 0xC2, 0x01, 0x51, 0xC0, 0x5C, 0xA8,
    0xFE, 0xDB, 0xAA, 0xA8, 0xFE, 0xDC, 0xA8, 0xA9, 0x01, 0x22, 0xA9, 0xA9, 0x01, 0x26, 0xA8, 0xFE,
    0x52, 0xC7, 0xA1, 0x7F, 0x01, 0x33, 0x8E, 0x97, 0x68, 0x55, 0xDD, 0x9F, 0x5F, 0x51, 0xAA, 0xB6,
    0x50, 0x54, 0x02, 0xC3, 0xC1, 0xFE, 0xAF, 0xC1, 0xC9, 0x01, 0x4D, 0xBD, 0xC1, 0x01, 0x50, 0xC2,
    0xC3, 0xFE, 0xB2, 0xC2, 0xA9, 0x01, 0x21, 0xAA, 0xA9, 0xFE, 0xDC, 0xA7, 0xA9, 0xFE, 0xDC, 0xA8,
    0xA8, 0x01, 0x24, 0xF9, 0x01, 0x50, 0xFE, 0xB0, 0x03, 0x3F, 0x7E, 0x6F, 0x66, 0x7B, 0x13, 0xFE,
    0xA2, 0x02, 0x50, 0x45, 0x48, 0xFE, 0xD3, 0x55, 0x00, 0x01, 0xFF, 0xEF, 0x05, 0xAC, 0x04, 0x7C,
    0x06, 0x0A, 0x00, 0x03, 0x00, 0x15, 0x40, 0x09, 0x00, 0x05, 0x01, 0x04, 0x01, 0x02, 0x8C, 0x59,
    0x01, 0x00, 0x2F, 0x2B, 0x11, 0x01, 0x33, 0x11, 0x33, 0x31, 0x30, 0x01, 0x21, 0x35, 0x21, 0x04,
    0x7C, 0xFB, 0x73, 0x04, 0x8D, 0x05, 0xAC, 0x5E, 0x00, 0x02, 0x00, 0x7A, 0x03, 0x5C, 0x02, 0xB8,
    0x05, 0x96, 0x00, 0x0B, 0x00, 0x17, 0x00, 0x2B, 0x40, 0x15, 0x0C, 0x00, 0x12, 0x06, 0x00, 0x06,
    0x19, 0x18, 0x03, 0x15, 0xAF, 0x59, 0x03, 0x09, 0x40, 0x09, 0x0F, 0xAF, 0x59, 0x09, 0x04, 0x00,
    0x3F, 0x2B, 0x00, 0x1A, 0x18, 0x10, 0xCC, 0x2B, 0x11, 0x12, 0x01, 0x39, 0x39, 0x11, 0x33, 0x11,
    0x33, 0x31, 0x30, 0x01, 0x14, 0x06, 0x23, 0x22, 0x26, 0x35, 0x34, 0x36, 0x33, 0x32, 0x16, 0x07,
    0x34, 0x26, 0x23, 0x22, 0x06, 0x15, 0x14, 0x16, 0x33, 0x32, 0x36, 0x02, 0xB8, 0xA9, 0x76, 0x76,
    0xA9, 0xA7, 0x78, 0x78, 0xA7, 0x6D, 0x67, 0x4B, 0x4B, 0x67, 0x69, 0x49, 0x4A, 0x68, 0x04, 0x79,
    0x77, 0xA6, 0xA8, 0x75, 0x75, 0xA8, 0xA6, 0x77, 0x4C, 0x68, 0x6A, 0x4A, 0x4A, 0x6A, 0x69, 0x00,
    0x00, 0x02, 0x00, 0x41, 0x00, 0x00, 0x04, 0x24, 0x04, 0xC3, 0x00, 0x0B, 0x00, 0x0F, 0x00, 0x56,
    0x40, 0x32, 0x0D, 0x04, 0x09, 0x01, 0x01, 0x06, 0x02, 0x0E, 0x0B, 0x0B, 0x02, 0x04, 0x03, 0x10,
    0x11, 0x0C, 0x0D, 0xAD, 0x59, 0x0C, 0x00, 0x02, 0x01, 0x12, 0x06, 0x02, 0x00, 0x04, 0x05, 0x04,
    0xAD, 0x59, 0x09, 0x98, 0x07, 0x01, 0x07, 0xEF, 0x05, 0x01, 0x50, 0x05, 0x80, 0x05, 0xA0, 0x05,
    0xD0, 0x05, 0x04, 0x05, 0x00, 0x2F, 0x5D, 0x5D, 0x33, 0x5D, 0x33, 0x2B, 0x11, 0x00, 0x33, 0x33,
    0x5F, 0x5E, 0x5D, 0x18, 0x2F, 0x2B, 0x11, 0x12, 0x01, 0x17, 0x39, 0x11, 0x33, 0x11, 0x33, 0x33,
    0x11, 0x33, 0x11, 0x33, 0x31, 0x30, 0x01, 0x11, 0x23, 0x11, 0x21, 0x35, 0x21, 0x11, 0x33, 0x11,
    0x21, 0x15, 0x01, 0x35, 0x21, 0x15, 0x02, 0x7C, 0x93, 0xFE, 0x58, 0x01, 0xA8, 0x93, 0x01, 0xA8,
    0xFC, 0x1D, 0x03, 0xE3, 0x02, 0xA8, 0xFE, 0x75, 0x01, 0x8B, 0x91, 0x01, 0x8A, 0xFE, 0x76, 0x91,
    0xFD, 0x58, 0x91, 0x91, 0x00, 0x01, 0x00, 0x29, 0x02, 0x33, 0x02, 0x83, 0x05, 0x8D, 0x00, 0x1B,
    0x00, 0x3D, 0x40, 0x1E, 0x0D, 0x0E, 0x0E, 0x19, 0x00, 0x1A, 0x07, 0x14, 0x00, 0x14, 0x1C, 0x1D,
    0x07, 0x19, 0x0D, 0x11, 0x11, 0x0A, 0xE4, 0x59, 0x11, 0xDE, 0x01, 0x19, 0x00, 0x19, 0xE5, 0x59,
    0x00, 0xDF, 0x00, 0x3F, 0x2B, 0x11, 0x00, 0x33, 0x18, 0x3F, 0x2B, 0x11, 0x00, 0x33, 0x12, 0x39,
    0x11, 0x12, 0x01, 0x39, 0x39, 0x11, 0x33, 0x33, 0x11, 0x33, 0x33, 0x11, 0x33, 0x31, 0x30, 0x13,
    0x27, 0x3E, 0x01, 0x37, 0x3E, 0x01, 0x35, 0x34, 0x26, 0x23, 0x22, 0x06, 0x07, 0x27, 0x3E, 0x01,
    0x33, 0x32, 0x16, 0x15, 0x14, 0x07, 0x0E, 0x01, 0x07, 0x21, 0x15, 0x2B, 0x02, 0x1F, 0x81, 0x6B,
    0x61, 0x58, 0x47, 0x4A, 0x44, 0x58, 0x08, 0x85, 0x0D, 0xA1, 0x81, 0x7F, 0x95, 0xBC, 0x7A, 0x64,
    0x14, 0x01, 0xBB, 0x02, 0x33, 0x67, 0x45, 0x83, 0x4A, 0x44, 0x70, 0x3A, 0x3E, 0x4B, 0x49, 0x44,
    0x08, 0x6B, 0x84, 0x7B, 0x6E, 0x93, 0x8A, 0x5A, 0x5C, 0x2D, 0x71, 0x00, 0x00, 0x01, 0x00, 0x1B,
    0x02, 0x27, 0x02, 0x82, 0x05, 0x8D, 0x00, 0x25, 0x00, 0x84, 0x40, 0x4F, 0x18, 0x19, 0x19, 0x06,
    0x05, 0x22, 0x0D, 0x12, 0x1F, 0x1F, 0x00, 0x0D, 0x0A, 0x05, 0x0A, 0x00, 0x05, 0x00, 0x26, 0x27,
    0x23, 0x0E, 0x0D, 0x0E, 0x0D, 0xE4, 0x59, 0xA8, 0x0E, 0xB8, 0x0E, 0xC8, 0x0E, 0x03, 0x3F, 0x0E,
    0x4F, 0x0E, 0x02, 0x03, 0x0E, 0x0E, 0x03, 0x2F, 0x18, 0x3F, 0x18, 0x4F, 0x18, 0x03, 0x0D, 0x18,
    0x1D, 0x18, 0x02, 0x0B, 0x04, 0x18, 0x1C, 0x1C, 0x15, 0xE4, 0x59, 0x1C, 0xDE, 0x03, 0x08, 0xE4,
    0x59, 0x25, 0x06, 0x35, 0x06, 0x45, 0x06, 0x03, 0x06, 0x03, 0xDD, 0x00, 0x3F, 0x33, 0x5D, 0x2B,
    0x00, 0x18, 0x3F, 0x2B, 0x11, 0x00, 0x33, 0x5F, 0x5E, 0x5D, 0x5D, 0x12, 0x39, 0x18, 0x2F, 0x5F,
    0x5D, 0x5D, 0x2B, 0x11, 0x12, 0x00, 0x39, 0x11, 0x12, 0x01, 0x39, 0x39, 0x11, 0x33, 0x11, 0x12,
    0x39, 0x11, 0x33, 0x11, 0x33, 0x12, 0x39, 0x11, 0x33, 0x33, 0x11, 0x33, 0x31, 0x30, 0x01, 0x14,
    0x06, 0x23, 0x20, 0x27, 0x37, 0x16, 0x33, 0x32, 0x35, 0x34, 0x2B, 0x01, 0x35, 0x33, 0x32, 0x36,
    0x35, 0x34, 0x26, 0x23, 0x22, 0x06, 0x07, 0x27, 0x3E, 0x01, 0x33, 0x32, 0x16, 0x15, 0x14, 0x06,
    0x07, 0x15, 0x1E, 0x01, 0x02, 0x82, 0x9B, 0x8E, 0xFE, 0xE2, 0x20, 0x88, 0x12, 0xA4, 0xA0, 0xBD,
    0x3D, 0x39, 0x50, 0x5C, 0x4A, 0x47, 0x44, 0x54, 0x06, 0x87, 0x0D, 0x9D, 0x7F, 0x82, 0x94, 0x56,
    0x5A, 0x5B, 0x6A, 0x03, 0x1B, 0x74, 0x80, 0xE3, 0x0D, 0x88, 0x94, 0x89, 0x6D, 0x48, 0x41, 0x3C,
    0x45, 0x46, 0x41, 0x0C, 0x6D, 0x78, 0x77, 0x62, 0x4B, 0x6E, 0x14, 0x02, 0x09, 0x69, 0x00, 0x01,
    0x00, 0x48, 0x04, 0xB1, 0x01, 0xF0, 0x05, 0xE4, 0x00, 0x05, 0x00, 0x21, 0x40, 0x14, 0x03, 0x00,
    0x07, 0x06, 0x00, 0x02, 0x95, 0x5B, 0x0F, 0x00, 0x2F, 0x00, 0x3F, 0x00, 0x7F, 0x00, 0xEF, 0x00,
    0x05, 0x00, 0x00, 0x2F, 0x5D, 0x2B, 0x11, 0x12, 0x01, 0x39, 0x39, 0x31, 0x30, 0x13, 0x35, 0x13,
    0x33, 0x15, 0x01, 0x48, 0xD9, 0xCF, 0xFE, 0xB6, 0x04, 0xB1, 0x14, 0x01, 0x1F, 0x1D, 0xFE, 0xEA,
    0x00, 0x01, 0x00, 0x8C, 0xFE, 0x57, 0x04, 0x6D, 0x04, 0x3A, 0x00, 0x1E, 0x00, 0x57, 0x40, 0x32,
    0x17, 0x0A, 0x0A, 0x11, 0x0B, 0x1E, 0x02, 0x02, 0x01, 0x0B, 0x01, 0x20, 0x1F, 0x17, 0x06, 0x1A,
    0x06, 0x50, 0x59, 0x1A, 0x16, 0x14, 0x0F, 0x50, 0x59, 0x14, 0x16, 0x0A, 0x01, 0x0F, 0x00, 0x1B,
    0xE0, 0x20, 0x01, 0xD0, 0x20, 0x01, 0xC0, 0x20, 0x01, 0xB0, 0x20, 0x01, 0x80, 0x20, 0x01, 0x60,
    0x20, 0x01, 0x5D, 0x5D, 0x5D, 0x5D, 0x5D, 0x5D, 0x00, 0x3F, 0x3F, 0x33, 0x3F, 0x2B, 0x00, 0x18,
    0x3F, 0x2B, 0x11, 0x00, 0x33, 0x11, 0x12, 0x01, 0x39, 0x39, 0x11, 0x33, 0x11, 0x33, 0x11, 0x33,
    0x33, 0x11, 0x33, 0x31, 0x30, 0x13, 0x11, 0x33, 0x11, 0x14, 0x16, 0x33, 0x32, 0x36, 0x35, 0x11,
    0x33, 0x11, 0x14, 0x16, 0x33, 0x32, 0x37, 0x15, 0x06, 0x23, 0x22, 0x26, 0x27, 0x23, 0x06, 0x23,
    0x22, 0x26, 0x27, 0x11, 0x8C, 0xB5, 0x6B, 0x77, 0x80, 0x92, 0xB4, 0x24, 0x2A, 0x19, 0x1D, 0x41,
    0x30, 0x5B, 0x5F, 0x05, 0x03, 0x6A, 0xC1, 0x43, 0x6D, 0x1F, 0xFE, 0x57, 0x05, 0xE3, 0xFD, 0x52,
    0x8A, 0x8B, 0xAE, 0xA2, 0x02, 0x73, 0xFC, 0xD0, 0x4C, 0x45, 0x08, 0x81, 0x14, 0x5E, 0x64, 0xC2,
    0x29, 0x26, 0xFE, 0x1C, 0x00, 0x01, 0x00, 0x50, 0xFE, 0xF8, 0x03, 0xF5, 0x05, 0x81, 0x00, 0x0F,
    0x00, 0x2B, 0x40, 0x14, 0x05, 0x06, 0x0F, 0x02, 0x01, 0x01, 0x06, 0x0A, 0x03, 0x10, 0x11, 0x07,
    0x07, 0x01, 0x00, 0x04, 0x0D, 0x03, 0x06, 0x01, 0x00, 0x2F, 0x33, 0x3F, 0xCD, 0x32, 0x12, 0x39,
    0x2F, 0x11, 0x12, 0x01, 0x17, 0x39, 0x11, 0x33, 0x33, 0x11, 0x33, 0x31, 0x30, 0x01, 0x11, 0x23,
    0x11, 0x23, 0x11, 0x23, 0x11, 0x22, 0x26, 0x35, 0x34, 0x36, 0x33, 0x21, 0x15, 0x03, 0x74, 0x70,
    0xD9, 0x71, 0xA8, 0xC2, 0xC5, 0xAD, 0x02, 0x33, 0x05, 0x1B, 0xF9, 0xDD, 0x06, 0x23, 0xF9, 0xDD,
    0x03, 0xBE, 0xB9, 0xAA, 0xA9, 0xBF, 0x66, 0x00, 0xFF, 0xFF, 0x00, 0xF3, 0x01, 0xBE, 0x01, 0xB6,
    0x02, 0x9A, 0x11, 0x06, 0x00, 0xD7, 0x38, 0x00, 0x00, 0x0B, 0xB7, 0x00, 0x5F, 0x00, 0x6F, 0x00,
    0x7F, 0x00, 0x03, 0x5D, 0x35, 0x00, 0x00, 0x01, 0x00, 0x77, 0xFE, 0x4E, 0x01, 0xE3, 0x00, 0x00,
    0x00, 0x12, 0x00, 0x4B, 0x40, 0x2B, 0x09, 0x00, 0x0F, 0x10, 0x10, 0x0E, 0x0D, 0x0D, 0x04, 0x00,
    0x00, 0x04, 0x14, 0x13, 0x0B, 0x40, 0x10, 0x40, 0x09, 0x0D, 0x48, 0x10, 0x10, 0x02, 0x0E, 0x02,
    0x07, 0x8C, 0x59, 0x20, 0x02, 0x50, 0x02, 0x60, 0x02, 0x70, 0x02, 0xB0, 0x02, 0xC0, 0x02, 0x06,
    0x02, 0x00, 0x2F, 0x5D, 0x2B, 0x00, 0x18, 0x2F, 0x12, 0x39, 0x2F, 0x2B, 0x1A, 0xCD, 0x11, 0x12,
    0x01, 0x39, 0x39, 0x11, 0x12, 0x39, 0x11, 0x33, 0x33, 0x11, 0x33, 0x11, 0x33, 0x31, 0x30, 0x05,
    0x14, 0x21, 0x22, 0x27, 0x35, 0x16, 0x33, 0x32, 0x35, 0x34, 0x23, 0x22, 0x07, 0x37, 0x33, 0x07,
    0x1E, 0x01, 0x01, 0xE3, 0xFE, 0xEE, 0x39, 0x21, 0x31, 0x25, 0x93, 0x85, 0x2B, 0x0E, 0x41, 0x6B,
    0x27, 0x5E, 0x5E, 0xFD, 0xB5, 0x04, 0x62, 0x06, 0x51, 0x4D, 0x02, 0xB6, 0x64, 0x03, 0x51, 0x00,
    0x00, 0x01, 0x00, 0x50, 0x02, 0x33, 0x02, 0x7D, 0x05, 0x81, 0x00, 0x0A, 0x00, 0x3F, 0x40, 0x20,
    0x09, 0x08, 0x08, 0x07, 0x06, 0x04, 0x00, 0x02, 0x02, 0x0B, 0x0C, 0x00, 0x05, 0x10, 0x05, 0x02,
    0x0B, 0x03, 0x05, 0x04, 0x04, 0x03, 0x06, 0xDC, 0x09, 0x01, 0x00, 0x01, 0xE4, 0x59, 0x00, 0xDF,
    0x00, 0x3F, 0x2B, 0x11, 0x00, 0x33, 0x18, 0x3F, 0x33, 0x33, 0x2F, 0x33, 0x5F, 0x5E, 0x5D, 0x11,
    0x12, 0x01, 0x39, 0x11, 0x33, 0x33, 0x33, 0x33, 0x33, 0x11, 0x33, 0x31, 0x30, 0x13, 0x35, 0x33,
    0x11, 0x07, 0x35, 0x37, 0x33, 0x11, 0x33, 0x15, 0x50, 0xD3, 0xCA, 0xD2, 0x7B, 0xD7, 0x02, 0x33,
    0x6B, 0x02, 0x6C, 0x8A, 0x78, 0x89, 0xFD, 0x1D, 0x6B, 0x00, 0x00, 0x02, 0x00, 0x1B, 0x02, 0x8B,
    0x02, 0xD3, 0x05, 0x98, 0x00, 0x0A, 0x00, 0x16, 0x00, 0x47, 0x40, 0x2A, 0x11, 0x06, 0x0B, 0x00,
    0x06, 0x00, 0x17, 0x18, 0x03, 0x14, 0xE4, 0x59, 0x00, 0x03, 0x20, 0x03, 0x50, 0x03, 0x03, 0x09,
    0x03, 0x03, 0x03, 0x09, 0x09, 0x0E, 0xE4, 0x59, 0x09, 0xDE, 0xEF, 0x18, 0x01, 0x80, 0x18, 0x01,
    0x70, 0x18, 0x01, 0x2F, 0x18, 0x01, 0x5D, 0x5D, 0x5D, 0x5D, 0x00, 0x3F, 0x2B, 0x11, 0x00, 0x33,
    0x18, 0x2F, 0x5F, 0x5E, 0x5D, 0x2B, 0x11, 0x12, 0x01, 0x39, 0x39, 0x11, 0x33, 0x11, 0x33, 0x31,
    0x30, 0x01, 0x14, 0x06, 0x23, 0x22, 0x26, 0x35, 0x34, 0x36, 0x33, 0x20, 0x03, 0x34, 0x26, 0x23,
    0x22, 0x06, 0x15, 0x14, 0x16, 0x33, 0x32, 0x36, 0x02, 0xD3, 0xB0, 0xAF, 0xA8, 0xB1, 0xB2, 0xAB,
    0x01, 0x5B, 0x95, 0x5B, 0x68, 0x6C, 0x5C, 0x5B, 0x65, 0x6F, 0x5C, 0x04, 0x12, 0xBC, 0xCB, 0xC9,
    0xBE, 0xBD, 0xC9, 0xFE, 0x7A, 0x9A, 0x83, 0x87, 0x96, 0x91, 0x8D, 0x8A, 0x00, 0x02, 0x00, 0x53,
    0x00, 0x8D, 0x04, 0x20, 0x03, 0xAC, 0x00, 0x08, 0x00, 0x11, 0x00, 0x39, 0x40, 0x20, 0x03, 0x08,
    0x0C, 0x11, 0x04, 0x01, 0x0D, 0x0A, 0x0A, 0x11, 0x01, 0x08, 0x04, 0x13, 0x12, 0x0A, 0x00, 0x05,
    0x00, 0xEF, 0x5B, 0x0E, 0x0F, 0x05, 0x2F, 0x05, 0x6F, 0x05, 0x7F, 0x05, 0x04, 0x05, 0x00, 0x2F,
    0x5D, 0x33, 0x2B, 0x11, 0x00, 0x33, 0x11, 0x12, 0x01, 0x17, 0x39, 0x11, 0x33, 0x11, 0x33, 0x11,
    0x33, 0x11, 0x33, 0x31, 0x30, 0x25, 0x23, 0x35, 0x09, 0x01, 0x35, 0x33, 0x01, 0x15, 0x01, 0x23,
    0x35, 0x09, 0x01, 0x35, 0x33, 0x01, 0x15, 0x02, 0xCE, 0xA8, 0x01, 0x52, 0xFE, 0xB0, 0xA6, 0x01,
    0x52, 0xFC, 0xDD, 0xAA, 0x01, 0x52, 0xFE, 0xB0, 0xA8, 0x01, 0x4F, 0x8D, 0x1D, 0x01, 0x6F, 0x01,
    0x74, 0x1F, 0xFE, 0x8D, 0x3F, 0xFE, 0x93, 0x1D, 0x01, 0x6F, 0x01, 0x74, 0x1F, 0xFE, 0x8D, 0x3F,
    0xFF, 0xFF, 0x00, 0x38, 0xFF, 0xDC, 0x06, 0xC2, 0x05, 0x81, 0x10, 0x26, 0x00, 0x7B, 0xE8, 0x00,
    0x10, 0x27, 0x00, 0xC6, 0x02, 0xF9, 0x00, 0x00, 0x10, 0x07, 0x00, 0xC7, 0x03, 0xB8, 0xFD, 0xCF,
    0xFF, 0xFF, 0x00, 0x38, 0x00, 0x00, 0x06, 0x75, 0x05, 0x81, 0x10, 0x26, 0x00, 0x7B, 0xE8, 0x00,
    0x10, 0x27, 0x00, 0xC6, 0x02, 0xF9, 0x00, 0x00, 0x11, 0x07, 0x00, 0x74, 0x03, 0xF2, 0xFD, 0xCF,
    0x00, 0x29, 0x40, 0x19, 0x02, 0x0F, 0x2F, 0x0F, 0x6F, 0x0F, 0x02, 0x01, 0x0C, 0xBF, 0x0C, 0x01,
    0x10, 0x0C, 0x60, 0x0C, 0x70, 0x0C, 0x03, 0x2F, 0x2C, 0x01, 0x02, 0x0F, 0x18, 0x00, 0x3F, 0x35,
    0x01, 0x5D, 0x5D, 0x5D, 0x11, 0x35, 0x5D, 0x11, 0x35, 0x31, 0x30, 0x00, 0xFF, 0xFF, 0x00, 0x49,
    0xFF, 0xDC, 0x06, 0xC2, 0x05, 0x8D, 0x10, 0x27, 0x00, 0xC6, 0x03, 0x0D, 0x00, 0x00, 0x10, 0x27,
    0x00, 0xC7, 0x03, 0xB8, 0xFD, 0xCF, 0x10, 0x06, 0x00, 0x75, 0x2E, 0x00, 0x00, 0x02, 0x00, 0x83,
    0xFE, 0xA4, 0x04, 0x56, 0x04, 0x3A, 0x00, 0x1E, 0x00, 0x22, 0x00, 0x5F, 0x40, 0x34, 0x09, 0x08,
    0x08, 0x20, 0x21, 0x21, 0x00, 0x18, 0x18, 0x19, 0x12, 0x00, 0x19, 0x00, 0x24, 0x23, 0x12, 0x1C,
    0x08, 0x21, 0x40, 0x22, 0x21, 0x9C, 0x5B, 0x22, 0x0F, 0x03, 0x18, 0x01, 0x0D, 0x03, 0x18, 0x1C,
    0x1C, 0x15, 0x5F, 0x59, 0x2F, 0x1C, 0x3F, 0x1C, 0x02, 0x6F, 0x1C, 0xCF, 0x1C, 0x02, 0x1C, 0x20,
    0x24, 0x01, 0x5D, 0x00, 0x2F, 0x5D, 0x71, 0x2B, 0x11, 0x00, 0x33, 0x5F, 0x5E, 0x5D, 0x18, 0x3F,
    0x2B, 0x00, 0x1A, 0x18, 0x10, 0xCE, 0x11, 0x39, 0x11, 0x12, 0x01, 0x39, 0x39, 0x11, 0x33, 0x11,
    0x33, 0x11, 0x12, 0x39, 0x11, 0x33, 0x33, 0x11, 0x33, 0x31, 0x30, 0x37, 0x34, 0x3E, 0x01, 0x3F,
    0x01, 0x3E, 0x01, 0x37, 0x33, 0x0E, 0x07, 0x15, 0x14, 0x16, 0x33, 0x32, 0x36, 0x37, 0x17, 0x06,
    0x04, 0x23, 0x22, 0x24, 0x01, 0x15, 0x23, 0x35, 0x83, 0x2C, 0x52, 0x5D, 0x51, 0x47, 0x46, 0x01,
    0xAF, 0x02, 0x27, 0x3E, 0x4E, 0x50, 0x4D, 0x3C, 0x25, 0x9B, 0x8C, 0x8C, 0xA4, 0x0E, 0xB8, 0x1A,
    0xFE, 0xFC, 0xD6, 0xDF, 0xFF, 0x00, 0x02, 0x71, 0xC3, 0x32, 0x4B, 0x76, 0x64, 0x44, 0x3B, 0x34,
    0x73, 0x44, 0x45, 0x68, 0x50, 0x3F, 0x39, 0x39, 0x46, 0x58, 0x3B, 0x72, 0x84, 0x8C, 0x7A, 0x0C,
    0xC6, 0xD4, 0xD3, 0x04, 0xC3, 0xC9, 0xC9, 0x00, 0xFF, 0xFF, 0x00, 0x04, 0x00, 0x00, 0x05, 0x52,
    0x06, 0xF0, 0x12, 0x26, 0x00, 0x24, 0x00, 0x00, 0x11, 0x07, 0x00, 0xD8, 0x01, 0x4E, 0x00, 0x00,
    0x00, 0x18, 0xB6, 0x02, 0x11, 0x11, 0x05, 0x26, 0x02, 0x12, 0xB8, 0xFF, 0xE1, 0xB4, 0x12, 0x15,
    0x04, 0x07, 0x25, 0x2B, 0x11, 0x35, 0x00, 0x2B, 0x11, 0x35, 0xFF, 0xFF, 0x00, 0x04, 0x00, 0x00,
    0x05, 0x52, 0x06, 0xF0, 0x12, 0x26, 0x00, 0x24, 0x00, 0x00, 0x11, 0x07, 0x00, 0xD9, 0x01, 0xDB,
    0x00, 0x00, 0x00, 0x14, 0x40, 0x0C, 0x02, 0x11, 0x05, 0x26, 0x02, 0x11, 0x4C, 0x11, 0x14, 0x04,
    0x07, 0x25, 0x2B, 0x11, 0x35, 0x00, 0x2B, 0x35, 0xFF, 0xFF, 0x00, 0x04, 0x00, 0x00, 0x05, 0x52,
    0x06, 0xFE, 0x12, 0x26, 0x00, 0x24, 0x00, 0x00, 0x11, 0x07, 0x00, 0xDA, 0x01, 0x60, 0x00, 0x00,
    0x00, 0x16, 0x40, 0x0D, 0x02, 0x12, 0x12, 0x05, 0x26, 0x02, 0x17, 0x00, 0x17, 0x11, 0x04, 0x07,
    0x25, 0x2B, 0x11, 0x35, 0x00, 0x2B, 0x11, 0x35, 0xFF, 0xFF, 0x00, 0x04, 0x00, 0x00, 0x05, 0x52,
    0x07, 0x06, 0x12, 0x26, 0x00, 0x24, 0x00, 0x00, 0x11, 0x07, 0x00, 0xDC, 0x01, 0x5E, 0x00, 0x00,
    0x00, 0x16, 0x40, 0x0D, 0x02, 0x11, 0x11, 0x05, 0x26, 0x02, 0x1A, 0x02, 0x1A, 0x26, 0x04, 0x07,
    0x25, 0x2B, 0x11, 0x35, 0x00, 0x2B, 0x11, 0x35, 0xFF, 0xFF, 0x00, 0x04, 0x00, 0x00, 0x05, 0x52,
    0x06, 0xB2, 0x12, 0x26, 0x00, 0x24, 0x00, 0x00, 0x11, 0x07, 0x00, 0xDB, 0x01, 0x6C, 0x00, 0x00,
    0x00, 0x1A, 0x40, 0x0F, 0x03, 0x02, 0x11, 0x11, 0x05, 0x26, 0x03, 0x02, 0x15, 0x04, 0x15, 0x13,
    0x04, 0x07, 0x25, 0x2B, 0x11, 0x35, 0x35, 0x00, 0x2B, 0x11, 0x35, 0x35, 0xFF, 0xFF, 0x00, 0x04,
    0x00, 0x00, 0x05, 0x52, 0x06, 0xFB, 0x12, 0x26, 0x00, 0x24, 0x00, 0x00, 0x11, 0x07, 0x00, 0xC4,
    0x01, 0x89, 0x00, 0x88, 0x00, 0x2B, 0x40, 0x1D, 0x03, 0x02, 0x26, 0x03, 0x03, 0x02, 0x17, 0x36,
    0x17, 0x01, 0x45, 0x17, 0x01, 0x53, 0x17, 0x73, 0x17, 0x02, 0x22, 0x17, 0x62, 0x17, 0x02, 0x03,
    0x17, 0x11, 0x04, 0x07, 0x25, 0x2B, 0x5D, 0x5D, 0x5D, 0x5D, 0x11, 0x35, 0x35, 0x00, 0x3F, 0x35,
    0x35, 0x00, 0x00, 0x02, 0x00, 0x18, 0x00, 0x00, 0x07, 0xA8, 0x05, 0x81, 0x00, 0x0F, 0x00, 0x14,
    0x00, 0x6F, 0x40, 0x3B, 0x02, 0x13, 0x03, 0x11, 0x03, 0x04, 0x11, 0x09, 0x0D, 0x0D, 0x14, 0x05,
    0x0B, 0x07, 0x00, 0x0E, 0x0E, 0x00, 0x04, 0x03, 0x15, 0x16, 0x13, 0x02, 0x5F, 0x59, 0x13, 0x13,
    0x05, 0x04, 0x09, 0x0C, 0x5F, 0x59, 0x0F, 0x09, 0x01, 0x08, 0x03, 0x09, 0x09, 0x00, 0x05, 0x10,
    0x08, 0x05, 0x08, 0x5F, 0x59, 0x05, 0x03, 0x04, 0x12, 0x00, 0x0D, 0x5F, 0x59, 0x00, 0x12, 0x00,
    0x3F, 0x2B, 0x00, 0x18, 0x3F, 0x3F, 0x2B, 0x11, 0x00, 0x33, 0x11, 0x12, 0x39, 0x18, 0x2F, 0x5F,
    0x5E, 0x5D, 0x2B, 0x11, 0x12, 0x00, 0x39, 0x18, 0x2F, 0x2B, 0x11, 0x12, 0x01, 0x17, 0x39, 0x11,
    0x12, 0x39, 0x39, 0x32, 0x32, 0x32, 0x11, 0x33, 0x32, 0x11, 0x33, 0x11, 0x12, 0x39, 0x39, 0x31,
    0x30, 0x21, 0x11, 0x21, 0x03, 0x23, 0x01, 0x21, 0x15, 0x21, 0x11, 0x21, 0x15, 0x21, 0x11, 0x21,
    0x15, 0x01, 0x23, 0x07, 0x01, 0x21, 0x03, 0xC9, 0xFD, 0xDC, 0xC6, 0xC7, 0x02, 0xAE, 0x04, 0xB9,
    0xFD, 0x09, 0x02, 0xBB, 0xFD, 0x45, 0x03, 0x20, 0xFC, 0x21, 0x97, 0x1C, 0xFE, 0xD5, 0x01, 0xDE,
    0x01, 0x9C, 0xFE, 0x64, 0x05, 0x81, 0x9C, 0xFE, 0x3C, 0x9A, 0xFE, 0x15, 0x9C, 0x04, 0xEE, 0x3F,
    0xFD, 0x82, 0xFF, 0xFF, 0x00, 0x68, 0xFE, 0x4E, 0x05, 0x79, 0x05, 0x96, 0x12, 0x26, 0x00, 0x26,
    0x00, 0x00, 0x11, 0x07, 0x00, 0x7A, 0x01, 0xFE, 0x00, 0x00, 0x00, 0x0C, 0xB7, 0x01, 0x1E, 0x3A,
    0x1E, 0x1A, 0x10, 0x09, 0x25, 0x2B, 0x11, 0x35, 0xFF, 0xFF, 0x00, 0xA8, 0x00, 0x00, 0x04, 0xFE,
    0x06, 0xF0, 0x12, 0x26, 0x00, 0x28, 0x00, 0x00, 0x11, 0x07, 0x00, 0xD8, 0x01, 0x3F, 0x00, 0x00,
    0x00, 0x18, 0xB6, 0x01, 0x0C, 0x0C, 0x05, 0x26, 0x01, 0x0D, 0xB8, 0xFF, 0xAA, 0xB4, 0x0D, 0x10,
    0x00, 0x0A, 0x25, 0x2B, 0x11, 0x35, 0x00, 0x2B, 0x11, 0x35, 0xFF, 0xFF, 0x00, 0xA8, 0x00, 0x00,
    0x04, 0xFE, 0x06, 0xF0, 0x12, 0x26, 0x00, 0x28, 0x00, 0x00, 0x11, 0x07, 0x00, 0xD9, 0x01, 0xDF,
    0x00, 0x00, 0x00, 0x14, 0x40, 0x0C, 0x01, 0x0C, 0x05, 0x26, 0x01, 0x0C, 0x28, 0x0C, 0x0F, 0x00,
    0x0A, 0x25, 0x2B, 0x11, 0x35, 0x00, 0x2B, 0x35, 0xFF, 0xFF, 0x00, 0xA8, 0x00, 0x00, 0x04, 0xFE,
    0x06, 0xFE, 0x12, 0x26, 0x00, 0x28, 0x00, 0x00, 0x11, 0x07, 0x00, 0xDA, 0x01, 0x77, 0x00, 0x00,
    0x00, 0x18, 0xB6, 0x01, 0x0D, 0x0D, 0x05, 0x26, 0x01, 0x12, 0xB8, 0xFF, 0xEF, 0xB4, 0x12, 0x0C,
    0x00, 0x0A, 0x25, 0x2B, 0x11, 0x35, 0x00, 0x2B, 0x11, 0x35, 0xFF, 0xFF, 0x00, 0xA8, 0x00, 0x00,
    0x04, 0xFE, 0x06, 0xB2, 0x12, 0x26, 0x00, 0x28, 0x00, 0x00, 0x11, 0x07, 0x00, 0xDB, 0x01, 0x79,
    0x00, 0x00, 0x00, 0x1D, 0x40, 0x09, 0x02, 0x01, 0x0C, 0x0C, 0x05, 0x26, 0x02, 0x01, 0x10, 0xB8,
    0xFF, 0xEA, 0xB4, 0x10, 0x0E, 0x00, 0x0A, 0x25, 0x2B, 0x11, 0x35, 0x35, 0x00, 0x2B, 0x11, 0x35,
    0x35, 0x00, 0xFF, 0xFF, 0x00, 0x09, 0x00, 0x00, 0x01, 0xB1, 0x06, 0xF0, 0x12, 0x26, 0x00, 0x2C,
    0x00, 0x00, 0x11, 0x06, 0x00, 0xD8, 0x9F, 0x00, 0x00, 0x18, 0xB6, 0x01, 0x04, 0x04, 0x05, 0x26,
    0x01, 0x05, 0xB8, 0xFF, 0xC1, 0xB4, 0x05, 0x08, 0x00, 0x02, 0x25, 0x2B, 0x11, 0x35, 0x00, 0x2B,
    0x11, 0x35, 0xFF, 0xFF, 0x00, 0x8E, 0x00, 0x00, 0x02, 0x36, 0x06, 0xF0, 0x12, 0x26, 0x00, 0x2C,
    0x00, 0x00, 0x11, 0x06, 0x00, 0xD9, 0x46, 0x00, 0x00, 0x14, 0x40, 0x0C, 0x01, 0x04, 0x05, 0x26,
    0x01, 0x04, 0x45, 0x04, 0x07, 0x00, 0x02, 0x25, 0x2B, 0x11, 0x35, 0x00, 0x2B, 0x35, 0xFF, 0xFF,
    0xFF, 0xD2, 0x00, 0x00, 0x02, 0x68, 0x06, 0xFE, 0x12, 0x26, 0x00, 0x2C, 0x00, 0x00, 0x11, 0x06,
    0x00, 0xDA, 0xD2, 0x00, 0x00, 0x16, 0x40, 0x0D, 0x01, 0x05, 0x05, 0x05, 0x26, 0x01, 0x0A, 0x00,
    0x0A, 0x04, 0x00, 0x02, 0x25, 0x2B, 0x11, 0x35, 0x00, 0x2B, 0x11, 0x35, 0xFF, 0xFF, 0x00, 0x07,
    0x00, 0x00, 0x02, 0x34, 0x06, 0xB2, 0x12, 0x26, 0x00, 0x2C, 0x00, 0x00, 0x11, 0x06, 0x00, 0xDB,
    0xDA, 0x00, 0x00, 0x1A, 0x40, 0x0F, 0x02, 0x01, 0x04, 0x04, 0x05, 0x26, 0x02, 0x01, 0x08, 0x01,
    0x08, 0x06, 0x00, 0x02, 0x25, 0x2B, 0x11, 0x35, 0x35, 0x00, 0x2B, 0x11, 0x35, 0x35, 0x00, 0x02,
    0x00, 0x0E, 0x00, 0x00, 0x05, 0x65, 0x05, 0x81, 0x00, 0x0D, 0x00, 0x1B, 0x00, 0x54, 0x40, 0x2B,
    0x15, 0x0E, 0x17, 0x0E, 0x06, 0x13, 0x17, 0x17, 0x0D, 0x01, 0x0B, 0x06, 0x0B, 0x1D, 0x1C, 0x16,
    0x0D, 0x00, 0x0D, 0x5F, 0x59, 0x13, 0x0F, 0x00, 0x01, 0x20, 0x03, 0x00, 0x00, 0x17, 0x02, 0x0B,
    0x17, 0x5F, 0x59, 0x0B, 0x12, 0x02, 0x12, 0x5F, 0x59, 0x02, 0x03, 0x00, 0x3F, 0x2B, 0x00, 0x18,
    0x3F, 0x2B, 0x11, 0x12, 0x00, 0x39, 0x18, 0x2F, 0x5F, 0x5E, 0x5D, 0x33, 0x2B, 0x11, 0x00, 0x33,
    0x11, 0x12, 0x01, 0x39, 0x39, 0x11, 0x33, 0x33, 0x33, 0x11, 0x33, 0x11, 0x33, 0x11, 0x12, 0x39,
    0x31, 0x30, 0x13, 0x33, 0x11, 0x21, 0x20, 0x00, 0x11, 0x14, 0x02, 0x04, 0x23, 0x21, 0x11, 0x23,
    0x25, 0x10, 0x00, 0x29, 0x01, 0x11, 0x21, 0x15, 0x21, 0x11, 0x21, 0x32, 0x36, 0x12, 0x0E, 0x9A,
    0x01, 0xD2, 0x01, 0x66, 0x01, 0x85, 0xAA, 0xFE, 0xC8, 0xCC, 0xFD, 0xF1, 0x9A, 0x04, 0x97, 0xFE,
    0xE1, 0xFE, 0xF0, 0xFE, 0xF1, 0x01, 0x96, 0xFE, 0x6A, 0x01, 0x3A, 0x9B, 0xEB, 0x7E, 0x03, 0x21,
    0x02, 0x60, 0xFE, 0x99, 0xFE, 0xB5, 0xDA, 0xFE, 0xB9, 0xAE, 0x02, 0x87, 0x48, 0x01, 0x06, 0x01,
    0x13, 0xFE, 0x39, 0x9A, 0xFE, 0x12, 0x88, 0x01, 0x00, 0x00, 0xFF, 0xFF, 0x00, 0xA8, 0x00, 0x00,
    0x05, 0x20, 0x07, 0x06, 0x12, 0x26, 0x00, 0x31, 0x00, 0x00, 0x11, 0x07, 0x00, 0xDC, 0x01, 0xA1,
    0x00, 0x00, 0x00, 0x16, 0x40, 0x0D, 0x01, 0x0E, 0x0E, 0x05, 0x26, 0x01, 0x17, 0x0C, 0x17, 0x23,
    0x05, 0x0C, 0x25, 0x2B, 0x11, 0x35, 0x00, 0x2B, 0x11, 0x35, 0xFF, 0xFF, 0x00, 0x61, 0xFF, 0xEC,
    0x05, 0xD7, 0x06, 0xF0, 0x12, 0x26, 0x00, 0x32, 0x00, 0x00, 0x11, 0x07, 0x00, 0xD8, 0x01, 0xB6,
    0x00, 0x00, 0x00, 0x18, 0xB6, 0x02, 0x1B, 0x1B, 0x05, 0x26, 0x02, 0x1C, 0xB8, 0xFF, 0xD8, 0xB4,
    0x1C, 0x1F, 0x08, 0x00, 0x25, 0x2B, 0x11, 0x35, 0x00, 0x2B, 0x11, 0x35, 0xFF, 0xFF, 0x00, 0x61,
    0xFF, 0xEC, 0x05, 0xD7, 0x06, 0xF0, 0x12, 0x26, 0x00, 0x32, 0x00, 0x00, 0x11, 0x07, 0x00, 0xD9,
    0x02, 0x25, 0x00, 0x00, 0x00, 0x14, 0x40, 0x0C, 0x02, 0x1B, 0x05, 0x26, 0x02, 0x1B, 0x25, 0x1B,
    0x1E, 0x08, 0x00, 0x25, 0x2B, 0x11, 0x35, 0x00, 0x2B, 0x35, 0xFF, 0xFF, 0x00, 0x61, 0xFF, 0xEC,
    0x05, 0xD7, 0x06, 0xFE, 0x12, 0x26, 0x00, 0x32, 0x00, 0x00, 0x11, 0x07, 0x00, 0xDA, 0x01, 0xD5,
    0x00, 0x00, 0x00, 0x16, 0x40, 0x0D, 0x02, 0x1C, 0x1C, 0x05, 0x26, 0x02, 0x21, 0x04, 0x21, 0x1B,
    0x08, 0x00, 0x25, 0x2B, 0x11, 0x35, 0x00, 0x2B, 0x11, 0x35, 0xFF, 0xFF, 0x00, 0x61, 0xFF, 0xEC,
    0x05, 0xD7, 0x07, 0x06, 0x12, 0x26, 0x00, 0x32, 0x00, 0x00, 0x11, 0x07, 0x00, 0xDC, 0x01, 0xC1,
    0x00, 0x00, 0x00, 0x18, 0xB6, 0x02, 0x1B, 0x1B, 0x05, 0x26, 0x02, 0x24, 0xB8, 0xFF, 0xF5, 0xB4,
    0x24, 0x30, 0x08, 0x00, 0x25, 0x2B, 0x11, 0x35, 0x00, 0x2B, 0x11, 0x35, 0xFF, 0xFF, 0x00, 0x61,
    0xFF, 0xEC, 0x05, 0xD7, 0x06, 0xB2, 0x12, 0x26, 0x00, 0x32, 0x00, 0x00, 0x11, 0x07, 0x00, 0xDB,
    0x01, 0xD7, 0x00, 0x00, 0x00, 0x1D, 0x40, 0x09, 0x03, 0x02, 0x1B, 0x1B, 0x05, 0x26, 0x03, 0x02,
    0x1F, 0xB8, 0xFF, 0xFF, 0xB4, 0x1F, 0x1D, 0x08, 0x00, 0x25, 0x2B, 0x11, 0x35, 0x35, 0x00, 0x2B,
    0x11, 0x35, 0x35, 0x00, 0x00, 0x01, 0x00, 0x8E, 0x00, 0xE1, 0x04, 0x1F, 0x04, 0x73, 0x00, 0x0B,
    0x00, 0x23, 0x40, 0x10, 0x04, 0x0A, 0x06, 0x08, 0x02, 0x00, 0x00, 0x0A, 0x08, 0x03, 0x0D, 0x0C,
    0x00, 0x07, 0x01, 0x07, 0x00, 0x19, 0x2F, 0x71, 0x11, 0x12, 0x01, 0x17, 0x39, 0x11, 0x33, 0x11,
    0x33, 0x11, 0x33, 0x31, 0x30, 0x13, 0x09, 0x01, 0x37, 0x09, 0x01, 0x17, 0x09, 0x01, 0x07, 0x09,
    0x01, 0x8E, 0x01, 0x62, 0xFE, 0xA0, 0x68, 0x01, 0x5E, 0x01, 0x5E, 0x69, 0xFE, 0xA2, 0x01, 0x60,
    0x66, 0xFE, 0x9F, 0xFE, 0x9C, 0x01, 0x4A, 0x01, 0x62, 0x01, 0x60, 0x67, 0xFE, 0x9F, 0x01, 0x5F,
    0x69, 0xFE, 0xA4, 0xFE, 0xA0, 0x69, 0x01, 0x61, 0xFE, 0x9D, 0x00, 0x03, 0x00, 0x47, 0xFF, 0xCB,
    0x05, 0xF4, 0x05, 0xBA, 0x00, 0x14, 0x00, 0x1C, 0x00, 0x24, 0x00, 0x45, 0x40, 0x23, 0x18, 0x20,
    0x1D, 0x15, 0x15, 0x12, 0x00, 0x1D, 0x08, 0x0B, 0x00, 0x0B, 0x26, 0x25, 0x1F, 0x17, 0x1A, 0x22,
    0x0E, 0x22, 0x5F, 0x59, 0x11, 0x0E, 0x04, 0x04, 0x1A, 0x5F, 0x59, 0x07, 0x04, 0x13, 0x20, 0x26,
    0x01, 0x5D, 0x00, 0x3F, 0x33, 0x2B, 0x00, 0x18, 0x3F, 0x33, 0x2B, 0x11, 0x12, 0x00, 0x39, 0x39,
    0x11, 0x12, 0x01, 0x39, 0x39, 0x11, 0x33, 0x33, 0x11, 0x33, 0x33, 0x11, 0x12, 0x39, 0x39, 0x31,
    0x30, 0x01, 0x14, 0x02, 0x04, 0x23, 0x22, 0x27, 0x07, 0x23, 0x37, 0x26, 0x11, 0x10, 0x00, 0x21,
    0x32, 0x17, 0x37, 0x33, 0x07, 0x16, 0x03, 0x34, 0x27, 0x01, 0x16, 0x33, 0x32, 0x00, 0x01, 0x14,
    0x17, 0x01, 0x26, 0x23, 0x22, 0x00, 0x05, 0xD7, 0xA9, 0xFE, 0xC4, 0xD7, 0xF6, 0xA8, 0x78, 0xBE,
    0xC8, 0xAE, 0x01, 0x72, 0x01, 0x4A, 0xF7, 0xA7, 0x79, 0xC0, 0xC9, 0xAC, 0xC3, 0x62, 0xFD, 0x3B,
    0x7A, 0xB4, 0xF4, 0x01, 0x05, 0xFC, 0x0F, 0x65, 0x02, 0xC3, 0x7C, 0xB2, 0xF2, 0xFE, 0xF8, 0x02,
    0xC7, 0xDD, 0xFE, 0xB4, 0xB2, 0x70, 0x91, 0xF1, 0xC0, 0x01, 0x4B, 0x01, 0x52, 0x01, 0x7D, 0x6E,
    0x92, 0xF2, 0xBE, 0xFE, 0xBD, 0xE0, 0x90, 0xFC, 0xAB, 0x5B, 0x01, 0x2D, 0x01, 0x13, 0xE5, 0x95,
    0x03, 0x55, 0x58, 0xFE, 0xD8, 0x00, 0xFF, 0xFF, 0x00, 0x9E, 0xFF, 0xEC, 0x05, 0x29, 0x06, 0xF0,
    0x12, 0x26, 0x00, 0x38, 0x00, 0x00, 0x11, 0x07, 0x00, 0xD8, 0x01, 0x8D, 0x00, 0x00, 0x00, 0x18,
    0xB6, 0x01, 0x14, 0x14, 0x05, 0x26, 0x01, 0x15, 0xB8, 0xFF, 0xE8, 0xB4, 0x15, 0x18, 0x04, 0x0F,
    0x25, 0x2B, 0x11, 0x35, 0x00, 0x2B, 0x11, 0x35, 0xFF, 0xFF, 0x00, 0x9E, 0xFF, 0xEC, 0x05, 0x29,
    0x06, 0xF0, 0x12, 0x26, 0x00, 0x38, 0x00, 0x00, 0x11, 0x07, 0x00, 0xD9, 0x01, 0xED, 0x00, 0x00,
    0x00, 0x14, 0x40, 0x0C, 0x01, 0x14, 0x05, 0x26, 0x01, 0x14, 0x25, 0x14, 0x17, 0x04, 0x0F, 0x25,
    0x2B, 0x11, 0x35, 0x00, 0x2B, 0x35, 0xFF, 0xFF, 0x00, 0x9E, 0xFF, 0xEC, 0x05, 0x29, 0x06, 0xFE,
    0x12, 0x26, 0x00, 0x38, 0x00, 0x00, 0x11, 0x07, 0x00, 0xDA, 0x01, 0x98, 0x00, 0x00, 0x00, 0x16,
    0x40, 0x0D, 0x01, 0x15, 0x15, 0x05, 0x26, 0x01, 0x1A, 0x00, 0x1A, 0x14, 0x04, 0x0F, 0x25, 0x2B,
    0x11, 0x35, 0x00, 0x2B, 0x11, 0x35, 0xFF, 0xFF, 0x00, 0x9E, 0xFF, 0xEC, 0x05, 0x29, 0x06, 0xB2,
    0x12, 0x26, 0x00, 0x38, 0x00, 0x00, 0x11, 0x07, 0x00, 0xDB, 0x01, 0x9E, 0x00, 0x00, 0x00, 0x1D,
    0x40, 0x09, 0x02, 0x01, 0x14, 0x14, 0x05, 0x26, 0x02, 0x01, 0x18, 0xB8, 0xFF, 0xFE, 0xB4, 0x18,
    0x16, 0x04, 0x0F, 0x25, 0x2B, 0x11, 0x35, 0x35, 0x00, 0x2B, 0x11, 0x35, 0x35, 0x00, 0xFF, 0xFF,
    0x00, 0x2D, 0x00, 0x00, 0x05, 0x29, 0x06, 0xF0, 0x12, 0x26, 0x00, 0x3C, 0x00, 0x00, 0x11, 0x07,
    0x00, 0xD9, 0x01, 0xD0, 0x00, 0x00, 0x00, 0x14, 0x40, 0x0C, 0x01, 0x09, 0x05, 0x26, 0x01, 0x09,
    0x41, 0x09, 0x0C, 0x04, 0x08, 0x25, 0x2B, 0x11, 0x35, 0x00, 0x2B, 0x35, 0x00, 0x02, 0x00, 0xA8,
    0x00, 0x00, 0x04, 0xEA, 0x05, 0x81, 0x00, 0x0D, 0x00, 0x16, 0x00, 0x36, 0x40, 0x1C, 0x13, 0x0A,
    0x06, 0x06, 0x07, 0x0E, 0x00, 0x07, 0x00, 0x17, 0x18, 0x05, 0x13, 0x5F, 0x59, 0x0A, 0x12, 0x5F,
    0x59, 0x05, 0x0A, 0x05, 0x0A, 0x06, 0x08, 0x03, 0x06, 0x12, 0x00, 0x3F, 0x3F, 0x12, 0x39, 0x39,
    0x2F, 0x2F, 0x2B, 0x2B, 0x11, 0x12, 0x01, 0x39, 0x39, 0x11, 0x33, 0x11, 0x33, 0x11, 0x33, 0x33,
    0x31, 0x30, 0x01, 0x14, 0x0E, 0x01, 0x23, 0x21, 0x11, 0x23, 0x11, 0x33, 0x15, 0x21, 0x32, 0x04,
    0x07, 0x34, 0x26, 0x23, 0x21, 0x11, 0x21, 0x32, 0x36, 0x04, 0xEA, 0x74, 0xDB, 0x96, 0xFE, 0x62,
    0xBF, 0xBF, 0x01, 0x92, 0xEF, 0x01, 0x02, 0xC0, 0xA4, 0xA4, 0xFE, 0x85, 0x01, 0x83, 0x99, 0xA7,
    0x02, 0xDF, 0x80, 0xC7, 0x6F, 0xFE, 0xD7, 0x05, 0x81, 0xFC, 0xDE, 0xCC, 0x86, 0x95, 0xFD, 0xC0,
    0x9B, 0x00, 0x00, 0x01, 0x00, 0x8E, 0xFF, 0xEC, 0x04, 0x8F, 0x05, 0xCC, 0x00, 0x31, 0x00, 0x6D,
    0x40, 0x41, 0x1F, 0x12, 0x2C, 0x18, 0x27, 0x06, 0x20, 0x0C, 0x0C, 0x00, 0x00, 0x27, 0x2C, 0x20,
    0x04, 0x32, 0x33, 0x24, 0x18, 0x01, 0x15, 0x18, 0x01, 0x06, 0x18, 0x01, 0x2B, 0x0C, 0x01, 0x1A,
    0x0C, 0x01, 0x03, 0x0F, 0x0C, 0x01, 0x14, 0x05, 0x18, 0x0C, 0x24, 0x03, 0x24, 0x1B, 0x50, 0x59,
    0x24, 0x00, 0x20, 0x15, 0x03, 0x09, 0x50, 0x59, 0x03, 0x16, 0x70, 0x33, 0x01, 0x4F, 0x33, 0x01,
    0x3F, 0x33, 0x01, 0x5D, 0x5D, 0x5D, 0x00, 0x3F, 0x2B, 0x00, 0x18, 0x3F, 0x3F, 0x2B, 0x11, 0x12,
    0x00, 0x39, 0x39, 0x5F, 0x5E, 0x5D, 0x5F, 0x5D, 0x5D, 0x5D, 0x5D, 0x5D, 0x11, 0x12, 0x01, 0x17,
    0x39, 0x11, 0x33, 0x11, 0x12, 0x39, 0x11, 0x33, 0x11, 0x33, 0x32, 0x31, 0x30, 0x01, 0x14, 0x06,
    0x23, 0x22, 0x2F, 0x01, 0x1E, 0x01, 0x33, 0x32, 0x36, 0x35, 0x34, 0x26, 0x27, 0x2E, 0x01, 0x35,
    0x34, 0x36, 0x37, 0x3E, 0x01, 0x35, 0x34, 0x26, 0x23, 0x22, 0x06, 0x15, 0x11, 0x23, 0x11, 0x34,
    0x36, 0x33, 0x32, 0x16, 0x15, 0x14, 0x07, 0x0E, 0x01, 0x15, 0x14, 0x1E, 0x01, 0x17, 0x16, 0x04,
    0x8F, 0xBC, 0xAA, 0xAB, 0x70, 0x02, 0x34, 0xA0, 0x45, 0x5C, 0x62, 0x55, 0x61, 0x5C, 0x5B, 0x39,
    0x36, 0x3A, 0x35, 0x86, 0x6D, 0x94, 0x8B, 0xB4, 0xEB, 0xE8, 0xBE, 0xE1, 0x71, 0x4F, 0x22, 0x37,
    0x52, 0x30, 0xB8, 0x01, 0x27, 0x96, 0xA5, 0x31, 0xA4, 0x1D, 0x28, 0x56, 0x4F, 0x40, 0x66, 0x3A,
    0x36, 0x84, 0x56, 0x3D, 0x64, 0x2D, 0x30, 0x54, 0x32, 0x4D, 0x5D, 0xA0, 0xA2, 0xFC, 0x03, 0x04,
    0x03, 0xE3, 0xE6, 0xA1, 0x88, 0x8F, 0x67, 0x48, 0x31, 0x1D, 0x26, 0x3B, 0x39, 0x20, 0x7C, 0x00,
    0xFF, 0xFF, 0x00, 0x57, 0xFF, 0xEC, 0x04, 0x73, 0x05, 0xE4, 0x12, 0x26, 0x00, 0x44, 0x00, 0x00,
    0x11, 0x07, 0x00, 0x43, 0x00, 0xBC, 0x00, 0x00, 0x00, 0x18, 0xB6, 0x02, 0x31, 0x31, 0x11, 0x26,
    0x02, 0x32, 0xB8, 0xFF, 0x95, 0xB4, 0x32, 0x35, 0x03, 0x1A, 0x25, 0x2B, 0x11, 0x35, 0x00, 0x2B,
    0x11, 0x35, 0xFF, 0xFF, 0x00, 0x57, 0xFF, 0xEC, 0x04, 0x73, 0x05, 0xE4, 0x12, 0x26, 0x00, 0x44,
    0x00, 0x00, 0x11, 0x07, 0x00, 0x76, 0x01, 0x54, 0x00, 0x00, 0x00, 0x14, 0x40, 0x0C, 0x02, 0x31,
    0x11, 0x26, 0x02, 0x31, 0x0B, 0x31, 0x34, 0x03, 0x1A, 0x25, 0x2B, 0x11, 0x35, 0x00, 0x2B, 0x35,
    0xFF, 0xFF, 0x00, 0x57, 0xFF, 0xEC, 0x04, 0x73, 0x05, 0xD3, 0x12, 0x26, 0x00, 0x44, 0x00, 0x00,
    0x11, 0x07, 0x00, 0xC3, 0x00, 0xDA, 0x00, 0x00, 0x00, 0x18, 0xB6, 0x02, 0x32, 0x32, 0x11, 0x26,
    0x02, 0x37, 0xB8, 0xFF, 0xC0, 0xB4, 0x37, 0x31, 0x03, 0x1A, 0x25, 0x2B, 0x11, 0x35, 0x00, 0x2B,
    0x11, 0x35, 0xFF, 0xFF, 0x00, 0x57, 0xFF, 0xEC, 0x04, 0x73, 0x05, 0xBD, 0x12, 0x26, 0x00, 0x44,
    0x00, 0x00, 0x11, 0x07, 0x00, 0xC5, 0x00, 0xF5, 0x00, 0x00, 0x00, 0x18, 0xB6, 0x02, 0x31, 0x31,
    0x11, 0x26, 0x02, 0x3A, 0xB8, 0xFF, 0xE0, 0xB4, 0x3A, 0x46, 0x03, 0x1A, 0x25, 0x2B, 0x11, 0x35,
    0x00, 0x2B, 0x11, 0x35, 0xFF, 0xFF, 0x00, 0x57, 0xFF, 0xEC, 0x04, 0x73, 0x05, 0x7B, 0x12, 0x26,
    0x00, 0x44, 0x00, 0x00, 0x11, 0x07, 0x00, 0x6A, 0x00, 0xEB, 0x00, 0x00, 0x00, 0x1D, 0x40, 0x09,
    0x03, 0x02, 0x31, 0x31, 0x11, 0x26, 0x03, 0x02, 0x35, 0xB8, 0xFF, 0xCA, 0xB4, 0x35, 0x33, 0x03,
    0x1A, 0x25, 0x2B, 0x11, 0x35, 0x35, 0x00, 0x2B, 0x11, 0x35, 0x35, 0x00, 0xFF, 0xFF, 0x00, 0x57,
    0xFF, 0xEC, 0x04, 0x73, 0x06, 0x73, 0x12, 0x26, 0x00, 0x44, 0x00, 0x00, 0x11, 0x07, 0x00, 0xC4,
    0x01, 0x08, 0x00, 0x00, 0x00, 0x1D, 0x40, 0x09, 0x03, 0x02, 0x34, 0x34, 0x11, 0x26, 0x03, 0x02,
    0x37, 0xB8, 0xFF, 0xC8, 0xB4, 0x37, 0x31, 0x03, 0x1A, 0x25, 0x2B, 0x11, 0x35, 0x35, 0x00, 0x2B,
    0x11, 0x35, 0x35, 0x00, 0x00, 0x03, 0x00, 0x42, 0xFF, 0xEC, 0x06, 0xC2, 0x04, 0x4E, 0x00, 0x27,
    0x00, 0x34, 0x00, 0x3B, 0x00, 0xAA, 0x40, 0x5E, 0x1D, 0x1E, 0x1E, 0x2D, 0x12, 0x0C, 0x22, 0x34,
    0x3B, 0x01, 0x01, 0x16, 0x34, 0x34, 0x35, 0x12, 0x35, 0x26, 0x07, 0x08, 0x08, 0x26, 0x12, 0x26,
    0x3C, 0x3D, 0x35, 0x27, 0x50, 0x59, 0x0D, 0x35, 0x01, 0x14, 0x04, 0x35, 0x35, 0x0C, 0x22, 0x0A,
    0x24, 0x24, 0x38, 0x50, 0x59, 0x24, 0x10, 0x16, 0x28, 0x51, 0x59, 0x16, 0x16, 0x0F, 0x20, 0x3F,
    0x1D, 0x01, 0x0F, 0x1D, 0x6F, 0x1D, 0x02, 0x0B, 0x03, 0x1D, 0x1D, 0x20, 0x20, 0x1A, 0x50, 0x59,
    0x20, 0x10, 0x0F, 0x30, 0x50, 0x59, 0x0F, 0x16, 0x0A, 0x04, 0x50, 0x59, 0xEF, 0x07, 0x01, 0x80,
    0x07, 0x01, 0x07, 0x07, 0x0A, 0x16, 0x00, 0x3F, 0x33, 0x2F, 0x5D, 0x5D, 0x2B, 0x00, 0x18, 0x3F,
    0x2B, 0x00, 0x18, 0x3F, 0x2B, 0x11, 0x00, 0x33, 0x18, 0x2F, 0x5F, 0x5E, 0x5D, 0x71, 0x11, 0x12,
    0x39, 0x2F, 0x2B, 0x00, 0x18, 0x3F, 0x2B, 0x11, 0x12, 0x00, 0x39, 0x39, 0x39, 0x18, 0x2F, 0x5F,
    0x5E, 0x5D, 0x2B, 0x11, 0x12, 0x01, 0x39, 0x39, 0x11, 0x33, 0x11, 0x33, 0x11, 0x33, 0x11, 0x12,
    0x39, 0x11, 0x33, 0x33, 0x11, 0x33, 0x12, 0x39, 0x39, 0x11, 0x33, 0x33, 0x11, 0x33, 0x31, 0x30,
    0x01, 0x15, 0x1E, 0x01, 0x33, 0x32, 0x36, 0x37, 0x17, 0x02, 0x21, 0x20, 0x03, 0x0E, 0x01, 0x23,
    0x22, 0x26, 0x35, 0x34, 0x36, 0x3F, 0x01, 0x35, 0x34, 0x26, 0x23, 0x22, 0x06, 0x07, 0x27, 0x12,
    0x21, 0x32, 0x17, 0x36, 0x33, 0x20, 0x11, 0x15, 0x25, 0x07, 0x0E, 0x02, 0x15, 0x14, 0x16, 0x33,
    0x32, 0x3E, 0x01, 0x35, 0x25, 0x2E, 0x01, 0x23, 0x22, 0x06, 0x07, 0x03, 0xC8, 0x02, 0x96, 0x8C,
    0x75, 0x8D, 0x19, 0x9E, 0x61, 0xFE, 0xA8, 0xFE, 0xBF, 0x66, 0x4F, 0xD2, 0x92, 0xA7, 0xA9, 0xEE,
    0xF2, 0xF0, 0x6F, 0x79, 0x7E, 0x71, 0x0D, 0xBC, 0x2E, 0x01, 0x8E, 0xFA, 0x63, 0x76, 0xE4, 0x01,
    0xDD, 0xFC, 0x50, 0xC3, 0x85, 0x8D, 0x42, 0x64, 0x5D, 0x66, 0x99, 0x57, 0x02, 0xF6, 0x0F, 0x90,
    0x87, 0x7F, 0x93, 0x06, 0x01, 0xF7, 0x11, 0xB5, 0xBE, 0x5E, 0x48, 0x2D, 0xFF, 0x00, 0x01, 0x01,
    0x8C, 0x75, 0xAC, 0x96, 0xAE, 0xB0, 0x04, 0x04, 0x3B, 0x87, 0x6F, 0x50, 0x5C, 0x11, 0x01, 0x24,
    0x8B, 0x8B, 0xFD, 0xC1, 0x18, 0x1F, 0x04, 0x03, 0x35, 0x65, 0x4A, 0x57, 0x61, 0x59, 0x9B, 0x56,
    0xC4, 0xAB, 0x9D, 0xAB, 0x9D, 0x00, 0xFF, 0xFF, 0x00, 0x57, 0xFE, 0x4E, 0x03, 0xCA, 0x04, 0x4E,
    0x12, 0x26, 0x00, 0x46, 0x00, 0x00, 0x11, 0x07, 0x00, 0x7A, 0x01, 0x0C, 0x00, 0x00, 0x00, 0x0C,
    0xB7, 0x01, 0x1E, 0x28, 0x1E, 0x1A, 0x0D, 0x07, 0x25, 0x2B, 0x11, 0x35, 0xFF, 0xFF, 0x00, 0x57,
    0xFF, 0xEC, 0x04, 0x18, 0x05, 0xE4, 0x12, 0x26, 0x00, 0x48, 0x00, 0x00, 0x11, 0x07, 0x00, 0x43,
    0x00, 0xDD, 0x00, 0x00, 0x00, 0x18, 0xB6, 0x02, 0x1A, 0x1A, 0x11, 0x26, 0x02, 0x1B, 0xB8, 0xFF,
    0xE4, 0xB4, 0x1B, 0x1E, 0x0C, 0x11, 0x25, 0x2B, 0x11, 0x35, 0x00, 0x2B, 0x11, 0x35, 0xFF, 0xFF,
    0x00, 0x57, 0xFF, 0xEC, 0x04, 0x18, 0x05, 0xE4, 0x12, 0x26, 0x00, 0x48, 0x00, 0x00, 0x11, 0x07,
    0x00, 0x76, 0x01, 0x70, 0x00, 0x00, 0x00, 0x14, 0x40, 0x0C, 0x02, 0x1A, 0x11, 0x26, 0x02, 0x1A,
    0x54, 0x1A, 0x1D, 0x0C, 0x11, 0x25, 0x2B, 0x11, 0x35, 0x00, 0x2B, 0x35, 0xFF, 0xFF, 0x00, 0x57,
    0xFF, 0xEC, 0x04, 0x18, 0x05, 0xD3, 0x12, 0x26, 0x00, 0x48, 0x00, 0x00, 0x11, 0x07, 0x00, 0xC3,
    0x00, 0xF5, 0x00, 0x00, 0x00, 0x16, 0x40, 0x0D, 0x02, 0x1B, 0x1B, 0x11, 0x26, 0x02, 0x20, 0x08,
    0x20, 0x1A, 0x0C, 0x11, 0x25, 0x2B, 0x11, 0x35, 0x00, 0x2B, 0x11, 0x35, 0xFF, 0xFF, 0x00, 0x57,
    0xFF, 0xEC, 0x04, 0x18, 0x05, 0x7B, 0x12, 0x26, 0x00, 0x48, 0x00, 0x00, 0x11, 0x07, 0x00, 0x6A,
    0x00, 0xF8, 0x00, 0x00, 0x00, 0x1A, 0x40, 0x0F, 0x03, 0x02, 0x1A, 0x1A, 0x11, 0x26, 0x03, 0x02,
    0x1E, 0x04, 0x1E, 0x1C, 0x0C, 0x11, 0x25, 0x2B, 0x11, 0x35, 0x35, 0x00, 0x2B, 0x11, 0x35, 0x35,
    0xFF, 0xFF, 0x00, 0x0A, 0x00, 0x00, 0x01, 0xB2, 0x05, 0xE4, 0x12, 0x26, 0x00, 0xC2, 0x00, 0x00,
    0x11, 0x06, 0x00, 0x43, 0xA0, 0x00, 0x00, 0x18, 0xB6, 0x01, 0x04, 0x04, 0x11, 0x26, 0x01, 0x05,
    0xB8, 0xFF, 0xC2, 0xB4, 0x05, 0x08, 0x00, 0x02, 0x25, 0x2B, 0x11, 0x35, 0x00, 0x2B, 0x11, 0x35,
    0xFF, 0xFF, 0x00, 0x87, 0x00, 0x00, 0x02, 0x2F, 0x05, 0xE4, 0x12, 0x26, 0x00, 0xC2, 0x00, 0x00,
    0x11, 0x06, 0x00, 0x76, 0x3F, 0x00, 0x00, 0x14, 0x40, 0x0C, 0x01, 0x04, 0x11, 0x26, 0x01, 0x04,
    0x3F, 0x04, 0x07, 0x00, 0x02, 0x25, 0x2B, 0x11, 0x35, 0x00, 0x2B, 0x35, 0xFF, 0xFF, 0xFF, 0xD3,
    0x00, 0x00, 0x02, 0x69, 0x05, 0xD3, 0x12, 0x26, 0x00, 0xC2, 0x00, 0x00, 0x11, 0x06, 0x00, 0xC3,
    0xD3, 0x00, 0x00, 0x16, 0x40, 0x0D, 0x01, 0x05, 0x05, 0x11, 0x26, 0x01, 0x0A, 0x02, 0x0A, 0x04,
    0x00, 0x02, 0x25, 0x2B, 0x11, 0x35, 0x00, 0x2B, 0x11, 0x35, 0xFF, 0xFF, 0x00, 0x08, 0x00, 0x00,
    0x02, 0x35, 0x05, 0x7B, 0x12, 0x26, 0x00, 0xC2, 0x00, 0x00, 0x11, 0x06, 0x00, 0x6A, 0xDB, 0x00,
    0x00, 0x1A, 0x40, 0x0F, 0x02, 0x01, 0x04, 0x04, 0x11, 0x26, 0x02, 0x01, 0x08, 0x02, 0x08, 0x06,
    0x00, 0x02, 0x25, 0x2B, 0x11, 0x35, 0x35, 0x00, 0x2B, 0x11, 0x35, 0x35, 0x00, 0x02, 0x00, 0x56,
    0xFF, 0xEC, 0x04, 0x27, 0x05, 0xEA, 0x00, 0x1B, 0x00, 0x27, 0x00, 0x73, 0x40, 0x24, 0x1C, 0x0F,
    0x10, 0x0D, 0x0A, 0x12, 0x15, 0x14, 0x0B, 0x08, 0x09, 0x18, 0x22, 0x03, 0x03, 0x19, 0x28, 0x29,
    0x12, 0x0D, 0x15, 0x0A, 0x04, 0x0B, 0x13, 0x13, 0x0F, 0x06, 0x1F, 0x50, 0x59, 0x08, 0x50, 0x06,
    0x01, 0x06, 0xB8, 0xFF, 0xC0, 0x40, 0x20, 0x07, 0x0A, 0x48, 0x24, 0x0B, 0x34, 0x0B, 0x44, 0x0B,
    0x03, 0x02, 0x0B, 0x12, 0x0B, 0x52, 0x0B, 0x03, 0x09, 0x03, 0x06, 0x0B, 0x06, 0x0B, 0x25, 0x0F,
    0x00, 0x00, 0x25, 0x50, 0x59, 0x00, 0x16, 0x00, 0x3F, 0x2B, 0x00, 0x18, 0x3F, 0x12, 0x39, 0x39,
    0x2F, 0x2F, 0x5F, 0x5E, 0x5D, 0x5D, 0x2B, 0x5D, 0x33, 0x2B, 0x11, 0x00, 0x33, 0x18, 0x2F, 0x12,
    0x17, 0x39, 0x11, 0x12, 0x01, 0x39, 0x39, 0x11, 0x33, 0x12, 0x17, 0x39, 0x32, 0x31, 0x30, 0x05,
    0x22, 0x02, 0x35, 0x34, 0x36, 0x33, 0x32, 0x17, 0x26, 0x27, 0x05, 0x35, 0x37, 0x26, 0x27, 0x33,
    0x16, 0x17, 0x25, 0x0F, 0x01, 0x16, 0x12, 0x1D, 0x01, 0x10, 0x02, 0x13, 0x34, 0x26, 0x23, 0x22,
    0x06, 0x15, 0x14, 0x16, 0x33, 0x32, 0x36, 0x02, 0x36, 0xE8, 0xF8, 0xF8, 0xEF, 0x89, 0x5E, 0x6D,
    0x7D, 0xFE, 0xD3, 0xDA, 0x6D, 0x85, 0xD1, 0x50, 0x5A, 0x01, 0x32, 0x01, 0xD3, 0xAB, 0xAE, 0xF9,
    0x3C, 0x8D, 0x9C, 0x9D, 0x91, 0x90, 0x91, 0xA1, 0x95, 0x14, 0x01, 0x02, 0xF3, 0xF4, 0xFE, 0x3B,
    0xD9, 0x72, 0x85, 0x72, 0x5E, 0x57, 0x47, 0x24, 0x42, 0x84, 0x70, 0x5C, 0x9C, 0xFE, 0x6A, 0xE8,
    0x06, 0xFE, 0xFB, 0xFE, 0xF3, 0x01, 0xF5, 0xC0, 0xAD, 0xAE, 0xBF, 0xBE, 0xB2, 0xAF, 0xFF, 0xFF,
    0x00, 0x8C, 0x00, 0x00, 0x03, 0xF2, 0x05, 0xBD, 0x12, 0x26, 0x00, 0x51, 0x04, 0x00, 0x11, 0x07,
    0x00, 0xC5, 0x00, 0xF5, 0x00, 0x00, 0x00, 0x16, 0x40, 0x0D, 0x01, 0x1B, 0x1B, 0x11, 0x26, 0x01,
    0x24, 0x05, 0x24, 0x30, 0x0D, 0x19, 0x25, 0x2B, 0x11, 0x35, 0x00, 0x2B, 0x11, 0x35, 0xFF, 0xFF,
    0x00, 0x56, 0xFF, 0xEC, 0x04, 0x1D, 0x05, 0xE4, 0x12, 0x26, 0x00, 0x52, 0x00, 0x00, 0x11, 0x07,
    0x00, 0x43, 0x00, 0xDF, 0x00, 0x00, 0x00, 0x18, 0xB6, 0x02, 0x17, 0x17, 0x11, 0x26, 0x02, 0x18,
    0xB8, 0xFF, 0xE4, 0xB4, 0x18, 0x1B, 0x06, 0x00, 0x25, 0x2B, 0x11, 0x35, 0x00, 0x2B, 0x11, 0x35,
    0xFF, 0xFF, 0x00, 0x56, 0xFF, 0xEC, 0x04, 0x1D, 0x05, 0xE4, 0x12, 0x26, 0x00, 0x52, 0x00, 0x00,
    0x11, 0x07, 0x00, 0x76, 0x01, 0x67, 0x00, 0x00, 0x00, 0x14, 0x40, 0x0C, 0x02, 0x17, 0x11, 0x26,
    0x02, 0x17, 0x49, 0x17, 0x1A, 0x06, 0x00, 0x25, 0x2B, 0x11, 0x35, 0x00, 0x2B, 0x35, 0xFF, 0xFF,
    0x00, 0x56, 0xFF, 0xEC, 0x04, 0x1D, 0x05, 0xD3, 0x12, 0x26, 0x00, 0x52, 0x00, 0x00, 0x11, 0x07,
    0x00, 0xC3, 0x00, 0xF0, 0x00, 0x00, 0x00, 0x16, 0x40, 0x0D, 0x02, 0x18, 0x18, 0x11, 0x26, 0x02,
    0x1D, 0x01, 0x1D, 0x17, 0x06, 0x00, 0x25, 0x2B, 0x11, 0x35, 0x00, 0x2B, 0x11, 0x35, 0xFF, 0xFF,
    0x00, 0x56, 0xFF, 0xEC, 0x04, 0x1D, 0x05, 0xBD, 0x12, 0x26, 0x00, 0x52, 0x00, 0x00, 0x11, 0x07,
    0x00, 0xC5, 0x00, 0xF7, 0x00, 0x00, 0x00, 0x16, 0x40, 0x0D, 0x02, 0x17, 0x17, 0x11, 0x26, 0x02,
    0x20, 0x0D, 0x20, 0x2C, 0x06, 0x00, 0x25, 0x2B, 0x11, 0x35, 0x00, 0x2B, 0x11, 0x35, 0xFF, 0xFF,
    0x00, 0x56, 0xFF, 0xEC, 0x04, 0x1D, 0x05, 0x7B, 0x12, 0x26, 0x00, 0x52, 0x00, 0x00, 0x11, 0x07,
    0x00, 0x6A, 0x00, 0xFA, 0x00, 0x00, 0x00, 0x1A, 0x40, 0x0F, 0x03, 0x02, 0x17, 0x17, 0x11, 0x26,
    0x03, 0x02, 0x1B, 0x04, 0x1B, 0x19, 0x06, 0x00, 0x25, 0x2B, 0x11, 0x35, 0x35, 0x00, 0x2B, 0x11,
    0x35, 0x35, 0x00, 0x03, 0x00, 0x41, 0x00, 0xDF, 0x04, 0x24, 0x04, 0x75, 0x00, 0x03, 0x00, 0x07,
    0x00, 0x0B, 0x00, 0x4A, 0x40, 0x2A, 0x03, 0x0B, 0x0B, 0x00, 0x08, 0x08, 0x04, 0x06, 0x04, 0x06,
    0x0C, 0x0D, 0x08, 0x09, 0xAE, 0x59, 0x00, 0x08, 0x50, 0x08, 0x02, 0x0D, 0x03, 0x08, 0x04, 0x40,
    0x05, 0x04, 0xAD, 0x59, 0x01, 0x00, 0xAE, 0x59, 0x4F, 0x01, 0x9F, 0x01, 0x02, 0x01, 0x05, 0xB3,
    0x00, 0x3F, 0xCE, 0x5D, 0x2B, 0x2B, 0x00, 0x1A, 0x18, 0x10, 0xCE, 0x5F, 0x5E, 0x5D, 0x2B, 0x11,
    0x12, 0x01, 0x39, 0x39, 0x11, 0x12, 0x39, 0x11, 0x33, 0x33, 0x11, 0x33, 0x31, 0x30, 0x01, 0x35,
    0x33, 0x15, 0x01, 0x35, 0x21, 0x15, 0x01, 0x35, 0x33, 0x15, 0x01, 0xDE, 0xA8, 0xFD, 0xBB, 0x03,
    0xE3, 0xFD, 0xBA, 0xA8, 0x03, 0xBE, 0xB7, 0xB7, 0xFE, 0xA2, 0x92, 0x92, 0xFE, 0x7F, 0xB7, 0xB7,
    0x00, 0x03, 0x00, 0x2C, 0xFF, 0xDA, 0x04, 0xB4, 0x04, 0x5C, 0x00, 0x12, 0x00, 0x1A, 0x00, 0x22,
    0x00, 0x7D, 0x40, 0x4E, 0x16, 0x1E, 0x1B, 0x13, 0x13, 0x00, 0x1B, 0x0A, 0x00, 0x0A, 0x24, 0x23,
    0x1D, 0x15, 0x18, 0x20, 0x0C, 0x20, 0x50, 0x59, 0x0F, 0x0C, 0x10, 0x03, 0x18, 0x50, 0x59, 0x06,
    0x03, 0x16, 0xF0, 0x24, 0x01, 0xA0, 0x24, 0x01, 0x90, 0x24, 0x01, 0xE0, 0x24, 0x01, 0xDF, 0x24,
    0x01, 0xC0, 0x24, 0x01, 0xB0, 0x24, 0x01, 0xA0, 0x24, 0x01, 0x90, 0x24, 0x01, 0x80, 0x24, 0x01,
    0x70, 0x24, 0x01, 0x60, 0x24, 0x01, 0x50, 0x24, 0x01, 0x40, 0x24, 0x01, 0x20, 0x24, 0x01, 0x00,
    0x24, 0x01, 0x5D, 0x5D, 0x5D, 0x5D, 0x5D, 0x5D, 0x5D, 0x5D, 0x5D, 0x5D, 0x5D, 0x5D, 0x5D, 0x71,
    0x71, 0x71, 0x00, 0x3F, 0x33, 0x2B, 0x00, 0x18, 0x3F, 0x33, 0x2B, 0x11, 0x12, 0x00, 0x39, 0x39,
    0x11, 0x12, 0x01, 0x39, 0x39, 0x11, 0x33, 0x11, 0x33, 0x11, 0x12, 0x39, 0x39, 0x31, 0x30, 0x01,
    0x10, 0x02, 0x23, 0x22, 0x27, 0x07, 0x23, 0x37, 0x26, 0x35, 0x10, 0x21, 0x32, 0x17, 0x37, 0x33,
    0x07, 0x16, 0x07, 0x34, 0x27, 0x01, 0x16, 0x33, 0x32, 0x36, 0x25, 0x14, 0x17, 0x01, 0x26, 0x23,
    0x22, 0x06, 0x04, 0x58, 0xFA, 0xEE, 0xC3, 0x76, 0x64, 0xA7, 0xB8, 0x53, 0x01, 0xE5, 0xC9, 0x73,
    0x5B, 0xA7, 0xAD, 0x51, 0xBD, 0x17, 0xFE, 0x1D, 0x44, 0x89, 0xA2, 0x8B, 0xFD, 0xB3, 0x18, 0x01,
    0xE2, 0x43, 0x8C, 0x9E, 0x8D, 0x02, 0x1E, 0xFE, 0xE4, 0xFE, 0xEA, 0x62, 0x74, 0xD6, 0x8A, 0xE4,
    0x02, 0x30, 0x5B, 0x69, 0xC9, 0x85, 0xF0, 0x81, 0x5C, 0xFD, 0xCE, 0x58, 0xD0, 0xDD, 0x82, 0x55,
    0x02, 0x31, 0x51, 0xCF, 0xFF, 0xFF, 0x00, 0x8B, 0xFF, 0xEC, 0x03, 0xF1, 0x05, 0xE4, 0x12, 0x26,
    0x00, 0x58, 0x06, 0x00, 0x11, 0x07, 0x00, 0x43, 0x00, 0xEC, 0x00, 0x00, 0x00, 0x18, 0xB6, 0x01,
    0x1B, 0x1B, 0x11, 0x26, 0x01, 0x1C, 0xB8, 0xFF, 0xEC, 0xB4, 0x1C, 0x1F, 0x19, 0x0D, 0x25, 0x2B,
    0x11, 0x35, 0x00, 0x2B, 0x11, 0x35, 0xFF, 0xFF, 0x00, 0x8B, 0xFF, 0xEC, 0x03, 0xF1, 0x05, 0xE4,
    0x12, 0x26, 0x00, 0x58, 0x06, 0x00, 0x11, 0x07, 0x00, 0x76, 0x01, 0x57, 0x00, 0x00, 0x00, 0x14,
    0x40, 0x0C, 0x01, 0x1B, 0x11, 0x26, 0x01, 0x1B, 0x35, 0x1B, 0x1E, 0x19, 0x0D, 0x25, 0x2B, 0x11,
    0x35, 0x00, 0x2B, 0x35, 0xFF, 0xFF, 0x00, 0x8B, 0xFF, 0xEC, 0x03, 0xF1, 0x05, 0xD3, 0x12, 0x26,
    0x00, 0x58, 0x06, 0x00, 0x11, 0x07, 0x00, 0xC3, 0x00, 0xEF, 0x00, 0x00, 0x00, 0x18, 0xB6, 0x01,
    0x1C, 0x1C, 0x11, 0x26, 0x01, 0x21, 0xB8, 0xFF, 0xFC, 0xB4, 0x21, 0x1B, 0x19, 0x0D, 0x25, 0x2B,
    0x11, 0x35, 0x00, 0x2B, 0x11, 0x35, 0xFF, 0xFF, 0x00, 0x8B, 0xFF, 0xEC, 0x03, 0xF1, 0x05, 0x7B,
    0x12, 0x26, 0x00, 0x58, 0x06, 0x00, 0x11, 0x07, 0x00, 0x6A, 0x00, 0xED, 0x00, 0x00, 0x00, 0x1D,
    0x40, 0x09, 0x02, 0x01, 0x1B, 0x1B, 0x11, 0x26, 0x02, 0x01, 0x1F, 0xB8, 0xFF, 0xF3, 0xB4, 0x1F,
    0x1D, 0x19, 0x0D, 0x25, 0x2B, 0x11, 0x35, 0x35, 0x00, 0x2B, 0x11, 0x35, 0x35, 0x00, 0xFF, 0xFF,
    0x00, 0x05, 0xFE, 0x57, 0x03, 0xFC, 0x05, 0xE4, 0x12, 0x26, 0x00, 0x5C, 0x00, 0x00, 0x11, 0x07,
    0x00, 0x76, 0x01, 0x1B, 0x00, 0x00, 0x00, 0x14, 0x40, 0x0C, 0x01, 0x17, 0x11, 0x26, 0x01, 0x17,
    0x36, 0x17, 0x1A, 0x09, 0x12, 0x25, 0x2B, 0x11, 0x35, 0x00, 0x2B, 0x35, 0x00, 0x02, 0x00, 0x8A,
    0xFE, 0x57, 0x04, 0x1D, 0x05, 0xCC, 0x00, 0x14, 0x00, 0x21, 0x00, 0x3E, 0x40, 0x1F, 0x1C, 0x04,
    0x13, 0x13, 0x14, 0x15, 0x0B, 0x14, 0x0B, 0x22, 0x23, 0x13, 0x1B, 0x04, 0x0F, 0x08, 0x0D, 0x0D,
    0x1F, 0x50, 0x59, 0x0D, 0x16, 0x08, 0x18, 0x50, 0x59, 0x08, 0x10, 0x00, 0x00, 0x00, 0x3F, 0x3F,
    0x2B, 0x00, 0x18, 0x3F, 0x2B, 0x11, 0x12, 0x00, 0x39, 0x39, 0x18, 0x3F, 0x11, 0x12, 0x01, 0x39,
    0x39, 0x11, 0x33, 0x11, 0x33, 0x11, 0x33, 0x33, 0x31, 0x30, 0x13, 0x33, 0x11, 0x14, 0x07, 0x33,
    0x3E, 0x01, 0x33, 0x32, 0x12, 0x11, 0x10, 0x21, 0x22, 0x27, 0x23, 0x16, 0x15, 0x11, 0x23, 0x01,
    0x34, 0x26, 0x23, 0x22, 0x0E, 0x01, 0x15, 0x14, 0x16, 0x33, 0x32, 0x36, 0x8A, 0xB4, 0x04, 0x06,
    0x30, 0x9E, 0x81, 0xC8, 0xC6, 0xFE, 0x72, 0xFA, 0x56, 0x05, 0x04, 0xB4, 0x02, 0xD6, 0x7A, 0x85,
    0x6B, 0x79, 0x3F, 0x88, 0x99, 0x86, 0x7B, 0x05, 0xCC, 0xFE, 0x59, 0x41, 0x58, 0x64, 0x5D, 0xFE,
    0xF4, 0xFE, 0xE1, 0xFD, 0xCA, 0xBC, 0x08, 0xA2, 0xFE, 0x59, 0x03, 0xC7, 0xE2, 0xC2, 0x5A, 0xBF,
    0x99, 0xD5, 0xCA, 0xC5, 0xFF, 0xFF, 0x00, 0x05, 0xFE, 0x57, 0x03, 0xFC, 0x05, 0x7B, 0x12, 0x26,
    0x00, 0x5C, 0x00, 0x00, 0x11, 0x07, 0x00, 0x6A, 0x00, 0xBB, 0x00, 0x00, 0x00, 0x1D, 0x40, 0x09,
    0x02, 0x01, 0x17, 0x17, 0x11, 0x26, 0x02, 0x01, 0x1B, 0xB8, 0xFF, 0xFE, 0xB4, 0x1B, 0x19, 0x09,
    0x12, 0x25, 0x2B, 0x11, 0x35, 0x35, 0x00, 0x2B, 0x11, 0x35, 0x35, 0x00, 0x00, 0x01, 0x00, 0xC2,
    0x00, 0x00, 0x01, 0x76, 0x04, 0x3A, 0x00, 0x03, 0x01, 0x0A, 0x40, 0xBE, 0x03, 0x00, 0x00, 0x04,
    0x05, 0x01, 0x0F, 0x00, 0x15, 0x24, 0x05, 0x01, 0xE4, 0x05, 0x01, 0xD4, 0x05, 0x01, 0xC4, 0x05,
    0x01, 0xB4, 0x05, 0x01, 0x84, 0x05, 0x01, 0x74, 0x05, 0x01, 0x34, 0x05, 0x01, 0x24, 0x05, 0x01,
    0x14, 0x05, 0x01, 0x04, 0x05, 0x01, 0x6E, 0xE4, 0x05, 0x01, 0xD4, 0x05, 0x01, 0xC4, 0x05, 0x01,
    0xB4, 0x05, 0x01, 0x40, 0x05, 0x01, 0x34, 0x05, 0x01, 0x24, 0x05, 0x01, 0x14, 0x05, 0x01, 0x90,
    0x05, 0x01, 0x84, 0x05, 0x01, 0x74, 0x05, 0x01, 0x64, 0x05, 0x01, 0xE4, 0x05, 0x01, 0xD4, 0x05,
    0x01, 0xC4, 0x05, 0x01, 0xB4, 0x05, 0x01, 0x6B, 0x05, 0x01, 0x34, 0x05, 0x01, 0x24, 0x05, 0x01,
    0x14, 0x05, 0x01, 0x04, 0x05, 0x01, 0x38, 0xDB, 0x05, 0x01, 0xCB, 0x05, 0x01, 0x94, 0x05, 0x01,
    0x84, 0x05, 0x01, 0x74, 0x05, 0x01, 0x64, 0x05, 0x01, 0x2B, 0x05, 0x01, 0x1B, 0x05, 0x01, 0xE4,
    0x05, 0x01, 0xD4, 0x05, 0x01, 0xC4, 0x05, 0x01, 0x7B, 0x05, 0x01, 0x6B, 0x05, 0x01, 0x40, 0x05,
    0x01, 0x02, 0x30, 0x05, 0x01, 0x20, 0x05, 0x01, 0x10, 0x05, 0x01, 0xCF, 0x05, 0x01, 0xBF, 0x05,
    0x01, 0x90, 0x05, 0x01, 0x80, 0x05, 0x01, 0x70, 0x05, 0x01, 0x60, 0x05, 0x01, 0x40, 0x05, 0x01,
    0x20, 0x05, 0x01, 0x1F, 0x05, 0x01, 0x0F, 0x05, 0x01, 0x07, 0x5E, 0x5D, 0x5D, 0x5D, 0x5D, 0x5D,
    0x5D, 0x5D, 0x5D, 0x5D, 0x5D, 0x71, 0x71, 0x71, 0x5F, 0x71, 0x71, 0x71, 0x71, 0x71, 0x71, 0x72,
    0x72, 0x72, 0x72, 0x72, 0x72, 0x72, 0x72, 0x5E, 0x5D, 0x5D, 0x5D, 0x5D, 0x5D, 0x5D, 0x5D, 0x5D,
    0x5D, 0x71, 0x71, 0x71, 0x71, 0x72, 0x72, 0x72, 0x72, 0x72, 0x72, 0x72, 0x72, 0x5E, 0x5D, 0x5D,
    0x5D, 0x5D, 0x5D, 0x5D, 0x5D, 0x5D, 0x5D, 0x5D, 0x71, 0x00, 0x3F, 0x3F, 0x11, 0x12, 0x01, 0x39,
    0x11, 0x33, 0x31, 0x30, 0x33, 0x11, 0x33, 0x11, 0xC2, 0xB4, 0x04, 0x3A, 0xFB, 0xC6, 0x00, 0x01,
    0x00, 0x00, 0x04, 0xB1, 0x02, 0x96, 0x05, 0xD3, 0x00, 0x09, 0x00, 0x21, 0x40, 0x0F, 0x09, 0x08,
    0x03, 0x03, 0x01, 0x06, 0x01, 0x06, 0x0B, 0x0A, 0x01, 0x08, 0x94, 0x5B, 0x01, 0x00, 0x2F, 0x2B,
    0x11, 0x12, 0x01, 0x39, 0x39, 0x11, 0x12, 0x39, 0x11, 0x33, 0x33, 0x31, 0x30, 0x01, 0x15, 0x23,
    0x27, 0x23, 0x07, 0x23, 0x35, 0x13, 0x33, 0x02, 0x96, 0x69, 0xDB, 0x02, 0xE8, 0x68, 0xEA, 0xCC,
    0x04, 0xC5, 0x14, 0xA9, 0xA9, 0x14, 0x01, 0x0E, 0x00, 0x02, 0x00, 0x33, 0x04, 0x90, 0x02, 0x17,
    0x06, 0x73, 0x00, 0x0B, 0x00, 0x17, 0x00, 0x4A, 0x40, 0x2F, 0x0C, 0x00, 0x12, 0x06, 0x00, 0x06,
    0x19, 0x18, 0x09, 0x0F, 0x8D, 0x59, 0xF0, 0x09, 0x01, 0x0F, 0x09, 0x1F, 0x09, 0x02, 0x09, 0x03,
    0x09, 0x03, 0x40, 0x03, 0x15, 0x8D, 0x59, 0x0F, 0x03, 0x2F, 0x03, 0x3F, 0x03, 0x4F, 0x03, 0x7F,
    0x03, 0x9F, 0x03, 0xBF, 0x03, 0xEF, 0x03, 0x08, 0x03, 0x00, 0x2F, 0x5D, 0x2B, 0x00, 0x1A, 0x18,
    0x10, 0xCC, 0x5F, 0x5E, 0x5D, 0x5D, 0x2B, 0x11, 0x12, 0x01, 0x39, 0x39, 0x11, 0x33, 0x11, 0x33,
    0x31, 0x30, 0x01, 0x14, 0x06, 0x23, 0x22, 0x26, 0x35, 0x34, 0x36, 0x33, 0x32, 0x16, 0x07, 0x34,
    0x26, 0x23, 0x22, 0x06, 0x15, 0x14, 0x16, 0x33, 0x32, 0x36, 0x02, 0x17, 0x8E, 0x64, 0x64, 0x8E,
    0x8E, 0x64, 0x63, 0x8F, 0x6C, 0x4E, 0x38, 0x39, 0x4E, 0x4C, 0x3B, 0x3A, 0x4C, 0x05, 0x82, 0x64,
    0x8E, 0x8E, 0x64, 0x65, 0x8C, 0x8D, 0x64, 0x38, 0x4E, 0x4E, 0x38, 0x37, 0x52, 0x51, 0x00, 0x01,
    0xFF, 0xE9, 0x04, 0xB1, 0x02, 0xB6, 0x05, 0xBD, 0x00, 0x17, 0x02, 0x04, 0x40, 0xFF, 0x15, 0x19,
    0x09, 0x18, 0x14, 0x14, 0x0D, 0x0D, 0x05, 0x8F, 0x59, 0x20, 0x0D, 0x01, 0xB0, 0x0D, 0xC0, 0x0D,
    0xD0, 0x0D, 0x03, 0x0F, 0x0D, 0x1F, 0x0D, 0x2F, 0x0D, 0x03, 0x09, 0x03, 0x0D, 0x00, 0x40, 0x00,
    0x12, 0x8F, 0x59, 0x08, 0x00, 0x9D, 0x19, 0x01, 0x8D, 0x19, 0x01, 0x79, 0x19, 0x01, 0x69, 0x19,
    0x01, 0x5B, 0x19, 0x01, 0x49, 0x19, 0x01, 0x39, 0x19, 0x01, 0x2B, 0x19, 0x01, 0x1B, 0x19, 0x01,
    0x09, 0x19, 0x01, 0xF6, 0x19, 0x01, 0xE6, 0x19, 0x01, 0xD6, 0x19, 0x01, 0x96, 0x19, 0x01, 0x86,
    0x19, 0x01, 0x74, 0x19, 0x01, 0x62, 0x19, 0x01, 0x52, 0x19, 0x01, 0x42, 0x19, 0x01, 0x32, 0x19,
    0x01, 0x22, 0x19, 0x01, 0x12, 0x19, 0x01, 0x02, 0x19, 0x01, 0x67, 0xF2, 0x19, 0x01, 0xE2, 0x19,
    0x01, 0xD4, 0x19, 0x01, 0xC0, 0x19, 0x01, 0xB0, 0x19, 0x01, 0xA2, 0x19, 0x01, 0x92, 0x19, 0x01,
    0x80, 0x19, 0x01, 0x72, 0x19, 0x01, 0x62, 0x19, 0x01, 0x52, 0x19, 0x01, 0x44, 0x19, 0x01, 0x34,
    0x19, 0x01, 0x24, 0x19, 0x01, 0x16, 0x19, 0x01, 0x04, 0x19, 0x01, 0xF0, 0x19, 0x01, 0xE2, 0x19,
    0x01, 0xD0, 0x19, 0x01, 0xC0, 0x19, 0x01, 0xB2, 0x19, 0x01, 0xA2, 0x19, 0x01, 0x92, 0x19, 0x01,
    0x84, 0x19, 0x01, 0x74, 0x19, 0x01, 0x64, 0x19, 0x01, 0x56, 0x19, 0x01, 0x46, 0x19, 0x01, 0x36,
    0x19, 0x01, 0x22, 0x19, 0x01, 0x12, 0x19, 0x01, 0x00, 0x19, 0x01, 0xF2, 0x19, 0x01, 0xE2, 0x19,
    0x01, 0xD2, 0x19, 0x01, 0xC4, 0x19, 0x01, 0xB4, 0x19, 0x01, 0xA4, 0x19, 0x01, 0x96, 0x19, 0x01,
    0x86, 0x19, 0x01, 0x76, 0x19, 0x01, 0x66, 0x19, 0x01, 0x56, 0x19, 0x01, 0x42, 0x19, 0x01, 0x01,
    0x30, 0x19, 0x01, 0x20, 0x19, 0x01, 0x10, 0x19, 0x01, 0x00, 0x19, 0x01, 0x37, 0x40, 0x74, 0xF0,
    0x19, 0x01, 0xE0, 0x19, 0x01, 0xD4, 0x19, 0x01, 0xC4, 0x19, 0x01, 0xB0, 0x19, 0x01, 0xA4, 0x19,
    0x01, 0x94, 0x19, 0x01, 0x84, 0x19, 0x01, 0x70, 0x19, 0x01, 0x60, 0x19, 0x01, 0x50, 0x19, 0x01,
    0x44, 0x19, 0x01, 0x34, 0x19, 0x01, 0x24, 0x19, 0x01, 0x00, 0x19, 0x01, 0xF0, 0x19, 0x01, 0xE4,
    0x19, 0x01, 0xD4, 0x19, 0x01, 0xC4, 0x19, 0x01, 0xA0, 0x19, 0x01, 0x90, 0x19, 0x01, 0x84, 0x19,
    0x01, 0x74, 0x19, 0x01, 0x64, 0x19, 0x01, 0x54, 0x19, 0x01, 0x44, 0x19, 0x01, 0x34, 0x19, 0x01,
    0x04, 0x19, 0x01, 0xC4, 0x19, 0x01, 0xB4, 0x19, 0x01, 0xA0, 0x19, 0x01, 0x02, 0x90, 0x19, 0x01,
    0x80, 0x19, 0x01, 0x70, 0x19, 0x01, 0x3F, 0x19, 0x01, 0x2F, 0x19, 0x01, 0x1F, 0x19, 0x01, 0x0F,
    0x19, 0x01, 0x07, 0x5E, 0x5D, 0x5D, 0x5D, 0x5D, 0x5D, 0x5D, 0x5D, 0x5F, 0x5D, 0x5D, 0x5D, 0x71,
    0x71, 0x71, 0x71, 0x71, 0x71, 0x71, 0x71, 0x71, 0x71, 0x71, 0x71, 0x71, 0x72, 0x72, 0x72, 0x72,
    0x72, 0x72, 0x72, 0x72, 0x72, 0x72, 0x72, 0x72, 0x72, 0x72, 0x72, 0x5E, 0x5D, 0x5D, 0x5D, 0x5D,
    0x5F, 0x5D, 0x5D, 0x5D, 0x5D, 0x5D, 0x5D, 0x5D, 0x5D, 0x5D, 0x5D, 0x5D, 0x5D, 0x71, 0x71, 0x71,
    0x71, 0x71, 0x71, 0x71, 0x71, 0x71, 0x71, 0x71, 0x71, 0x71, 0x71, 0x71, 0x71, 0x72, 0x72, 0x72,
    0x72, 0x72, 0x72, 0x72, 0x72, 0x72, 0x72, 0x72, 0x72, 0x72, 0x72, 0x72, 0x72, 0x5E, 0x5D, 0x5D,
    0x5D, 0x5D, 0x5D, 0x5D, 0x5D, 0x5D, 0x5D, 0x5D, 0x5D, 0x5D, 0x5D, 0x71, 0x71, 0x71, 0x71, 0x71,
    0x71, 0x71, 0x71, 0x71, 0x71, 0x00, 0x2F, 0x32, 0x2B, 0x00, 0x1A, 0x18, 0x10, 0xCD, 0x5F, 0x5E,
    0x5D, 0x5D, 0x71, 0x2B, 0x11, 0x00, 0x33, 0x18, 0x2F, 0x11, 0x01, 0x33, 0x11, 0x33, 0x31, 0x30,
    0x01, 0x22, 0x2E, 0x02, 0x23, 0x22, 0x06, 0x07, 0x23, 0x3E, 0x02, 0x33, 0x32, 0x1E, 0x02, 0x33,
    0x32, 0x37, 0x33, 0x0E, 0x01, 0x01, 0xEC, 0x2A, 0x54, 0x4E, 0x47, 0x1F, 0x37, 0x36, 0x09, 0x5B,
    0x0B, 0x30, 0x51, 0x3F, 0x2C, 0x54, 0x4E, 0x45, 0x1E, 0x64, 0x11, 0x5C, 0x11, 0x64, 0x04, 0xB1,
    0x25, 0x2D, 0x25, 0x3E, 0x39, 0x66, 0x69, 0x3D, 0x25, 0x2D, 0x25, 0x77, 0x94, 0x78, 0x00, 0x01,
    0xFE, 0x60, 0x00, 0x00, 0x02, 0x62, 0x05, 0x81, 0x00, 0x03, 0x00, 0x13, 0xB7, 0x03, 0x05, 0x01,
    0x04, 0x02, 0x03, 0x00, 0x12, 0x00, 0x3F, 0x3F, 0x11, 0x01, 0x33, 0x11, 0x33, 0x31, 0x30, 0x21,
    0x23, 0x01, 0x33, 0xFE, 0xF4, 0x94, 0x03, 0x71, 0x91, 0x05, 0x81, 0x00, 0x00, 0x02, 0x00, 0x7C,
    0x02, 0x0D, 0x03, 0x0A, 0x05, 0x39, 0x00, 0x0A, 0x00, 0x11, 0x00, 0x00, 0x01, 0x15, 0x23, 0x35,
    0x21, 0x35, 0x01, 0x33, 0x11, 0x33, 0x15, 0x03, 0x06, 0x07, 0x03, 0x0F, 0x01, 0x21, 0x02, 0x8D,
    0x6C, 0xFE, 0x5B, 0x01, 0x99, 0x78, 0x7D, 0xE9, 0x09, 0x22, 0xE4, 0x23, 0x0A, 0x01, 0x3C, 0x02,
    0xC5, 0xB8, 0xB8, 0x51, 0x02, 0x23, 0xFD, 0xDE, 0x52, 0x01, 0xFF, 0x18, 0x2D, 0xFE, 0xCE, 0x2B,
    0x0B, 0x00, 0x00, 0x01, 0x00, 0x6C, 0x02, 0x02, 0x02, 0xD3, 0x05, 0x38, 0x00, 0x16, 0x00, 0x00,
    0x00, 0x26, 0x22, 0x07, 0x23, 0x13, 0x21, 0x15, 0x21, 0x03, 0x36, 0x32, 0x16, 0x14, 0x06, 0x23,
    0x20, 0x27, 0x37, 0x16, 0x33, 0x32, 0x36, 0x02, 0x5D, 0x69, 0xB5, 0x49, 0x70, 0x1E, 0x01, 0xFB,
    0xFE, 0x6D, 0x11, 0x4A, 0xF2, 0x9C, 0xA8, 0x89, 0xFE, 0xF3, 0x29, 0x73, 0x24, 0x96, 0x5C, 0x68,
    0x03, 0x60, 0x5E, 0x3A, 0x01, 0xB4, 0x58, 0xFE, 0xFF, 0x34, 0x8D, 0xF1, 0x93, 0xC1, 0x0C, 0x78,
    0x64, 0x00, 0x00, 0x02, 0x00, 0x7B, 0x02, 0x02, 0x02, 0xD2, 0x05, 0x45, 0x00, 0x10, 0x00, 0x19,
    0x00, 0x00, 0x13, 0x36, 0x20, 0x16, 0x14, 0x06, 0x20, 0x26, 0x10, 0x36, 0x33, 0x32, 0x17, 0x07,
    0x26, 0x23, 0x22, 0x01, 0x34, 0x26, 0x22, 0x06, 0x14, 0x16, 0x32, 0x36, 0xEC, 0x3F, 0x01, 0x16,
    0x91, 0x9A, 0xFE, 0xE3, 0xA0, 0xA6, 0x99, 0xCA, 0x35, 0x6D, 0x22, 0x69, 0xD5, 0x01, 0x72, 0x5F,
    0xA5, 0x62, 0x66, 0xA2, 0x5E, 0x03, 0xAF, 0x6B, 0x8D, 0xF7, 0x94, 0xCC, 0x01, 0x95, 0xE2, 0xA6,
    0x11, 0x63, 0xFE, 0x21, 0x58, 0x60, 0x55, 0xA8, 0x78, 0x65, 0x00, 0x01, 0x00, 0x44, 0x02, 0x0D,
    0x02, 0x92, 0x05, 0x38, 0x00, 0x0B, 0x00, 0x00, 0x01, 0x06, 0x07, 0x06, 0x15, 0x23, 0x34, 0x12,
    0x37, 0x21, 0x35, 0x21, 0x02, 0x92, 0x89, 0x38, 0x71, 0x77, 0x91, 0xAA, 0xFE, 0x20, 0x02, 0x4E,
    0x04, 0xE4, 0xBE, 0x6B, 0xD7, 0xD7, 0x9B, 0x01, 0x58, 0xE0, 0x58, 0x00, 0x00, 0x03, 0x00, 0x86,
    0x02, 0x02, 0x02, 0xE6, 0x05, 0x45, 0x00, 0x15, 0x00, 0x1D, 0x00, 0x25, 0x00, 0x00, 0x01, 0x14,
    0x06, 0x20, 0x26, 0x35, 0x34, 0x36, 0x37, 0x35, 0x2E, 0x01, 0x34, 0x36, 0x04, 0x16, 0x14, 0x06,
    0x07, 0x15, 0x1E, 0x01, 0x25, 0x32, 0x27, 0x34, 0x04, 0x15, 0x14, 0x16, 0x07, 0x14, 0x24, 0x35,
    0x34, 0x07, 0x22, 0x06, 0x02, 0xE6, 0x9C, 0xFE, 0xDE, 0xA2, 0x64, 0x4E, 0x49, 0x54, 0x99, 0x01,
    0x04, 0x99, 0x55, 0x4A, 0x56, 0x5E, 0xFE, 0xD0, 0xA5, 0x01, 0xFE, 0xB6, 0x57, 0x6B, 0x01, 0x74,
    0xBC, 0x57, 0x61, 0x02, 0xF0, 0x70, 0x7E, 0x7B, 0x71, 0x4F, 0x6D, 0x0C, 0x02, 0x10, 0x67, 0xA2,
    0x74, 0x01, 0x70, 0xA6, 0x68, 0x0D, 0x02, 0x0D, 0x6A, 0x9F, 0x8F, 0x8A, 0x01, 0x89, 0x46, 0x49,
    0xE8, 0xA8, 0x01, 0xA3, 0x9F, 0x01, 0x52, 0x00, 0x00, 0x02, 0x00, 0x8B, 0x02, 0x02, 0x02, 0xE2,
    0x05, 0x45, 0x00, 0x14, 0x00, 0x1D, 0x00, 0x00, 0x01, 0x20, 0x11, 0x14, 0x06, 0x23, 0x22, 0x26,
    0x27, 0x37, 0x16, 0x17, 0x32, 0x13, 0x0E, 0x01, 0x23, 0x22, 0x26, 0x34, 0x36, 0x04, 0x26, 0x22,
    0x06, 0x14, 0x16, 0x32, 0x37, 0x36, 0x01, 0xB4, 0x01, 0x2E, 0xA7, 0x9C, 0x69, 0x7D, 0x1C, 0x6D,
    0x22, 0x6C, 0xD4, 0x06, 0x19, 0x7C, 0x49, 0x78, 0x91, 0x9D, 0x01, 0x3E, 0x63, 0xA5, 0x5F, 0x5F,
    0x83, 0x2A, 0x5B, 0x05, 0x45, 0xFE, 0x6E, 0xD1, 0xE0, 0x50, 0x59, 0x10, 0x65, 0x01, 0x01, 0x40,
    0x34, 0x3F, 0x96, 0xFB, 0x92, 0xCC, 0x78, 0x66, 0xB0, 0x67, 0x14, 0x2C, 0x00, 0x02, 0x00, 0x76,
    0xFF, 0x46, 0x02, 0xE2, 0x02, 0x89, 0x00, 0x09, 0x00, 0x11, 0x00, 0x00, 0x01, 0x20, 0x11, 0x14,
    0x06, 0x23, 0x20, 0x11, 0x34, 0x36, 0x00, 0x36, 0x10, 0x26, 0x22, 0x06, 0x10, 0x16, 0x01, 0xAE,
    0x01, 0x34, 0x9D, 0x9A, 0xFE, 0xCB, 0x96, 0x01, 0x05, 0x5D, 0x59, 0xD0, 0x5C, 0x5D, 0x02, 0x89,
    0xFE, 0x5E, 0xCB, 0xD6, 0x01, 0xA1, 0xD1, 0xD1, 0xFD, 0x11, 0xA4, 0x01, 0x59, 0x9E, 0x9C, 0xFE,
    0xA2, 0xA1, 0x00, 0x01, 0x00, 0x4E, 0xFF, 0x51, 0x02, 0x7E, 0x02, 0x7D, 0x00, 0x0A, 0x00, 0x00,
    0x17, 0x35, 0x33, 0x11, 0x07, 0x35, 0x37, 0x33, 0x11, 0x33, 0x15, 0x4E, 0xE3, 0xC9, 0xD3, 0x69,
    0xDA, 0xAF, 0x58, 0x02, 0x70, 0x82, 0x62, 0x84, 0xFD, 0x2C, 0x58, 0x00, 0x00, 0x01, 0x00, 0x66,
    0xFF, 0x51, 0x02, 0xB5, 0x02, 0x89, 0x00, 0x1B, 0x00, 0x00, 0x17, 0x35, 0x36, 0x37, 0x3E, 0x01,
    0x37, 0x36, 0x35, 0x34, 0x23, 0x22, 0x06, 0x07, 0x27, 0x3E, 0x01, 0x04, 0x16, 0x15, 0x14, 0x07,
    0x0E, 0x02, 0x07, 0x21, 0x15, 0x66, 0x36, 0x7B, 0x33, 0x65, 0x28, 0x5B, 0xA3, 0x49, 0x5E, 0x08,
    0x75, 0x0D, 0x9C, 0x01, 0x02, 0x91, 0x5E, 0x2F, 0xCD, 0x57, 0x13, 0x01, 0xD2, 0xAF, 0x49, 0x70,
    0x65, 0x2A, 0x47, 0x23, 0x50, 0x4B, 0x95, 0x48, 0x41, 0x0A, 0x61, 0x74, 0x01, 0x73, 0x6B, 0x5D,
    0x5E, 0x2F, 0x97, 0x57, 0x29, 0x58, 0x00, 0x01, 0x00, 0x66, 0xFF, 0x46, 0x02, 0xCD, 0x02, 0x89,
    0x00, 0x22, 0x00, 0x00, 0x01, 0x14, 0x07, 0x15, 0x1E, 0x01, 0x15, 0x14, 0x06, 0x23, 0x20, 0x27,
    0x37, 0x16, 0x33, 0x32, 0x36, 0x35, 0x34, 0x2B, 0x01, 0x35, 0x33, 0x32, 0x36, 0x34, 0x26, 0x22,
    0x06, 0x07, 0x27, 0x3E, 0x01, 0x04, 0x16, 0x02, 0xB4, 0xBA, 0x64, 0x6F, 0x9D, 0x8D, 0xFE, 0xE1,
    0x1E, 0x76, 0x17, 0xAB, 0x56, 0x63, 0xDA, 0x41, 0x3E, 0x5E, 0x67, 0x54, 0x9E, 0x5D, 0x08, 0x73,
    0x0D, 0x9C, 0x01, 0x02, 0x94, 0x01, 0xB2, 0x9D, 0x23, 0x03, 0x0A, 0x66, 0x4E, 0x70, 0x7B, 0xDC,
    0x0A, 0x90, 0x4D, 0x47, 0x91, 0x5A, 0x4A, 0x83, 0x4B, 0x46, 0x40, 0x08, 0x64, 0x70, 0x01, 0x71,
    0x00, 0x02, 0x00, 0x67, 0xFF, 0x51, 0x02, 0xF5, 0x02, 0x7D, 0x00, 0x0A, 0x00, 0x11, 0x00, 0x00,
    0x25, 0x15, 0x23, 0x35, 0x21, 0x35, 0x01, 0x33, 0x11, 0x33, 0x15, 0x03, 0x06, 0x07, 0x03, 0x0F,
    0x01, 0x21, 0x02, 0x78, 0x6C, 0xFE, 0x5B, 0x01, 0x99, 0x78, 0x7D, 0xE9, 0x09, 0x22, 0xE4, 0x23,
    0x0A, 0x01, 0x3C, 0x09, 0xB8, 0xB8, 0x51, 0x02, 0x23, 0xFD, 0xDE, 0x52, 0x01, 0xFF, 0x18, 0x2D,
    0xFE, 0xCE, 0x2B, 0x0B, 0x00, 0x01, 0x00, 0x67, 0xFF, 0x46, 0x02, 0xCE, 0x02, 0x7C, 0x00, 0x16,
    0x00, 0x00, 0x24, 0x26, 0x22, 0x07, 0x23, 0x13, 0x21, 0x15, 0x21, 0x03, 0x36, 0x32, 0x16, 0x14,
    0x06, 0x23, 0x20, 0x27, 0x37, 0x16, 0x33, 0x32, 0x36, 0x02, 0x58, 0x69, 0xB5, 0x49, 0x70, 0x1E,
    0x01, 0xFB, 0xFE, 0x6D, 0x11, 0x4A, 0xF2, 0x9C, 0xA8, 0x89, 0xFE, 0xF3, 0x29, 0x73, 0x24, 0x96,
    0x5C, 0x68, 0xA4, 0x5E, 0x3A, 0x01, 0xB4, 0x58, 0xFE, 0xFF, 0x34, 0x8D, 0xF1, 0x93, 0xC1, 0x0C,
    0x78, 0x64, 0x00, 0x02, 0x00, 0x74, 0xFF, 0x46, 0x02, 0xCB, 0x02, 0x89, 0x00, 0x10, 0x00, 0x19,
    0x00, 0x00, 0x37, 0x36, 0x20, 0x16, 0x14, 0x06, 0x20, 0x26, 0x10, 0x36, 0x33, 0x32, 0x17, 0x07,
    0x26, 0x23, 0x22, 0x01, 0x34, 0x26, 0x22, 0x06, 0x14, 0x16, 0x32, 0x36, 0xE5, 0x3F, 0x01, 0x16,
    0x91, 0x9A, 0xFE, 0xE3, 0xA0, 0xA6, 0x99, 0xCA, 0x35, 0x6D, 0x22, 0x69, 0xD5, 0x01, 0x72, 0x5F,
    0xA5, 0x62, 0x66, 0xA2, 0x5E, 0xF3, 0x6B, 0x8D, 0xF7, 0x94, 0xCC, 0x01, 0x95, 0xE2, 0xA6, 0x11,
    0x63, 0xFE, 0x21, 0x58, 0x60, 0x55, 0xA8, 0x78, 0x65, 0x00, 0x00, 0x01, 0x00, 0x2A, 0xFF, 0x51,
    0x02, 0x78, 0x02, 0x7C, 0x00, 0x0B, 0x00, 0x00, 0x01, 0x06, 0x07, 0x06, 0x15, 0x23, 0x34, 0x12,
    0x37, 0x21, 0x35, 0x21, 0x02, 0x78, 0x89, 0x38, 0x71, 0x77, 0x91, 0xAA, 0xFE, 0x20, 0x02, 0x4E,
    0x02, 0x28, 0xBE, 0x6B, 0xD7, 0xD7, 0x9B, 0x01, 0x58, 0xE0, 0x58, 0x00, 0x00, 0x03, 0x00, 0x7A,
    0xFF, 0x46, 0x02, 0xDA, 0x02, 0x89, 0x00, 0x15, 0x00, 0x1D, 0x00, 0x25, 0x00, 0x00, 0x25, 0x14,
    0x06, 0x20, 0x26, 0x35, 0x34, 0x36, 0x37, 0x35, 0x2E, 0x01, 0x34, 0x36, 0x04, 0x16, 0x14, 0x06,
    0x07, 0x15, 0x1E, 0x01, 0x25, 0x32, 0x27, 0x34, 0x04, 0x15, 0x14, 0x16, 0x07, 0x14, 0x24, 0x35,
    0x34, 0x07, 0x22, 0x06, 0x02, 0xDA, 0x9C, 0xFE, 0xDE, 0xA2, 0x64, 0x4E, 0x49, 0x54, 0x99, 0x01,
    0x04, 0x99, 0x55, 0x4A, 0x56, 0x5E, 0xFE, 0xD0, 0xA5, 0x01, 0xFE, 0xB6, 0x57, 0x6B, 0x01, 0x74,
    0xBC, 0x57, 0x61, 0x34, 0x70, 0x7E, 0x7B, 0x71, 0x4F, 0x6D, 0x0C, 0x02, 0x10, 0x67, 0xA2, 0x74,
    0x01, 0x70, 0xA6, 0x68, 0x0D, 0x02, 0x0D, 0x6A, 0x9F, 0x8F, 0x8A, 0x01, 0x89, 0x46, 0x49, 0xE8,
    0xA8, 0x01, 0xA3, 0x9F, 0x01, 0x52, 0x00, 0x02, 0x00, 0x66, 0xFF, 0x46, 0x02, 0xBE, 0x02, 0x89,
    0x00, 0x14, 0x00, 0x1D, 0x00, 0x00, 0x01, 0x20, 0x13, 0x14, 0x06, 0x23, 0x22, 0x26, 0x27, 0x37,
    0x16, 0x17, 0x32, 0x13, 0x0E, 0x01, 0x23, 0x22, 0x26, 0x34, 0x36, 0x04, 0x26, 0x22, 0x06, 0x14,
    0x16, 0x32, 0x37, 0x36, 0x01, 0x8F, 0x01, 0x2E, 0x01, 0xA8, 0x9C, 0x69, 0x7D, 0x1C, 0x6D, 0x22,
    0x6C, 0xD4, 0x06, 0x19, 0x7C, 0x49, 0x78, 0x91, 0x9D, 0x01, 0x3E, 0x63, 0xA5, 0x5F, 0x5F, 0x83,
    0x2A, 0x5B, 0x02, 0x89, 0xFE, 0x6E, 0xD1, 0xE0, 0x50, 0x59, 0x10, 0x65, 0x01, 0x01, 0x40, 0x34,
    0x3F, 0x96, 0xFB, 0x92, 0xCC, 0x78, 0x66, 0xB0, 0x67, 0x14, 0x2C, 0x00, 0x00, 0x01, 0x00, 0xBB,
    0x01, 0xBE, 0x01, 0x7E, 0x02, 0x9A, 0x00, 0x03, 0x00, 0x23, 0x40, 0x14, 0x03, 0x00, 0x00, 0x04,
    0x05, 0x01, 0x00, 0x9B, 0x59, 0x0F, 0x01, 0x1F, 0x01, 0x02, 0x01, 0x40, 0x0F, 0x26, 0x48, 0x01,
    0x00, 0x2F, 0x2B, 0x5D, 0x2B, 0x11, 0x12, 0x01, 0x39, 0x11, 0x33, 0x31, 0x30, 0x13, 0x35, 0x33,
    0x15, 0xBB, 0xC3, 0x01, 0xBE, 0xDC, 0xDC, 0x00, 0x00, 0x01, 0x00, 0x6A, 0x05, 0xFA, 0x02, 0x12,
    0x06, 0xF0, 0x00, 0x05, 0x00, 0x26, 0x40, 0x17, 0x01, 0x04, 0x06, 0x07, 0x9F, 0x02, 0xAF, 0x02,
    0xBF, 0x02, 0x03, 0x02, 0x80, 0x1F, 0x00, 0x2F, 0x00, 0x3F, 0x00, 0x5F, 0x00, 0x04, 0x00, 0x00,
    0x2F, 0x5D, 0x1A, 0xCD, 0x5D, 0x11, 0x12, 0x01, 0x39, 0x39, 0x31, 0x30, 0x01, 0x25, 0x35, 0x33,
    0x17, 0x15, 0x01, 0xA0, 0xFE, 0xCA, 0xCF, 0xD9, 0x05, 0xFA, 0xD9, 0x1D, 0xE2, 0x14, 0x00, 0x01,
    0x00, 0x48, 0x05, 0xFA, 0x01, 0xF0, 0x06, 0xF0, 0x00, 0x05, 0x00, 0x26, 0x40, 0x17, 0x01, 0x04,
    0x06, 0x07, 0x9F, 0x02, 0xAF, 0x02, 0xBF, 0x02, 0x03, 0x02, 0x80, 0x1F, 0x00, 0x2F, 0x00, 0x3F,
    0x00, 0x5F, 0x00, 0x04, 0x00, 0x00, 0x2F, 0x5D, 0x1A, 0xCD, 0x5D, 0x11, 0x12, 0x01, 0x39, 0x39,
    0x31, 0x30, 0x13, 0x35, 0x37, 0x33, 0x15, 0x05, 0x48, 0xD9, 0xCF, 0xFE, 0xCA, 0x05, 0xFA, 0x14,
    0xE2, 0x1D, 0xD9, 0x00, 0x00, 0x01, 0x00, 0x00, 0x05, 0xFA, 0x02, 0x96, 0x06, 0xFE, 0x00, 0x09,
    0x00, 0x34, 0x40, 0x1D, 0x09, 0x08, 0x03, 0x03, 0x01, 0x06, 0x00, 0x06, 0x0B, 0x0A, 0x03, 0x9F,
    0x08, 0xAF, 0x08, 0x02, 0x08, 0x80, 0x05, 0x1F, 0x01, 0x2F, 0x01, 0x3F, 0x01, 0x5F, 0x01, 0x04,
    0x01, 0x00, 0x2F, 0x5D, 0x33, 0x1A, 0xCD, 0x5D, 0x39, 0x11, 0x12, 0x01, 0x39, 0x39, 0x11, 0x12,
    0x39, 0x11, 0x33, 0x33, 0x31, 0x30, 0x01, 0x15, 0x23, 0x27, 0x23, 0x07, 0x23, 0x35, 0x37, 0x33,
    0x02, 0x96, 0x69, 0xDB, 0x02, 0xE8, 0x68, 0xEA, 0xCC, 0x06, 0x0E, 0x14, 0x8B, 0x8B, 0x14, 0xF0,
    0x00, 0x02, 0x00, 0x2D, 0x05, 0xFA, 0x02, 0x5A, 0x06, 0xB2, 0x00, 0x03, 0x00, 0x07, 0x00, 0x24,
    0x40, 0x10, 0x07, 0x04, 0x00, 0x03, 0x04, 0x03, 0x08, 0x09, 0x01, 0x05, 0x04, 0x05, 0x91, 0x59,
    0x00, 0x04, 0x00, 0x2F, 0x33, 0x2B, 0x11, 0x00, 0x33, 0x11, 0x12, 0x01, 0x39, 0x39, 0x11, 0x33,
    0x11, 0x33, 0x31, 0x30, 0x01, 0x35, 0x33, 0x15, 0x21, 0x35, 0x33, 0x15, 0x01, 0xB7, 0xA3, 0xFD,
    0xD3, 0xA5, 0x05, 0xFA, 0xB8, 0xB8, 0xB8, 0xB8, 0x00, 0x01, 0xFF, 0xE9, 0x05, 0xFA, 0x02, 0xB6,
    0x07, 0x06, 0x00, 0x17, 0x00, 0x49, 0x40, 0x2A, 0x14, 0x15, 0x15, 0x19, 0x08, 0x09, 0x09, 0x18,
    0x14, 0x0D, 0x0D, 0x05, 0x8F, 0x59, 0x1F, 0x0D, 0x01, 0xB0, 0x0D, 0xC0, 0x0D, 0xD0, 0x0D, 0x03,
    0x0F, 0x0D, 0x1F, 0x0D, 0x2F, 0x0D, 0x03, 0x09, 0x03, 0x0D, 0x00, 0x40, 0x00, 0x12, 0x8F, 0x59,
    0x08, 0x00, 0x00, 0x2F, 0x32, 0x2B, 0x00, 0x1A, 0x18, 0x10, 0xCD, 0x5F, 0x5E, 0x5D, 0x5D, 0x71,
    0x2B, 0x11, 0x00, 0x33, 0x11, 0x01, 0x33, 0x11, 0x33, 0x11, 0x33, 0x11, 0x33, 0x31, 0x30, 0x01,
    0x22, 0x2E, 0x02, 0x23, 0x22, 0x06, 0x07, 0x23, 0x3E, 0x02, 0x33, 0x32, 0x1E, 0x02, 0x33, 0x32,
    0x37, 0x33, 0x0E, 0x01, 0x01, 0xEC, 0x2A, 0x54, 0x4E, 0x47, 0x1F, 0x37, 0x36, 0x09, 0x5B, 0x0B,
    0x30, 0x51, 0x3F, 0x2C, 0x54, 0x4E, 0x45, 0x1E, 0x64, 0x11, 0x5C, 0x11, 0x64, 0x05, 0xFA, 0x25,
    0x2D, 0x25, 0x3E, 0x39, 0x66, 0x69, 0x3D, 0x25, 0x2D, 0x25, 0x77, 0x94, 0x78, 0x00, 0x00, 0x00,
    0x00, 0x01, 0x00, 0x00, 0x00, 0xDD, 0x01, 0x52, 0x00, 0x54, 0x00, 0x5C, 0x00, 0x06, 0x00, 0x02,
    0x00, 0x10, 0x00, 0x2F, 0x00, 0x5C, 0x00, 0x00, 0x02, 0xA4, 0x02, 0x04, 0x00, 0x04, 0x00, 0x01,
    0x00, 0x00, 0x00, 0x25, 0x00, 0x25, 0x00, 0x25, 0x00, 0x25, 0x01, 0x2B, 0x01, 0x52, 0x01, 0xE6,
    0x02, 0xA5, 0x03, 0x20, 0x03, 0xB2, 0x03, 0xCC, 0x03, 0xFC, 0x04, 0x2D, 0x04, 0x78, 0x04, 0xB2,
    0x04, 0xD7, 0x04, 0xF3, 0x05, 0x0A, 0x05, 0x22, 0x05, 0x64, 0x05, 0x90, 0x05, 0xDD, 0x06, 0x4A,
    0x06, 0x8B, 0x06, 0xE9, 0x07, 0x4A, 0x07, 0x7A, 0x07, 0xEC, 0x08, 0x51, 0x08, 0x77, 0x08, 0xA7,
    0x08, 0xD9, 0x09, 0x0C, 0x09, 0x3D, 0x09, 0x9D, 0x0A, 0x53, 0x0A, 0xA6, 0x0B, 0x11, 0x0B, 0x72,
    0x0B, 0xB2, 0x0B, 0xF3, 0x0C, 0x24, 0x0C, 0x8C, 0x0C, 0xDD, 0x0D, 0x2F, 0x0D, 0x71, 0x0D, 0xA7,
    0x0D, 0xC5, 0x0E, 0x9F, 0x0E, 0xE3, 0x0F, 0x30, 0x0F, 0x71, 0x0F, 0xD4, 0x10, 0x2A, 0x10, 0xB6,
    0x11, 0x61, 0x11, 0xA8, 0x11, 0xDD, 0x13, 0x0C, 0x13, 0xB0, 0x14, 0x9F, 0x14, 0xDB, 0x15, 0x00,
    0x15, 0x19, 0x15, 0x3E, 0x15, 0xEF, 0x16, 0x06, 0x16, 0x2C, 0x16, 0xBB, 0x17, 0x21, 0x17, 0x80,
    0x17, 0xE2, 0x18, 0x4B, 0x18, 0xB4, 0x19, 0x4B, 0x19, 0xA3, 0x19, 0xED, 0x1A, 0x86, 0x1A, 0xE8,
    0x1B, 0x2F, 0x1C, 0x2A, 0x1C, 0x84, 0x1C, 0xD1, 0x1D, 0x38, 0x1D, 0xB2, 0x1D, 0xE3, 0x1E, 0x55,
    0x1E, 0x98, 0x1E, 0xF2, 0x1F, 0xB8, 0x20, 0xB7, 0x21, 0x81, 0x22, 0x9C, 0x23, 0x63, 0x23, 0xC7,
    0x24, 0x75, 0x24, 0xD9, 0x25, 0x37, 0x25, 0x3F, 0x26, 0x34, 0x26, 0x74, 0x26, 0xF2, 0x27, 0x51,
    0x27, 0xBE, 0x28, 0x7D, 0x29, 0x2B, 0x29, 0x4F, 0x29, 0xE9, 0x2A, 0x6F, 0x2A, 0xB3, 0x2A, 0xD1,
    0x2A, 0xD9, 0x2B, 0x76, 0x2B, 0x8E, 0x2B, 0xCA, 0x2C, 0x14, 0x2C, 0x60, 0x2C, 0xD9, 0x2C, 0xFA,
    0x2D, 0x54, 0x2D, 0x86, 0x2D, 0x95, 0x2D, 0xDA, 0x2E, 0x0F, 0x2E, 0x58, 0x2E, 0x9A, 0x2E, 0xAA,
    0x2E, 0xD0, 0x2E, 0xE0, 0x2F, 0x46, 0x2F, 0x5F, 0x2F, 0x76, 0x2F, 0x8E, 0x2F, 0xA6, 0x2F, 0xC0,
    0x2F, 0xE3, 0x30, 0x43, 0x30, 0x56, 0x30, 0x6F, 0x30, 0x86, 0x30, 0x9F, 0x30, 0xBB, 0x30, 0xD3,
    0x30, 0xE9, 0x31, 0x00, 0x31, 0x19, 0x31, 0x77, 0x31, 0x8F, 0x31, 0xA8, 0x31, 0xBF, 0x31, 0xD7,
    0x31, 0xF0, 0x32, 0x0C, 0x32, 0x3F, 0x32, 0xA5, 0x32, 0xBE, 0x32, 0xD5, 0x32, 0xED, 0x33, 0x09,
    0x33, 0x20, 0x33, 0x63, 0x33, 0xE2, 0x33, 0xFB, 0x34, 0x12, 0x34, 0x2B, 0x34, 0x44, 0x34, 0x60,
    0x34, 0x7C, 0x35, 0x2D, 0x35, 0x40, 0x35, 0x59, 0x35, 0x70, 0x35, 0x88, 0x35, 0xA2, 0x35, 0xBA,
    0x35, 0xD0, 0x35, 0xE7, 0x36, 0x00, 0x36, 0x79, 0x36, 0x91, 0x36, 0xAA, 0x36, 0xC1, 0x36, 0xD9,
    0x36, 0xF1, 0x37, 0x0B, 0x37, 0x4A, 0x37, 0xC4, 0x37, 0xDD, 0x37, 0xF4, 0x38, 0x0D, 0x38, 0x29,
    0x38, 0x40, 0x38, 0x94, 0x38, 0xB0, 0x39, 0x41, 0x39, 0x66, 0x39, 0xB1, 0x3A, 0xD9, 0x3A, 0xF0,
    0x3B, 0x13, 0x3B, 0x3B, 0x3B, 0x67, 0x3B, 0x80, 0x3B, 0xBE, 0x3B, 0xF0, 0x3C, 0x13, 0x3C, 0x28,
    0x3C, 0x55, 0x3C, 0x8A, 0x3C, 0xAC, 0x3C, 0xD3, 0x3C, 0xFF, 0x3D, 0x18, 0x3D, 0x55, 0x3D, 0x88,
    0x3D, 0xA6, 0x3D, 0xC9, 0x3D, 0xEC, 0x3E, 0x1A, 0x3E, 0x3E, 0x3E, 0x89, 0x00, 0x01, 0x00, 0x00,
    0x00, 0x02, 0x19, 0x99, 0x77, 0x78, 0x77, 0x61, 0x5F, 0x0F, 0x3C, 0xF5, 0x00, 0x1F, 0x08, 0x00,
    0x00, 0x00, 0x00, 0x00, 0xC8, 0x40, 0xF9, 0x9A, 0x00, 0x00, 0x00, 0x00, 0xDD, 0x7B, 0x2E, 0x16,
    0xFB, 0xA6, 0xFD, 0x93, 0x0A, 0x6A, 0x07, 0xD7, 0x00, 0x00, 0x00, 0x08, 0x00, 0x02, 0x00, 0x00,
    0x00, 0x00, 0x00, 0x00, 0x06, 0x00, 0x00, 0xCD, 0x00, 0x00, 0x00, 0x00, 0x02, 0x39, 0x00, 0x00,
    0x02, 0x39, 0x00, 0x00, 0x02, 0x39, 0x00, 0xB9, 0x02, 0xD7, 0x00, 0x57, 0x04, 0x73, 0x00, 0x09,
    0x04, 0x73, 0x00, 0x16, 0x07, 0x1D, 0x00, 0x49, 0x05, 0x56, 0x00, 0x48, 0x01, 0x87, 0x00, 0x68,
    0x02, 0xAA, 0x00, 0x7F, 0x02, 0xAA, 0x00, 0x0C, 0x03, 0x1D, 0x00, 0x21, 0x04, 0xAC, 0x00, 0x64,
    0x02, 0x39, 0x00, 0xB8, 0x02, 0xAA, 0x00, 0x5B, 0x02, 0x39, 0x00, 0xBB, 0x02, 0x39, 0x00, 0x00,
    0x04, 0x73, 0x00, 0x50, 0x04, 0x73, 0x00, 0x9C, 0x04, 0x73, 0x00, 0x67, 0x04, 0x73, 0x00, 0x4E,
    0x04, 0x73, 0x00, 0x2F, 0x04, 0x73, 0x00, 0x52, 0x04, 0x73, 0x00, 0x68, 0x04, 0x73, 0x00, 0x69,
    0x04, 0x73, 0x00, 0x59, 0x04, 0x73, 0x00, 0x60, 0x02, 0x39, 0x00, 0xBB, 0x02, 0x39, 0x00, 0xB8,
    0x04, 0xAC, 0x00, 0x65, 0x04, 0xAC, 0x00, 0x64, 0x04, 0xAC, 0x00, 0x65, 0x04, 0x73, 0x00, 0x54,
    0x08, 0x1F, 0x00, 0xA1, 0x05, 0x56, 0x00, 0x04, 0x05, 0x56, 0x00, 0xA8, 0x05, 0xC7, 0x00, 0x68,
    0x05, 0xC7, 0x00, 0xA8, 0x05, 0x56, 0x00, 0xA8, 0x04, 0xE3, 0x00, 0xA8, 0x06, 0x39, 0x00, 0x67,
    0x05, 0xC7, 0x00, 0xA8, 0x02, 0x39, 0x00, 0xBD, 0x04, 0x00, 0x00, 0x20, 0x05, 0x56, 0x00, 0xA8,
    0x04, 0x73, 0x00, 0xA8, 0x06, 0xAA, 0x00, 0xA8, 0x05, 0xC7, 0x00, 0xA8, 0x06, 0x39, 0x00, 0x61,
    0x05, 0x56, 0x00, 0xA8, 0x06, 0x39, 0x00, 0x61, 0x05, 0xC7, 0x00, 0xA8, 0x05, 0x56, 0x00, 0x5D,
    0x04, 0xE3, 0x00, 0x2E, 0x05, 0xC7, 0x00, 0x9E, 0x05, 0x56, 0x00, 0x09, 0x07, 0x8D, 0x00, 0x09,
    0x05, 0x56, 0x00, 0x2E, 0x05, 0x56, 0x00, 0x2D, 0x04, 0xE3, 0x00, 0x41, 0x02, 0x39, 0x00, 0x92,
    0x02, 0x39, 0x00, 0x00, 0x02, 0x39, 0x00, 0x10, 0x03, 0xC1, 0x00, 0x0A, 0x04, 0x73, 0xFF, 0xE1,
    0x02, 0xAA, 0x00, 0x6A, 0x04, 0x73, 0x00, 0x57, 0x04, 0x73, 0x00, 0x84, 0x04, 0x00, 0x00, 0x57,
    0x04, 0x73, 0x00, 0x56, 0x04, 0x73, 0x00, 0x57, 0x02, 0x39, 0x00, 0x1D, 0x04, 0x73, 0x00, 0x56,
    0x04, 0x73, 0x00, 0x8E, 0x01, 0xC7, 0x00, 0x89, 0x01, 0xC7, 0xFF, 0xCE, 0x04, 0x00, 0x00, 0x8A,
    0x01, 0xC7, 0x00, 0x8A, 0x06, 0xAA, 0x00, 0x88, 0x04, 0x73, 0x00, 0x88, 0x04, 0x73, 0x00, 0x56,
    0x04, 0x73, 0x00, 0x84, 0x04, 0x73, 0x00, 0x56, 0x02, 0xAA, 0x00, 0x88, 0x04, 0x00, 0x00, 0x39,
    0x02, 0x39, 0x00, 0x1F, 0x04, 0x73, 0x00, 0x85, 0x04, 0x00, 0x00, 0x07, 0x05, 0xC7, 0xFF, 0xFD,
    0x04, 0x00, 0x00, 0x17, 0x04, 0x00, 0x00, 0x05, 0x04, 0x00, 0x00, 0x53, 0x02, 0xAC, 0x00, 0x22,
    0x02, 0x14, 0x00, 0xB7, 0x02, 0xAC, 0x00, 0x22, 0x04, 0xAC, 0x00, 0x5C, 0x02, 0x39, 0x00, 0x00,
    0x02, 0xAA, 0x00, 0xF2, 0x04, 0x73, 0x00, 0x87, 0x04, 0x73, 0x00, 0x3A, 0x04, 0x73, 0x00, 0x71,
    0x04, 0x73, 0xFF, 0xFE, 0x02, 0x14, 0x00, 0xB7, 0x04, 0x73, 0x00, 0x73, 0x02, 0xAA, 0x00, 0x2D,
    0x05, 0xE5, 0x00, 0x1F, 0x02, 0xF6, 0x00, 0x1A, 0x04, 0x73, 0x00, 0x53, 0x04, 0xAC, 0x00, 0x64,
    0x02, 0xAA, 0x00, 0x5B, 0x05, 0xE5, 0x00, 0x1F, 0x04, 0x6B, 0xFF, 0xEF, 0x03, 0x33, 0x00, 0x7A,
    0x04, 0x64, 0x00, 0x41, 0x02, 0xAA, 0x00, 0x29, 0x02, 0xAA, 0x00, 0x1B, 0x02, 0xAA, 0x00, 0x48,
    0x04, 0x9C, 0x00, 0x8C, 0x04, 0x4C, 0x00, 0x50, 0x02, 0xAA, 0x00, 0xF3, 0x02, 0xAA, 0x00, 0x77,
    0x02, 0xAA, 0x00, 0x50, 0x02, 0xEC, 0x00, 0x1B, 0x04, 0x73, 0x00, 0x53, 0x06, 0xAC, 0x00, 0x38,
    0x06, 0xAC, 0x00, 0x38, 0x06, 0xAC, 0x00, 0x49, 0x04, 0xE3, 0x00, 0x83, 0x05, 0x56, 0x00, 0x04,
    0x05, 0x56, 0x00, 0x04, 0x05, 0x56, 0x00, 0x04, 0x05, 0x56, 0x00, 0x04, 0x05, 0x56, 0x00, 0x04,
    0x05, 0x56, 0x00, 0x04, 0x08, 0x00, 0x00, 0x18, 0x05, 0xC7, 0x00, 0x68, 0x05, 0x56, 0x00, 0xA8,
    0x05, 0x56, 0x00, 0xA8, 0x05, 0x56, 0x00, 0xA8, 0x05, 0x56, 0x00, 0xA8, 0x02, 0x39, 0x00, 0x09,
    0x02, 0x39, 0x00, 0x8E, 0x02, 0x39, 0xFF, 0xD2, 0x02, 0x39, 0x00, 0x07, 0x05, 0xC7, 0x00, 0x0E,
    0x05, 0xC7, 0x00, 0xA8, 0x06, 0x39, 0x00, 0x61, 0x06, 0x39, 0x00, 0x61, 0x06, 0x39, 0x00, 0x61,
    0x06, 0x39, 0x00, 0x61, 0x06, 0x39, 0x00, 0x61, 0x04, 0xAC, 0x00, 0x8E, 0x06, 0x39, 0x00, 0x47,
    0x05, 0xC7, 0x00, 0x9E, 0x05, 0xC7, 0x00, 0x9E, 0x05, 0xC7, 0x00, 0x9E, 0x05, 0xC7, 0x00, 0x9E,
    0x05, 0x56, 0x00, 0x2D, 0x05, 0x56, 0x00, 0xA8, 0x04, 0xE3, 0x00, 0x8E, 0x04, 0x73, 0x00, 0x57,
    0x04, 0x73, 0x00, 0x57, 0x04, 0x73, 0x00, 0x57, 0x04, 0x73, 0x00, 0x57, 0x04, 0x73, 0x00, 0x57,
    0x04, 0x73, 0x00, 0x57, 0x07, 0x1D, 0x00, 0x42, 0x04, 0x00, 0x00, 0x57, 0x04, 0x73, 0x00, 0x57,
    0x04, 0x73, 0x00, 0x57, 0x04, 0x73, 0x00, 0x57, 0x04, 0x73, 0x00, 0x57, 0x02, 0x39, 0x00, 0x0A,
    0x02, 0x39, 0x00, 0x87, 0x02, 0x39, 0xFF, 0xD3, 0x02, 0x39, 0x00, 0x08, 0x04, 0x73, 0x00, 0x56,
    0x04, 0x73, 0x00, 0x8C, 0x04, 0x73, 0x00, 0x56, 0x04, 0x73, 0x00, 0x56, 0x04, 0x73, 0x00, 0x56,
    0x04, 0x73, 0x00, 0x56, 0x04, 0x73, 0x00, 0x56, 0x04, 0x64, 0x00, 0x41, 0x04, 0xE3, 0x00, 0x2C,
    0x04, 0x73, 0x00, 0x8B, 0x04, 0x73, 0x00, 0x8B, 0x04, 0x73, 0x00, 0x8B, 0x04, 0x73, 0x00, 0x8B,
    0x04, 0x00, 0x00, 0x05, 0x04, 0x73, 0x00, 0x8A, 0x04, 0x00, 0x00, 0x05, 0x02, 0x39, 0x00, 0xC2,
    0x02, 0xAA, 0x00, 0x00, 0x02, 0xAA, 0x00, 0x33, 0x02, 0xAA, 0xFF, 0xE9, 0x01, 0x56, 0xFE, 0x60,
    0x03, 0x70, 0x00, 0x7C, 0x03, 0x51, 0x00, 0x6C, 0x03, 0x4B, 0x00, 0x7B, 0x02, 0xE5, 0x00, 0x44,
    0x03, 0x60, 0x00, 0x86, 0x03, 0x6D, 0x00, 0x8B, 0x03, 0x52, 0x00, 0x76, 0x02, 0xB3, 0x00, 0x4E,
    0x03, 0x1B, 0x00, 0x66, 0x03, 0x42, 0x00, 0x66, 0x03, 0x44, 0x00, 0x67, 0x03, 0x39, 0x00, 0x67,
    0x03, 0x3A, 0x00, 0x74, 0x02, 0xC0, 0x00, 0x2A, 0x03, 0x51, 0x00, 0x7A, 0x03, 0x2C, 0x00, 0x66,
    0x02, 0x39, 0x00, 0xBB, 0x02, 0x5A, 0x00, 0x6A, 0x02, 0x5A, 0x00, 0x48, 0x02, 0x98, 0x00, 0x00,
    0x02, 0x87, 0x00, 0x2D, 0x02, 0xA0, 0xFF, 0xE9, 0x00, 0x01, 0x00, 0x00, 0x07, 0x3E, 0xFE, 0x4E,
    0x00, 0x43, 0x0A, 0xB4, 0xFB, 0xA6, 0xFA, 0x7A, 0x0A, 0x6A, 0x00, 0x01, 0x00, 0x00, 0x00, 0x00,
    0x00, 0x00, 0x00, 0x00, 0x00, 0x00, 0x00, 0x00, 0x00, 0x00, 0x00, 0xDD, 0x00, 0x03, 0x04, 0xA3,
    0x01, 0x90, 0x00, 0x05, 0x00, 0x00, 0x05, 0x9A, 0x05, 0x33, 0x00, 0x00, 0x01, 0x1B, 0x05, 0x9A,
    0x05, 0x33, 0x00, 0x00, 0x03, 0xD1, 0x00, 0x66, 0x02, 0x12, 0x08, 0x05, 0x02, 0x0B, 0x06, 0x04,
    0x02, 0x02, 0x02, 0x02, 0x02, 0x04, 0x00, 0x00, 0x00, 0x03, 0x00, 0x00, 0x00, 0x00, 0x00, 0x00,
    0x00, 0x00, 0x00, 0x00, 0x00, 0x00, 0x31, 0x41, 0x53, 0x43, 0x00, 0x40, 0x00, 0x20, 0x00, 0xFF,
    0x05, 0xD3, 0xFE, 0x51, 0x01, 0x33, 0x07, 0x3E, 0x01, 0xB2, 0x00, 0x00, 0x00, 0x01, 0x00, 0x00,
    0x00, 0x00, 0x04, 0x3A, 0x05, 0x81, 0x00, 0x00, 0x00, 0x20, 0x00, 0x2C, 0x00, 0x00, 0x00, 0x02,
    0x00, 0x00, 0x00, 0x03, 0x00, 0x00, 0x00, 0x14, 0x00, 0x03, 0x00, 0x01, 0x00, 0x00, 0x00, 0x14,
    0x00, 0x04, 0x00, 0x28, 0x00, 0x00, 0x00, 0x06, 0x00, 0x04, 0x00, 0x01, 0x00, 0x02, 0x00, 0x7E,
    0x00, 0xFF, 0xFF, 0xFF, 0x00, 0x00, 0x00, 0x20, 0x00, 0xA0, 0xFF, 0xFF, 0xFF, 0xE3, 0xFF, 0xC2,
    0x00, 0x01, 0x00, 0x00, 0x00, 0x00, 0x00, 0x00, 0x40, 0x47, 0x5B, 0x5A, 0x59, 0x58, 0x55, 0x54,
    0x53, 0x52, 0x51, 0x50, 0x4F, 0x4E, 0x4D, 0x4C, 0x4B, 0x4A, 0x49, 0x48, 0x47, 0x46, 0x45, 0x44,
    0x43, 0x42, 0x41, 0x40, 0x3F, 0x3E, 0x3D, 0x3C, 0x3B, 0x3A, 0x39, 0x38, 0x37, 0x36, 0x35, 0x31,
    0x30, 0x2F, 0x2E, 0x2D, 0x2C, 0x28, 0x27, 0x26, 0x25, 0x24, 0x23, 0x22, 0x21, 0x1F, 0x18, 0x14,
    0x11, 0x10, 0x0F, 0x0E, 0x0D, 0x0B, 0x0A, 0x09, 0x08, 0x07, 0x06, 0x05, 0x04, 0x03, 0x02, 0x01,
    0x00, 0x2C, 0x20, 0xB0, 0x01, 0x60, 0x45, 0xB0, 0x03, 0x25, 0x20, 0x11, 0x46, 0x61, 0x23, 0x45,
    0x23, 0x61, 0x48, 0x2D, 0x2C, 0x20, 0x45, 0x18, 0x68, 0x44, 0x2D, 0x2C, 0x45, 0x23, 0x46, 0x60,
    0xB0, 0x20, 0x61, 0x20, 0xB0, 0x46, 0x60, 0xB0, 0x04, 0x26, 0x23, 0x48, 0x48, 0x2D, 0x2C, 0x45,
    0x23, 0x46, 0x23, 0x61, 0xB0, 0x20, 0x60, 0x20, 0xB0, 0x26, 0x61, 0xB0, 0x20, 0x61, 0xB0, 0x04,
    0x26, 0x23, 0x48, 0x48, 0x2D, 0x2C, 0x45, 0x23, 0x46, 0x60, 0xB0, 0x40, 0x61, 0x20, 0xB0, 0x66,
    0x60, 0xB0, 0x04, 0x26, 0x23, 0x48, 0x48, 0x2D, 0x2C, 0x45, 0x23, 0x46, 0x23, 0x61, 0xB0, 0x40,
    0x60, 0x20, 0xB0, 0x26, 0x61, 0xB0, 0x40, 0x61, 0xB0, 0x04, 0x26, 0x23, 0x48, 0x48, 0x2D, 0x2C,
    0x01, 0x10, 0x20, 0x3C, 0x00, 0x3C, 0x2D, 0x2C, 0x20, 0x45, 0x23, 0x20, 0xB0, 0xCD, 0x44, 0x23,
    0x20, 0xB8, 0x01, 0x5A, 0x51, 0x58, 0x23, 0x20, 0xB0, 0x8D, 0x44, 0x23, 0x59, 0x20, 0xB0, 0xED,
    0x51, 0x58, 0x23, 0x20, 0xB0, 0x4D, 0x44, 0x23, 0x59, 0x20, 0xB0, 0x04, 0x26, 0x51, 0x58, 0x23,
    0x20, 0xB0, 0x0D, 0x44, 0x23, 0x59, 0x21, 0x21, 0x2D, 0x2C, 0x20, 0x20, 0x45, 0x18, 0x68, 0x44,
    0x20, 0xB0, 0x01, 0x60, 0x20, 0x45, 0xB0, 0x46, 0x76, 0x68, 0x8A, 0x45, 0x60, 0x44, 0x2D, 0x2C,
    0x01, 0xB1, 0x0B, 0x0A, 0x43, 0x23, 0x43, 0x65, 0x0A, 0x2D, 0x2C, 0x00, 0xB1, 0x0A, 0x0B, 0x43,
    0x23, 0x43, 0x0B, 0x2D, 0x2C, 0x00, 0xB0, 0x28, 0x23, 0x70, 0xB1, 0x01, 0x28, 0x3E, 0x01, 0xB0,
    0x28, 0x23, 0x70, 0xB1, 0x02, 0x28, 0x45, 0x3A, 0xB1, 0x02, 0x00, 0x08, 0x0D, 0x2D, 0x2C, 0x20,
    0x45, 0xB0, 0x03, 0x25, 0x45, 0x61, 0x64, 0xB0, 0x50, 0x51, 0x58, 0x45, 0x44, 0x1B, 0x21, 0x21,
    0x59, 0x2D, 0x2C, 0x49, 0xB0, 0x0E, 0x23, 0x44, 0x2D, 0x2C, 0x20, 0x45, 0xB0, 0x00, 0x43, 0x60,
    0x44, 0x2D, 0x2C, 0x01, 0xB0, 0x06, 0x43, 0xB0, 0x07, 0x43, 0x65, 0x0A, 0x2D, 0x2C, 0x20, 0x69,
    0xB0, 0x40, 0x61, 0xB0, 0x00, 0x8B, 0x20, 0xB1, 0x2C, 0xC0, 0x8A, 0x8C, 0xB8, 0x10, 0x00, 0x62,
    0x60, 0x2B, 0x0C, 0x64, 0x23, 0x64, 0x61, 0x5C, 0x58, 0xB0, 0x03, 0x61, 0x59, 0x2D, 0x2C, 0x8A,
    0x03, 0x45, 0x8A, 0x8A, 0x87, 0xB0, 0x11, 0x2B, 0xB0, 0x29, 0x23, 0x44, 0xB0, 0x29, 0x7A, 0xE4,
    0x18, 0x2D, 0x2C, 0x45, 0x65, 0xB0, 0x2C, 0x23, 0x44, 0x45, 0xB0, 0x2B, 0x23, 0x44, 0x2D, 0x2C,
    0x4B, 0x52, 0x58, 0x45, 0x44, 0x1B, 0x21, 0x21, 0x59, 0x2D, 0x2C, 0x4B, 0x51, 0x58, 0x45, 0x44,
    0x1B, 0x21, 0x21, 0x59, 0x2D, 0x2C, 0x01, 0xB0, 0x05, 0x25, 0x10, 0x23, 0x20, 0x8A, 0xF5, 0x00,
    0xB0, 0x01, 0x60, 0x23, 0xED, 0xEC, 0x2D, 0x2C, 0x01, 0xB0, 0x05, 0x25, 0x10, 0x23, 0x20, 0x8A,
    0xF5, 0x00, 0xB0, 0x01, 0x61, 0x23, 0xED, 0xEC, 0x2D, 0x2C, 0x01, 0xB0, 0x06, 0x25, 0x10, 0xF5,
    0x00, 0xED, 0xEC, 0x2D, 0x2C, 0xB0, 0x02, 0x43, 0xB0, 0x01, 0x52, 0x58, 0x21, 0x21, 0x21, 0x21,
    0x21, 0x1B, 0x46, 0x23, 0x46, 0x60, 0x8A, 0x8A, 0x46, 0x23, 0x20, 0x46, 0x8A, 0x60, 0x8A, 0x61,
    0xB8, 0xFF, 0x80, 0x62, 0x23, 0x20, 0x10, 0x23, 0x8A, 0xB1, 0x0C, 0x0C, 0x8A, 0x70, 0x45, 0x60,
    0x20, 0xB0, 0x00, 0x50, 0x58, 0xB0, 0x01, 0x61, 0xB8, 0xFF, 0xBA, 0x8B, 0x1B, 0xB0, 0x46, 0x8C,
    0x59, 0xB0, 0x10, 0x60, 0x68, 0x01, 0x3A, 0x59, 0x2D, 0x2C, 0x20, 0x45, 0xB0, 0x03, 0x25, 0x46,
    0x52, 0x4B, 0xB0, 0x13, 0x51, 0x5B, 0x58, 0xB0, 0x02, 0x25, 0x46, 0x20, 0x68, 0x61, 0xB0, 0x03,
    0x25, 0xB0, 0x03, 0x25, 0x3F, 0x23, 0x21, 0x38, 0x1B, 0x21, 0x11, 0x59, 0x2D, 0x2C, 0x20, 0x45,
    0xB0, 0x03, 0x25, 0x46, 0x50, 0x58, 0xB0, 0x02, 0x25, 0x46, 0x20, 0x68, 0x61, 0xB0, 0x03, 0x25,
    0xB0, 0x03, 0x25, 0x3F, 0x23, 0x21, 0x38, 0x1B, 0x21, 0x11, 0x59, 0x2D, 0x2C, 0x00, 0xB0, 0x07,
    0x43, 0xB0, 0x06, 0x43, 0x0B, 0x2D, 0x2C, 0x21, 0x21, 0x0C, 0x64, 0x23, 0x64, 0x8B, 0xB8, 0x40,
    0x00, 0x62, 0x2D, 0x2C, 0x21, 0xB0, 0x80, 0x51, 0x58, 0x0C, 0x64, 0x23, 0x64, 0x8B, 0xB8, 0x20,
    0x00, 0x62, 0x1B, 0xB2, 0x00, 0x40, 0x2F, 0x2B, 0x59, 0xB0, 0x02, 0x60, 0x2D, 0x2C, 0x21, 0xB0,
    0xC0, 0x51, 0x58, 0x0C, 0x64, 0x23, 0x64, 0x8B, 0xB8, 0x15, 0x55, 0x62, 0x1B, 0xB2, 0x00, 0x80,
    0x2F, 0x2B, 0x59, 0xB0, 0x02, 0x60, 0x2D, 0x2C, 0x0C, 0x64, 0x23, 0x64, 0x8B, 0xB8, 0x40, 0x00,
    0x62, 0x60, 0x23, 0x21, 0x2D, 0x2C, 0x4B, 0x53, 0x58, 0x8A, 0xB0, 0x04, 0x25, 0x49, 0x64, 0x23,
    0x45, 0x69, 0xB0, 0x40, 0x8B, 0x61, 0xB0, 0x80, 0x62, 0xB0, 0x20, 0x61, 0x6A, 0xB0, 0x0E, 0x23,
    0x44, 0x23, 0x10, 0xB0, 0x0E, 0xF6, 0x1B, 0x21, 0x23, 0x8A, 0x12, 0x11, 0x20, 0x39, 0x2F, 0x59,
    0x2D, 0x2C, 0x4B, 0x53, 0x58, 0x20, 0xB0, 0x03, 0x25, 0x49, 0x64, 0x69, 0x20, 0xB0, 0x05, 0x26,
    0xB0, 0x06, 0x25, 0x49, 0x64, 0x23, 0x61, 0xB0, 0x80, 0x62, 0xB0, 0x20, 0x61, 0x6A, 0xB0, 0x0E,
    0x23, 0x44, 0xB0, 0x04, 0x26, 0x10, 0xB0, 0x0E, 0xF6, 0x8A, 0x10, 0xB0, 0x0E, 0x23, 0x44, 0xB0,
    0x0E, 0xF6, 0xB0, 0x0E, 0x23, 0x44, 0xB0, 0x0E, 0xED, 0x1B, 0x8A, 0xB0, 0x04, 0x26, 0x11, 0x12,
    0x20, 0x39, 0x23, 0x20, 0x39, 0x2F, 0x2F, 0x59, 0x2D, 0x2C, 0x45, 0x23, 0x45, 0x60, 0x23, 0x45,
    0x60, 0x23, 0x45, 0x60, 0x23, 0x76, 0x68, 0x18, 0xB0, 0x80, 0x62, 0x20, 0x2D, 0x2C, 0xB0, 0x48,
    0x2B, 0x2D, 0x2C, 0x20, 0x45, 0xB0, 0x00, 0x54, 0x58, 0xB0, 0x40, 0x44, 0x20, 0x45, 0xB0, 0x40,
    0x61, 0x44, 0x1B, 0x21, 0x21, 0x59, 0x2D, 0x2C, 0x45, 0xB1, 0x30, 0x2F, 0x45, 0x23, 0x45, 0x61,
    0x60, 0xB0, 0x01, 0x60, 0x69, 0x44, 0x2D, 0x2C, 0x4B, 0x51, 0x58, 0xB0, 0x2F, 0x23, 0x70, 0xB0,
    0x14, 0x23, 0x42, 0x1B, 0x21, 0x21, 0x59, 0x2D, 0x2C, 0x4B, 0x51, 0x58, 0x20, 0xB0, 0x03, 0x25,
    0x45, 0x69, 0x53, 0x58, 0x44, 0x1B, 0x21, 0x21, 0x59, 0x1B, 0x21, 0x21, 0x59, 0x2D, 0x2C, 0x45,
    0xB0, 0x14, 0x43, 0xB0, 0x00, 0x60, 0x63, 0xB0, 0x01, 0x60, 0x69, 0x44, 0x2D, 0x2C, 0xB0, 0x2F,
    0x45, 0x44, 0x2D, 0x2C, 0x45, 0x23, 0x20, 0x45, 0x8A, 0x60, 0x44, 0x2D, 0x2C, 0x45, 0x23, 0x45,
    0x60, 0x44, 0x2D, 0x2C, 0x4B, 0x23, 0x51, 0x58, 0xB9, 0x00, 0x33, 0xFF, 0xE0, 0xB1, 0x34, 0x20,
    0x1B, 0xB3, 0x33, 0x00, 0x34, 0x00, 0x59, 0x44, 0x44, 0x2D, 0x2C, 0xB0, 0x16, 0x43, 0x58, 0xB0,
    0x03, 0x26, 0x45, 0x8A, 0x58, 0x64, 0x66, 0xB0, 0x1F, 0x60, 0x1B, 0x64, 0xB0, 0x20, 0x60, 0x66,
    0x20, 0x58, 0x1B, 0x21, 0xB0, 0x40, 0x59, 0xB0, 0x01, 0x61, 0x59, 0x23, 0x58, 0x65, 0x59, 0xB0,
    0x29, 0x23, 0x44, 0x23, 0x10, 0xB0, 0x29, 0xE0, 0x1B, 0x21, 0x21, 0x21, 0x21, 0x21, 0x59, 0x2D,
    0x2C, 0xB0, 0x02, 0x43, 0x54, 0x58, 0x4B, 0x53, 0x23, 0x4B, 0x51, 0x5A, 0x58, 0x38, 0x1B, 0x21,
    0x21, 0x59, 0x1B, 0x21, 0x21, 0x21, 0x21, 0x59, 0x2D, 0x2C, 0xB0, 0x16, 0x43, 0x58, 0xB0, 0x04,
    0x25, 0x45, 0x64, 0xB0, 0x20, 0x60, 0x66, 0x20, 0x58, 0x1B, 0x21, 0xB0, 0x40, 0x59, 0xB0, 0x01,
    0x61, 0x23, 0x58, 0x1B, 0x65, 0x59, 0xB0, 0x29, 0x23, 0x44, 0xB0, 0x05, 0x25, 0xB0, 0x08, 0x25,
    0x08, 0x20, 0x58, 0x02, 0x1B, 0x03, 0x59, 0xB0, 0x04, 0x25, 0x10, 0xB0, 0x05, 0x25, 0x20, 0x46,
    0xB0, 0x04, 0x25, 0x23, 0x42, 0x3C, 0xB0, 0x04, 0x25, 0xB0, 0x07, 0x25, 0x08, 0xB0, 0x07, 0x25,
    0x10, 0xB0, 0x06, 0x25, 0x20, 0x46, 0xB0, 0x04, 0x25, 0xB0, 0x01, 0x60, 0x23, 0x42, 0x3C, 0x20,
    0x58, 0x01, 0x1B, 0x00, 0x59, 0xB0, 0x04, 0x25, 0x10, 0xB0, 0x05, 0x25, 0xB0, 0x29, 0xE0, 0xB0,
    0x29, 0x20, 0x45, 0x65, 0x44, 0xB0, 0x07, 0x25, 0x10, 0xB0, 0x06, 0x25, 0xB0, 0x29, 0xE0, 0xB0,
    0x05, 0x25, 0xB0, 0x08, 0x25, 0x08, 0x20, 0x58, 0x02, 0x1B, 0x03, 0x59, 0xB0, 0x05, 0x25, 0xB0,
    0x03, 0x25, 0x43, 0x48, 0xB0, 0x04, 0x25, 0xB0, 0x07, 0x25, 0x08, 0xB0, 0x06, 0x25, 0xB0, 0x03,
    0x25, 0xB0, 0x01, 0x60, 0x43, 0x48, 0x1B, 0x21, 0x59, 0x21, 0x21, 0x21, 0x21, 0x21, 0x21, 0x21,
    0x2D, 0x2C, 0x02, 0xB0, 0x04, 0x25, 0x20, 0x20, 0x46, 0xB0, 0x04, 0x25, 0x23, 0x42, 0xB0, 0x05,
    0x25, 0x08, 0xB0, 0x03, 0x25, 0x45, 0x48, 0x21, 0x21, 0x21, 0x21, 0x2D, 0x2C, 0x02, 0xB0, 0x03,
    0x25, 0x20, 0xB0, 0x04, 0x25, 0x08, 0xB0, 0x02, 0x25, 0x43, 0x48, 0x21, 0x21, 0x21, 0x2D, 0x2C,
    0x45, 0x23, 0x20, 0x45, 0x18, 0x20, 0xB0, 0x00, 0x50, 0x20, 0x58, 0x23, 0x65, 0x23, 0x59, 0x23,
    0x68, 0x20, 0xB0, 0x40, 0x50, 0x58, 0x21, 0xB0, 0x40, 0x59, 0x23, 0x58, 0x65, 0x59, 0x8A, 0x60,
    0x44, 0x2D, 0x2C, 0x4B, 0x53, 0x23, 0x4B, 0x51, 0x5A, 0x58, 0x20, 0x45, 0x8A, 0x60, 0x44, 0x1B,
    0x21, 0x21, 0x59, 0x2D, 0x2C, 0x4B, 0x54, 0x58, 0x20, 0x45, 0x8A, 0x60, 0x44, 0x1B, 0x21, 0x21,
    0x59, 0x2D, 0x2C, 0x4B, 0x53, 0x23, 0x4B, 0x51, 0x5A, 0x58, 0x38, 0x1B, 0x21, 0x21, 0x59, 0x2D,
    0x2C, 0xB0, 0x00, 0x21, 0x4B, 0x54, 0x58, 0x38, 0x1B, 0x21, 0x21, 0x59, 0x2D, 0x2C, 0xB0, 0x02,
    0x43, 0x54, 0x58, 0xB0, 0x46, 0x2B, 0x1B, 0x21, 0x21, 0x21, 0x21, 0x59, 0x2D, 0x2C, 0xB0, 0x02,
    0x43, 0x54, 0x58, 0xB0, 0x47, 0x2B, 0x1B, 0x21, 0x21, 0x21, 0x59, 0x2D, 0x2C, 0xB0, 0x02, 0x43,
    0x54, 0x58, 0xB0, 0x48, 0x2B, 0x1B, 0x21, 0x21, 0x21, 0x21, 0x59, 0x2D, 0x2C, 0xB0, 0x02, 0x43,
    0x54, 0x58, 0xB0, 0x49, 0x2B, 0x1B, 0x21, 0x21, 0x21, 0x59, 0x2D, 0x2C, 0x20, 0x8A, 0x08, 0x23,
    0x4B, 0x53, 0x8A, 0x4B, 0x51, 0x5A, 0x58, 0x23, 0x38, 0x1B, 0x21, 0x21, 0x59, 0x2D, 0x2C, 0x00,
    0xB0, 0x02, 0x25, 0x49, 0xB0, 0x00, 0x53, 0x58, 0x20, 0xB0, 0x40, 0x38, 0x11, 0x1B, 0x21, 0x59,
    0x2D, 0x2C, 0x01, 0x46, 0x23, 0x46, 0x60, 0x23, 0x46, 0x61, 0x23, 0x20, 0x10, 0x20, 0x46, 0x8A,
    0x61, 0xB8, 0xFF, 0x80, 0x62, 0x8A, 0xB1, 0x40, 0x40, 0x8A, 0x70, 0x45, 0x60, 0x68, 0x3A, 0x2D,
    0x2C, 0x20, 0x8A, 0x23, 0x49, 0x64, 0x8A, 0x23, 0x53, 0x58, 0x3C, 0x1B, 0x21, 0x59, 0x2D, 0x2C,
    0x4B, 0x52, 0x58, 0x7D, 0x1B, 0x7A, 0x59, 0x2D, 0x2C, 0xB0, 0x12, 0x00, 0x4B, 0x01, 0x4B, 0x54,
    0x42, 0x2D, 0x2C, 0xB1, 0x02, 0x00, 0x42, 0xB1, 0x23, 0x01, 0x88, 0x51, 0xB1, 0x40, 0x01, 0x88,
    0x53, 0x5A, 0x58, 0xB9, 0x10, 0x00, 0x00, 0x20, 0x88, 0x54, 0x58, 0xB2, 0x02, 0x01, 0x02, 0x43,
    0x60, 0x42, 0x59, 0xB1, 0x24, 0x01, 0x88, 0x51, 0x58, 0xB9, 0x20, 0x00, 0x00, 0x40, 0x88, 0x54,
    0x58, 0xB2, 0x02, 0x02, 0x02, 0x43, 0x60, 0x42, 0xB1, 0x24, 0x01, 0x88, 0x54, 0x58, 0xB2, 0x02,
    0x20, 0x02, 0x43, 0x60, 0x42, 0x00, 0x4B, 0x01, 0x4B, 0x52, 0x58, 0xB2, 0x02, 0x08, 0x02, 0x43,
    0x60, 0x42, 0x59, 0x1B, 0xB9, 0x40, 0x00, 0x00, 0x80, 0x88, 0x54, 0x58, 0xB2, 0x02, 0x04, 0x02,
    0x43, 0x60, 0x42, 0x59, 0xB9, 0x40, 0x00, 0x00, 0x80, 0x63, 0xB8, 0x01, 0x00, 0x88, 0x54, 0x58,
    0xB2, 0x02, 0x08, 0x02, 0x43, 0x60, 0x42, 0x59, 0xB9, 0x40, 0x00, 0x01, 0x00, 0x63, 0xB8, 0x02,
    0x00, 0x88, 0x54, 0x58, 0xB2, 0x02, 0x10, 0x02, 0x43, 0x60, 0x42, 0x59, 0xB1, 0x26, 0x01, 0x88,
    0x51, 0x58, 0xB9, 0x40, 0x00, 0x02, 0x00, 0x63, 0xB8, 0x04, 0x00, 0x88, 0x54, 0x58, 0xB2, 0x02,
    0x40, 0x02, 0x43, 0x60, 0x42, 0x59, 0xB9, 0x40, 0x00, 0x04, 0x00, 0x63, 0xB8, 0x08, 0x00, 0x88,
    0x54, 0x58, 0xB2, 0x02, 0x80, 0x02, 0x43, 0x60, 0x42, 0x59, 0x59, 0x59, 0x59, 0x59, 0x59, 0xB1,
    0x00, 0x02, 0x43, 0x54, 0x58, 0x40, 0x0A, 0x05, 0x40, 0x08, 0x40, 0x09, 0x40, 0x0C, 0x02, 0x0D,
    0x02, 0x1B, 0xB1, 0x01, 0x02, 0x43, 0x54, 0x58, 0xB2, 0x05, 0x40, 0x08, 0xBA, 0x01, 0x00, 0x00,
    0x09, 0x01, 0x00, 0xB3, 0x0C, 0x01, 0x0D, 0x01, 0x1B, 0xB1, 0x80, 0x02, 0x43, 0x52, 0x58, 0xB2,
    0x05, 0x40, 0x08, 0xB8, 0x01, 0x80, 0xB1, 0x09, 0x40, 0x1B, 0xB2, 0x05, 0x40, 0x08, 0xBA, 0x01,
    0x80, 0x00, 0x09, 0x01, 0x40, 0x59, 0xB9, 0x40, 0x00, 0x00, 0x80, 0x88, 0x55, 0xB9, 0x40, 0x00,
    0x02, 0x00, 0x63, 0xB8, 0x04, 0x00, 0x88, 0x55, 0x5A, 0x58, 0xB3, 0x0C, 0x00, 0x0D, 0x01, 0x1B,
    0xB3, 0x0C, 0x00, 0x0D, 0x01, 0x59, 0x59, 0x59, 0x42, 0x42, 0x42, 0x42, 0x42, 0x2D, 0x2C, 0x45,
    0x18, 0x68, 0x23, 0x4B, 0x51, 0x58, 0x23, 0x20, 0x45, 0x20, 0x64, 0xB0, 0x40, 0x50, 0x58, 0x7C,
    0x59, 0x68, 0x8A, 0x60, 0x59, 0x44, 0x2D, 0x2C, 0xB0, 0x00, 0x16, 0xB0, 0x02, 0x25, 0xB0, 0x02,
    0x25, 0x01, 0xB0, 0x01, 0x23, 0x3E, 0x00, 0xB0, 0x02, 0x23, 0x3E, 0xB1, 0x01, 0x02, 0x06, 0x0C,
    0xB0, 0x0A, 0x23, 0x65, 0x42, 0xB0, 0x0B, 0x23, 0x42, 0x01, 0xB0, 0x01, 0x23, 0x3F, 0x00, 0xB0,
    0x02, 0x23, 0x3F, 0xB1, 0x01, 0x02, 0x06, 0x0C, 0xB0, 0x06, 0x23, 0x65, 0x42, 0xB0, 0x07, 0x23,
    0x42, 0xB0, 0x01, 0x16, 0x01, 0x2D, 0x2C, 0xB0, 0x80, 0xB0, 0x02, 0x43, 0x50, 0xB0, 0x01, 0xB0,
    0x02, 0x43, 0x54, 0x5B, 0x58, 0x21, 0x23, 0x10, 0xB0, 0x20, 0x1A, 0xC9, 0x1B, 0x8A, 0x10, 0xED,
    0x59, 0x2D, 0x2C, 0xB0, 0x59, 0x2B, 0x2D, 0x2C, 0x8A, 0x10, 0xE5, 0x2D, 0x41, 0x21, 0x00, 0x09,
    0x01, 0x3F, 0x00, 0x01, 0x01, 0x39, 0x00, 0x55, 0x01, 0x3E, 0x00, 0x01, 0x01, 0x39, 0x00, 0x55,
    0x01, 0x42, 0x01, 0x40, 0x00, 0x14, 0x00, 0x1F, 0x01, 0x41, 0x01, 0x40, 0x00, 0x1F, 0x00, 0x1F,
    0x01, 0x3B, 0x00, 0x33, 0x01, 0x3A, 0x00, 0x55, 0x01, 0x38, 0x00, 0x33, 0x01, 0x39, 0x00, 0x55,
    0x00, 0x40, 0x01, 0x07, 0x00, 0x01, 0x00, 0x1F, 0x01, 0x07, 0x00, 0x01, 0x00, 0x9F, 0x01, 0x04,
    0x40, 0xAA, 0x01, 0xC0, 0xFD, 0x01, 0xAF, 0xFD, 0x01, 0x00, 0xFD, 0x01, 0x0A, 0x4F, 0xFB, 0x01,
    0x20, 0xFB, 0x01, 0xF5, 0x50, 0x28, 0x1F, 0xF2, 0x46, 0x28, 0x1F, 0xF1, 0x46, 0x2A, 0x1F, 0xF0,
    0x46, 0x2B, 0x1F, 0x5F, 0xEF, 0x7F, 0xEF, 0x02, 0x0F, 0xEF, 0x4F, 0xEF, 0x5F, 0xEF, 0x8F, 0xEF,
    0xAF, 0xEF, 0x05, 0x0B, 0xE5, 0xE4, 0x1E, 0x1F, 0xE3, 0xE2, 0x46, 0x1F, 0x0F, 0xE2, 0x01, 0x40,
    0xE2, 0x46, 0x16, 0x1F, 0xE1, 0xE0, 0x46, 0x1F, 0xCF, 0xE0, 0xDF, 0xE0, 0xEF, 0xE0, 0x03, 0x40,
    0xE0, 0x33, 0x36, 0x46, 0xE0, 0x46, 0x18, 0x1F, 0xEE, 0xED, 0xFF, 0x1F, 0xED, 0x01, 0xE8, 0x55,
    0xEC, 0x48, 0xEB, 0x55, 0xEA, 0x32, 0x00, 0x55, 0xE9, 0xE8, 0xE8, 0x55, 0xE7, 0x48, 0x00, 0x55,
    0xE6, 0x00, 0xFF, 0x1F, 0xDD, 0x3D, 0xDF, 0x55, 0xDF, 0x01, 0x03, 0x55, 0xDE, 0x3D, 0x03, 0x55,
    0xDC, 0x03, 0xFF, 0x1F, 0x0F, 0xD5, 0x1F, 0xD5, 0x02, 0x0F, 0xD5, 0x1F, 0xD5, 0x02, 0x40, 0xCA,
    0x18, 0x1B, 0x46, 0xCF, 0xC2, 0x01, 0xBD, 0xC0, 0x3C, 0x1F, 0xC1, 0x50, 0x26, 0x1F, 0xBC, 0xBE,
    0x28, 0x1F, 0xFF, 0xB9, 0x01, 0x50, 0xB8, 0x70, 0xB8, 0x80, 0xB8, 0x03, 0xB8, 0xFF, 0xC0, 0x40,
    0xFF, 0xB8, 0x12, 0x32, 0x46, 0x1F, 0xB7, 0x3F, 0xB7, 0x4F, 0xB7, 0x6F, 0xB7, 0x7F, 0xB7, 0x9F,
    0xB7, 0xAF, 0xB7, 0x07, 0x18, 0xB6, 0x01, 0x70, 0xB2, 0xA0, 0xB2, 0xB0, 0xB2, 0x03, 0x0F, 0xB2,
    0x01, 0x90, 0xB5, 0x01, 0xB0, 0xB5, 0x01, 0x0F, 0xB5, 0x01, 0x08, 0x0F, 0xB3, 0x3F, 0xB3, 0xEF,
    0xB3, 0x03, 0x80, 0xB0, 0x90, 0xB0, 0x02, 0xB0, 0xB0, 0xC0, 0xB0, 0xD0, 0xB0, 0x03, 0x2F, 0xAF,
    0x3F, 0xAF, 0x02, 0xA0, 0xAD, 0xB0, 0xAD, 0x02, 0xC0, 0xAD, 0xD0, 0xAD, 0x02, 0x2F, 0xAC, 0x3F,
    0xAC, 0x02, 0x9F, 0xAB, 0x01, 0xC0, 0xAA, 0xD0, 0xAA, 0x02, 0x4F, 0xA9, 0x8F, 0xA9, 0x02, 0x2F,
    0xA9, 0x6F, 0xA9, 0xBF, 0xA9, 0xFF, 0xA9, 0x04, 0x9C, 0x9B, 0x24, 0x1F, 0x50, 0x9B, 0x01, 0x6F,
    0x96, 0x01, 0xBF, 0x96, 0x01, 0x96, 0x46, 0x1D, 0x1F, 0x95, 0x94, 0x17, 0x1F, 0x0F, 0x94, 0x1F,
    0x94, 0x7F, 0x94, 0x8F, 0x94, 0xFF, 0x94, 0x05, 0x30, 0x91, 0x40, 0x91, 0x02, 0x80, 0x91, 0x01,
    0x70, 0x8F, 0x80, 0x8F, 0x02, 0x90, 0x8F, 0x01, 0xC0, 0x8F, 0xD0, 0x8F, 0x02, 0x4F, 0x8C, 0x5F,
    0x8C, 0x6F, 0x8C, 0x03, 0x86, 0x46, 0xFF, 0x1F, 0x9F, 0x85, 0x01, 0x84, 0x83, 0x31, 0x1F, 0x74,
    0x73, 0x3F, 0x1F, 0x73, 0x50, 0x26, 0x1F, 0x6F, 0x6E, 0x3C, 0x1F, 0x6E, 0x46, 0x35, 0x1F, 0x1A,
    0x01, 0x18, 0x55, 0x19, 0x33, 0x18, 0x55, 0x07, 0x33, 0x03, 0x55, 0x06, 0x03, 0xFF, 0x1F, 0x60,
    0x50, 0x26, 0x1F, 0x5F, 0x50, 0x26, 0x1F, 0x5C, 0x46, 0x31, 0x1F, 0x5B, 0x5A, 0x48, 0x1F, 0x5A,
    0x46, 0x31, 0x1F, 0x13, 0x32, 0x12, 0x55, 0x05, 0x01, 0x03, 0x55, 0x04, 0x32, 0x03, 0x55, 0x6C,
    0x03, 0x01, 0x0C, 0x03, 0x3C, 0x03, 0x4C, 0x03, 0x6C, 0x03, 0x7C, 0x03, 0x05, 0xEF, 0x51, 0xFF,
    0x40, 0x64, 0x51, 0x02, 0x40, 0x51, 0x35, 0x38, 0x46, 0x40, 0x51, 0x25, 0x28, 0x46, 0xCF, 0x50,
    0x01, 0x49, 0x46, 0x20, 0x1F, 0x48, 0x46, 0x35, 0x1F, 0x47, 0x46, 0x35, 0x1F, 0xAF, 0x46, 0x01,
    0xDF, 0x46, 0xEF, 0x46, 0x02, 0x80, 0x46, 0x01, 0x16, 0x32, 0x15, 0x55, 0x11, 0x01, 0x0F, 0x55,
    0x10, 0x32, 0x0F, 0x55, 0x02, 0x01, 0x00, 0x55, 0x01, 0x00, 0x01, 0x1F, 0x1F, 0x0F, 0x3F, 0x0F,
    0x5F, 0x0F, 0x7F, 0x0F, 0x04, 0x0F, 0x0F, 0x2F, 0x0F, 0x4F, 0x0F, 0x6F, 0x0F, 0x8F, 0x0F, 0xDF,
    0x0F, 0xFF, 0x0F, 0x07, 0x3F, 0x0F, 0x7F, 0x0F, 0xEF, 0x0F, 0x03, 0x6F, 0x00, 0x01, 0x4F, 0x00,
    0x01, 0x80, 0x16, 0x01, 0x05, 0x01, 0xB8, 0x01, 0x90, 0xB1, 0x54, 0x53, 0x2B, 0x2B, 0x4B, 0xB8,
    0x07, 0xFF, 0x52, 0x4B, 0xB0, 0x07, 0x50, 0x5B, 0xB0, 0x01, 0x88, 0xB0, 0x25, 0x53, 0xB0, 0x01,
    0x88, 0xB0, 0x40, 0x51, 0x5A, 0xB0, 0x06, 0x88, 0xB0, 0x00, 0x55, 0x5A, 0x5B, 0x58, 0xB1, 0x01,
    0x01, 0x8E, 0x59, 0x85, 0x8D, 0x8D, 0x00, 0x42, 0x1D, 0x4B, 0xB0, 0x32, 0x53, 0x58, 0xB0, 0x60,
    0x1D, 0x59, 0x4B, 0xB0, 0x64, 0x53, 0x58, 0xB0, 0x40, 0x1D, 0x59, 0x4B, 0xB0, 0x80, 0x53, 0x58,
    0xB0, 0x10, 0x1D, 0xB1, 0x16, 0x00, 0x42, 0x59, 0x73, 0x74, 0x73, 0x74, 0x75, 0x2B, 0x2B, 0x2B,
    0x2B, 0x2B, 0x01, 0x73, 0x74, 0x75, 0x2B, 0x2B, 0x2B, 0x00, 0x74, 0x2B, 0x2B, 0x73, 0x73, 0x75,
    0x2B, 0x2B, 0x2B, 0x01, 0x2B, 0x2B, 0x2B, 0x00, 0x2B, 0x2B, 0x2B, 0x2B, 0x2B, 0x2B, 0x01, 0x2B,
    0x2B, 0x00, 0x2B, 0x2B, 0x01, 0x2B, 0x73, 0x2B, 0x00, 0x74, 0x73, 0x74, 0x75, 0x73, 0x74, 0x73,
    0x2B, 0x01, 0x2B, 0x74, 0x75, 0x00, 0x73, 0x2B, 0x73, 0x74, 0x01, 0x73, 0x73, 0x74, 0x00, 0x73,
    0x74, 0x74, 0x73, 0x74, 0x73, 0x01, 0x5E, 0x73, 0x73, 0x74, 0x73, 0x73, 0x00, 0x73, 0x73, 0x2B,
    0x73, 0x73, 0x01, 0x2B, 0x00, 0x2B, 0x01, 0x2B, 0x00, 0x73, 0x2B, 0x74, 0x75, 0x2B, 0x2B, 0x2B,
    0x2B, 0x2B, 0x2B, 0x2B, 0x2B, 0x2B, 0x2B, 0x2B, 0x01, 0x2B, 0x2B, 0x74, 0x2B, 0x2B, 0x5E, 0x73,
    0x2B, 0x00, 0x2B, 0x5E, 0x73, 0x74, 0x01, 0x2B, 0x2B, 0x2B, 0x00, 0x2B, 0x73, 0x73, 0x5E, 0x73,
    0x73, 0x73, 0x01, 0x73, 0x73, 0x73, 0x00, 0x2B, 0x2B, 0x2B, 0x2B, 0x2B, 0x2B, 0x18, 0x5E, 0x00,
    0x05, 0xCC, 0x05, 0xCC, 0x00, 0x7D, 0x05, 0x81, 0x00, 0x15, 0x00, 0x79, 0x05, 0x81, 0x00, 0x15,
    0x00, 0x00, 0x00, 0x00, 0x00, 0x00, 0x00, 0x00, 0x00, 0x00, 0x00, 0x00, 0x00, 0x00, 0x04, 0x3A,
    0x00, 0x14, 0x00, 0x77, 0x00, 0x00, 0xFF, 0xEC, 0x00, 0x00, 0x00, 0x00, 0xFF, 0xEC, 0x00, 0x00,
    0x00, 0x00, 0xFF, 0xEC, 0x00, 0x00, 0xFE, 0x57, 0x00, 0x00, 0x00, 0x00, 0x00, 0x00, 0x00, 0x00,
    0x00, 0x00, 0x00, 0x00, 0x00, 0x00, 0x00, 0x00, 0x00, 0x00, 0x00, 0x00, 0x00, 0x00, 0x00, 0x00,
    0x00, 0x00, 0x00, 0x00, 0x00, 0x00, 0x00, 0x00, 0x00, 0x00, 0x00, 0x00, 0x00, 0x00, 0x00, 0x00,
    0x00, 0x00, 0x00, 0x00, 0x00, 0x00, 0x00, 0x00, 0x00, 0x00, 0x00, 0x00, 0x00, 0x00, 0x00, 0x00,
    0x00, 0x00, 0x00, 0x00, 0x00, 0x00, 0x00, 0x00, 0x00, 0x00, 0x00, 0x00, 0x00, 0x00, 0x00, 0x00,
    0x00, 0x00, 0x00, 0x00, 0x00, 0x00, 0x08, 0x00, 0x00, 0x00, 0x00, 0x00, 0x00, 0xB4, 0x00, 0xBD,
    0x00, 0xAF, 0x00, 0xA0, 0x00, 0x00, 0x00, 0x00, 0x00, 0x00, 0x00, 0x00, 0x00, 0x00, 0x00, 0x00,
    0x00, 0x88, 0x00, 0x7E, 0x00, 0x00, 0x00, 0xAC, 0x00, 0x00, 0x00, 0x00, 0x00, 0x00, 0x00, 0x00,
    0x00, 0x00, 0x00, 0x00, 0x00, 0xBF, 0x00, 0xC3, 0x00, 0xAB, 0x00, 0x00, 0x00, 0x00, 0x00, 0x9B,
    0x00, 0x8D, 0x00, 0x00, 0x00, 0x00, 0x00, 0x00, 0x00, 0x00, 0x00, 0x00, 0x00, 0x00, 0x00, 0x00,
    0x00, 0x00, 0x00, 0x00, 0x00, 0x00, 0x00, 0x00, 0x00, 0x00, 0x00, 0x00, 0x00, 0xB9, 0x00, 0xAA,
    0x00, 0x00, 0x00, 0x00, 0x00, 0x00, 0x00, 0x94, 0x00, 0x99, 0x00, 0x87, 0x00, 0x00, 0x00, 0x00,
    0x00, 0x00, 0x00, 0x00, 0x00, 0x00, 0x00, 0x00, 0x00, 0x00, 0x00, 0x00, 0x00, 0x00, 0x00, 0x00,
    0x00, 0x00, 0x00, 0x00, 0x00, 0x6A, 0x00, 0x83, 0x00, 0x8D, 0x00, 0xA4, 0x00, 0xB4, 0x00, 0x00,
    0x00, 0x00, 0x00, 0x00, 0x00, 0x00, 0x00, 0x00, 0x00, 0x60, 0x00, 0x6A, 0x00, 0x79, 0x00, 0x98,
    0x00, 0xAC, 0x00, 0xB8, 0x00, 0xA7, 0x00, 0x00, 0x01, 0x22, 0x01, 0x33, 0x00, 0xC3, 0x00, 0x6B,
    0x00, 0x00, 0x00, 0x00, 0x00, 0x00, 0x00, 0xDB, 0x00, 0xC9, 0x00, 0x00, 0x00, 0x00, 0x00, 0x00,
    0x00, 0x00, 0x00, 0x00, 0x00, 0x00, 0x00, 0x00, 0x00, 0x00, 0x00, 0x00, 0x00, 0x00, 0x00, 0x00,
    0x01, 0xE1, 0x01, 0xC9, 0x00, 0x92, 0x00, 0xA8, 0x00, 0x6B, 0x00, 0x92, 0x00, 0xB7, 0x00, 0x6B,
    0x00, 0x9B, 0x00, 0x00, 0x02, 0x7B, 0x02, 0xF2, 0x00, 0x92, 0x02, 0x52, 0x00, 0x6E, 0x02, 0xD7,
    0x03, 0x81, 0x00, 0x82, 0x00, 0x89, 0x00, 0xA0, 0x00, 0x9F, 0x01, 0x69, 0x00, 0x8F, 0x00, 0x00,
    0x01, 0x60, 0x00, 0xA4, 0x01, 0x5B, 0x00, 0x5E, 0x00, 0x82, 0x00, 0x00, 0x00, 0x00, 0x00, 0x00,
    0x00, 0x5E, 0x00, 0x65, 0x00, 0x6F, 0x00, 0x00, 0x00, 0x00, 0x00, 0x00, 0x00, 0x00, 0x00, 0x00,
    0x00, 0x00, 0x00, 0x00, 0x00, 0x8A, 0x00, 0x90, 0x00, 0xA5, 0x00, 0x7A, 0x00, 0x80, 0x00, 0x00,
    0x00, 0x00, 0x00, 0x00, 0x00, 0x00, 0x00, 0x00, 0x05, 0x81, 0xFF, 0xF3, 0x00, 0x0D, 0xFC, 0xB3,
    0x00, 0x83, 0x00, 0x89, 0x00, 0x8F, 0x00, 0x96, 0x00, 0x69, 0x00, 0x71, 0x05, 0xCC, 0x00, 0x0F,
    0xFC, 0x1E, 0xFF, 0xF2, 0x00, 0x34, 0x04, 0xE6, 0x00, 0x0D, 0xFE, 0xD4, 0x00, 0xBF, 0x03, 0x1F,
    0x00, 0xA7, 0x00, 0xAE, 0x00, 0xB5, 0x00, 0x00, 0x00, 0x00, 0x00, 0x81, 0x00, 0x00, 0x00, 0x00,
    0x00, 0x00, 0x00, 0x00, 0x07, 0x48, 0x03, 0x6A, 0x02, 0xB6, 0x02, 0x02, 0xFD, 0x93, 0x00, 0x00,
    0x00, 0x91, 0x00, 0x67, 0x00, 0x91, 0x00, 0x61, 0x01, 0xD9, 0x00, 0x00, 0x02, 0x8D, 0x03, 0x41,
    0x00, 0x00, 0x00, 0x00, 0x00, 0x00, 0x00, 0x00, 0x00, 0x00, 0x00, 0x00, 0x00, 0x00, 0x00, 0x00,
    0x00, 0x00, 0x00, 0x00, 0x00, 0x00, 0x00, 0x00, 0x00, 0x00, 0x00, 0x00, 0x00, 0x00, 0x00, 0x00,
    0x00, 0x00, 0x00, 0x00, 0x00, 0x00, 0x00, 0x00, 0x00, 0x00, 0x00, 0x00, 0x00, 0x00, 0x00, 0x00,
    0x00, 0x00, 0x00, 0x00, 0x00, 0x00, 0x00, 0x00, 0x00, 0x00, 0x00, 0x00, 0x00, 0x00, 0x00, 0x00,
    0x00, 0x00, 0x00, 0x00, 0x00, 0x00, 0x00, 0x00, 0x00, 0x00, 0x00, 0x00, 0x00, 0x00, 0x00, 0x00,
    0x00, 0x00, 0x00, 0x00, 0x00, 0x00, 0x00, 0x00, 0x00, 0x00, 0x00, 0x00, 0x06, 0x81, 0x04, 0x68,
    0x00, 0x14, 0x04, 0xCB, 0x00, 0x00, 0xFF, 0xEC, 0xFF, 0xD3, 0xFE, 0x7F, 0x00, 0x83, 0x00, 0xDB,
    0x00, 0xAA, 0x00, 0xBA, 0x00, 0xA0, 0x00, 0xCF, 0x00, 0x00, 0x00, 0x07, 0x00, 0x5A, 0x00, 0x03,
    0x00, 0x01, 0x04, 0x09, 0x00, 0x00, 0x00, 0xAE, 0x00, 0x00, 0x00, 0x03, 0x00, 0x01, 0x04, 0x09,
    0x00, 0x01, 0x00, 0x1E, 0x00, 0xAE, 0x00, 0x03, 0x00, 0x01, 0x04, 0x09, 0x00, 0x02, 0x00, 0x0E,
    0x00, 0xCC, 0x00, 0x03, 0x00, 0x01, 0x04, 0x09, 0x00, 0x03, 0x00, 0x34, 0x00, 0xDA, 0x00, 0x03,
    0x00, 0x01, 0x04, 0x09, 0x00, 0x04, 0x00, 0x1E, 0x00, 0xAE, 0x00, 0x03, 0x00, 0x01, 0x04, 0x09,
    0x00, 0x05, 0x00, 0x1A, 0x01, 0x0E, 0x00, 0x03, 0x00, 0x01, 0x04, 0x09, 0x00, 0x06, 0x00, 0x1C,
    0x01, 0x28, 0x00, 0x44, 0x00, 0x69, 0x00, 0x67, 0x00, 0x69, 0x00, 0x74, 0x00, 0x69, 0x00, 0x7A,
    0x00, 0x65, 0x00, 0x64, 0x00, 0x20, 0x00, 0x64, 0x00, 0x61, 0x00, 0x74, 0x00, 0x61, 0x00, 0x20,
    0x00, 0x63, 0x00, 0x6F, 0x00, 0x70, 0x00, 0x79, 0x00, 0x72, 0x00, 0x69, 0x00, 0x67, 0x00, 0x68,
    0x00, 0x74, 0x00, 0x20, 0x00, 0x28, 0x00, 0x63, 0x00, 0x29, 0x00, 0x20, 0x00, 0x32, 0x00, 0x30,
    0x00, 0x31, 0x00, 0x30, 0x00, 0x20, 0x00, 0x47, 0x00, 0x6F, 0x00, 0x6F, 0x00, 0x67, 0x00, 0x6C,
    0x00, 0x65, 0x00, 0x20, 0x00, 0x43, 0x00, 0x6F, 0x00, 0x72, 0x00, 0x70, 0x00, 0x6F, 0x00, 0x72,
    0x00, 0x61, 0x00, 0x74, 0x00, 0x69, 0x00, 0x6F, 0x00, 0x6E, 0x00, 0x2E, 0x00, 0x20, 0x00, 0x0A,
    0x00, 0x43, 0x00, 0x6F, 0x00, 0x70, 0x00, 0x79, 0x00, 0x72, 0x00, 0x69, 0x00, 0x67, 0x00, 0x68,
    0x00, 0x74, 0x00, 0x20, 0x00, 0x28, 0x00, 0x63, 0x00, 0x29, 0x00, 0x20, 0x00, 0x32, 0x00, 0x30,
    0x00, 0x31, 0x00, 0x32, 0x00, 0x20, 0x00, 0x52, 0x00, 0x65, 0x00, 0x64, 0x00, 0x20, 0x00, 0x48,
    0x00, 0x61, 0x00, 0x74, 0x00, 0x2C, 0x00, 0x20, 0x00, 0x49, 0x00, 0x6E, 0x00, 0x63, 0x00, 0x2E,
    0x00, 0x4C, 0x00, 0x69, 0x00, 0x62, 0x00, 0x65, 0x00, 0x72, 0x00, 0x61, 0x00, 0x74, 0x00, 0x69,
    0x00, 0x6F, 0x00, 0x6E, 0x00, 0x20, 0x00, 0x53, 0x00, 0x61, 0x00, 0x6E, 0x00, 0x73, 0x00, 0x52,
    0x00, 0x65, 0x00, 0x67, 0x00, 0x75, 0x00, 0x6C, 0x00, 0x61, 0x00, 0x72, 0x00, 0x41, 0x00, 0x73,
    0x00, 0x63, 0x00, 0x65, 0x00, 0x6E, 0x00, 0x64, 0x00, 0x65, 0x00, 0x72, 0x00, 0x20, 0x00, 0x2D,
    0x00, 0x20, 0x00, 0x4C, 0x00, 0x69, 0x00, 0x62, 0x00, 0x65, 0x00, 0x72, 0x00, 0x61, 0x00, 0x74,
    0x00, 0x69, 0x00, 0x6F, 0x00, 0x6E, 0x00, 0x20, 0x00, 0x53, 0x00, 0x61, 0x00, 0x6E, 0x00, 0x73,
    0x00, 0x56, 0x00, 0x65, 0x00, 0x72, 0x00, 0x73, 0x00, 0x69, 0x00, 0x6F, 0x00, 0x6E, 0x00, 0x20,
    0x00, 0x32, 0x00, 0x2E, 0x00, 0x31, 0x00, 0x2E, 0x00, 0x35, 0x00, 0x4C, 0x00, 0x69, 0x00, 0x62,
    0x00, 0x65, 0x00, 0x72, 0x00, 0x61, 0x00, 0x74, 0x00, 0x69, 0x00, 0x6F, 0x00, 0x6E, 0x00, 0x53,
    0x00, 0x61, 0x00, 0x6E, 0x00, 0x73, 0x00, 0x00, 0x00, 0x02, 0x00, 0x00, 0x00, 0x00, 0x00, 0x00,
    0xFF, 0xBD, 0x00, 0x96, 0x00, 0x00, 0x00, 0x00, 0x00, 0x00, 0x00, 0x00, 0x00, 0x00, 0x00, 0x00,
    0x00, 0x00, 0x00, 0x00, 0x00, 0x00, 0x00, 0x00, 0x00, 0xDD, 0x00, 0x00, 0x00, 0x01, 0x00, 0x02,
    0x00, 0x03, 0x00, 0x04, 0x00, 0x05, 0x00, 0x06, 0x00, 0x07, 0x00, 0x08, 0x00, 0x09, 0x00, 0x0A,
    0x00, 0x0B, 0x00, 0x0C, 0x00, 0x0D, 0x00, 0x0E, 0x00, 0x0F, 0x00, 0x10, 0x00, 0x11, 0x00, 0x12,
    0x00, 0x13, 0x00, 0x14, 0x00, 0x15, 0x00, 0x16, 0x00, 0x17, 0x00, 0x18, 0x00, 0x19, 0x00, 0x1A,
    0x00, 0x1B, 0x00, 0x1C, 0x00, 0x1D, 0x00, 0x1E, 0x00, 0x1F, 0x00, 0x20, 0x00, 0x21, 0x00, 0x22,
    0x00, 0x23, 0x00, 0x24, 0x00, 0x25, 0x00, 0x26, 0x00, 0x27, 0x00, 0x28, 0x00, 0x29, 0x00, 0x2A,
    0x00, 0x2B, 0x00, 0x2C, 0x00, 0x2D, 0x00, 0x2E, 0x00, 0x2F, 0x00, 0x30, 0x00, 0x31, 0x00, 0x32,
    0x00, 0x33, 0x00, 0x34, 0x00, 0x35, 0x00, 0x36, 0x00, 0x37, 0x00, 0x38, 0x00, 0x39, 0x00, 0x3A,
    0x00, 0x3B, 0x00, 0x3C, 0x00, 0x3D, 0x00, 0x3E, 0x00, 0x3F, 0x00, 0x40, 0x00, 0x41, 0x00, 0x42,
    0x00, 0x43, 0x00, 0x44, 0x00, 0x45, 0x00, 0x46, 0x00, 0x47, 0x00, 0x48, 0x00, 0x49, 0x00, 0x4A,
    0x00, 0x4B, 0x00, 0x4C, 0x00, 0x4D, 0x00, 0x4E, 0x00, 0x4F, 0x00, 0x50, 0x00, 0x51, 0x00, 0x52,
    0x00, 0x53, 0x00, 0x54, 0x00, 0x55, 0x00, 0x56, 0x00, 0x57, 0x00, 0x58, 0x00, 0x59, 0x00, 0x5A,
    0x00, 0x5B, 0x00, 0x5C, 0x00, 0x5D, 0x00, 0x5E, 0x00, 0x5F, 0x00, 0x60, 0x00, 0x61, 0x01, 0x02,
    0x00, 0xA3, 0x00, 0x84, 0x00, 0x85, 0x00, 0xBD, 0x00, 0x96, 0x00, 0xE8, 0x00, 0x86, 0x00, 0x8E,
    0x00, 0x8B, 0x00, 0x9D, 0x00, 0xA9, 0x00, 0xA4, 0x01, 0x03, 0x00, 0x8A, 0x00, 0xDA, 0x00, 0x83,
    0x00, 0x93, 0x00, 0xF2, 0x00, 0xF3, 0x00, 0x8D, 0x00, 0x97, 0x00, 0x88, 0x00, 0xC3, 0x00, 0xDE,
    0x00, 0xF1, 0x00, 0x9E, 0x00, 0xAA, 0x00, 0xF5, 0x00, 0xF4, 0x00, 0xF6, 0x00, 0xA2, 0x00, 0xAD,
    0x00, 0xC9, 0x00, 0xC7, 0x00, 0xAE, 0x00, 0x62, 0x00, 0x63, 0x00, 0x90, 0x00, 0x64, 0x00, 0xCB,
    0x00, 0x65, 0x00, 0xC8, 0x00, 0xCA, 0x00, 0xCF, 0x00, 0xCC, 0x00, 0xCD, 0x00, 0xCE, 0x00, 0xE9,
    0x00, 0x66, 0x00, 0xD3, 0x00, 0xD0, 0x00, 0xD1, 0x00, 0xAF, 0x00, 0x67, 0x00, 0xF0, 0x00, 0x91,
    0x00, 0xD6, 0x00, 0xD4, 0x00, 0xD5, 0x00, 0x68, 0x00, 0xEB, 0x00, 0xED, 0x00, 0x89, 0x00, 0x6A,
    0x00, 0x69, 0x00, 0x6B, 0x00, 0x6D, 0x00, 0x6C, 0x00, 0x6E, 0x00, 0xA0, 0x00, 0x6F, 0x00, 0x71,
    0x00, 0x70, 0x00, 0x72, 0x00, 0x73, 0x00, 0x75, 0x00, 0x74, 0x00, 0x76, 0x00, 0x77, 0x00, 0xEA,
    0x00, 0x78, 0x00, 0x7A, 0x00, 0x79, 0x00, 0x7B, 0x00, 0x7D, 0x00, 0x7C, 0x00, 0xB8, 0x00, 0xA1,
    0x00, 0x7F, 0x00, 0x7E, 0x00, 0x80, 0x00, 0x81, 0x00, 0xEC, 0x00, 0xEE, 0x00, 0xBA, 0x00, 0xD7,
    0x00, 0xD8, 0x00, 0xDD, 0x00, 0xD9, 0x00, 0xBC, 0x01, 0x04, 0x01, 0x05, 0x01, 0x06, 0x01, 0x07,
    0x01, 0x08, 0x01, 0x09, 0x01, 0x0A, 0x01, 0x0B, 0x01, 0x0C, 0x01, 0x0D, 0x01, 0x0E, 0x01, 0x0F,
    0x01, 0x10, 0x01, 0x11, 0x01, 0x12, 0x01, 0x13, 0x01, 0x14, 0x01, 0x15, 0x01, 0x16, 0x01, 0x17,
    0x01, 0x18, 0x01, 0x19, 0x07, 0x75, 0x6E, 0x69, 0x30, 0x30, 0x41, 0x30, 0x07, 0x75, 0x6E, 0x69,
    0x30, 0x30, 0x41, 0x44, 0x09, 0x66, 0x6F, 0x75, 0x72, 0x2E, 0x73, 0x75, 0x70, 0x73, 0x09, 0x66,
    0x69, 0x76, 0x65, 0x2E, 0x73, 0x75, 0x70, 0x73, 0x08, 0x73, 0x69, 0x78, 0x2E, 0x73, 0x75, 0x70,
    0x73, 0x0A, 0x73, 0x65, 0x76, 0x65, 0x6E, 0x2E, 0x73, 0x75, 0x70, 0x73, 0x0A, 0x65, 0x69, 0x67,
    0x68, 0x74, 0x2E, 0x73, 0x75, 0x70, 0x73, 0x09, 0x6E, 0x69, 0x6E, 0x65, 0x2E, 0x73, 0x75, 0x70,
    0x73, 0x09, 0x7A, 0x65, 0x72, 0x6F, 0x2E, 0x73, 0x75, 0x62, 0x73, 0x08, 0x6F, 0x6E, 0x65, 0x2E,
    0x73, 0x75, 0x62, 0x73, 0x08, 0x74, 0x77, 0x6F, 0x2E, 0x73, 0x75, 0x62, 0x73, 0x0A, 0x74, 0x68,
    0x72, 0x65, 0x65, 0x2E, 0x73, 0x75, 0x62, 0x73, 0x09, 0x66, 0x6F, 0x75, 0x72, 0x2E, 0x73, 0x75,
    0x62, 0x73, 0x09, 0x66, 0x69, 0x76, 0x65, 0x2E, 0x73, 0x75, 0x62, 0x73, 0x08, 0x73, 0x69, 0x78,
    0x2E, 0x73, 0x75, 0x62, 0x73, 0x0A, 0x73, 0x65, 0x76, 0x65, 0x6E, 0x2E, 0x73, 0x75, 0x62, 0x73,
    0x0A, 0x65, 0x69, 0x67, 0x68, 0x74, 0x2E, 0x73, 0x75, 0x62, 0x73, 0x09, 0x6E, 0x69, 0x6E, 0x65,
    0x2E, 0x73, 0x75, 0x62, 0x73, 0x0E, 0x62, 0x75, 0x6C, 0x6C, 0x65, 0x74, 0x6F, 0x70, 0x65, 0x72,
    0x61, 0x74, 0x6F, 0x72, 0x08, 0x67, 0x72, 0x61, 0x76, 0x65, 0x2E, 0x75, 0x63, 0x08, 0x61, 0x63,
    0x75, 0x74, 0x65, 0x2E, 0x75, 0x63, 0x0D, 0x63, 0x69, 0x72, 0x63, 0x75, 0x6D, 0x66, 0x6C, 0x65,
    0x78, 0x2E, 0x75, 0x63, 0x0B, 0x64, 0x69, 0x65, 0x72, 0x65, 0x73, 0x69, 0x73, 0x2E, 0x75, 0x63,
    0x08, 0x74, 0x69, 0x6C, 0x64, 0x65, 0x2E, 0x75, 0x63, 0x00, 0x00, 0x00, 0x00, 0x00, 0x00, 0x03,
    0x00, 0x08, 0x00, 0x02, 0x00, 0x11, 0x00, 0x01, 0xFF, 0xFF, 0x00, 0x03, 0x00, 0x01, 0x00, 0x00,
    0x00, 0x0C, 0x00, 0x00, 0x00, 0x00, 0x00, 0x00, 0x00, 0x02, 0x00, 0x02, 0x00, 0x00, 0x00, 0xC1,
    0x00, 0x01, 0x00, 0xC7, 0x00, 0xD6, 0x00, 0x01, 0x00, 0x01, 0x00, 0x00, 0x00, 0x0A, 0x00, 0x3A,
    0x00, 0x48, 0x00, 0x04, 0x44, 0x46, 0x4C, 0x54, 0x00, 0x1A, 0x63, 0x79, 0x72, 0x6C, 0x00, 0x24,
    0x67, 0x72, 0x65, 0x6B, 0x00, 0x24, 0x6C, 0x61, 0x74, 0x6E, 0x00, 0x24, 0x00, 0x04, 0x00, 0x00,
    0x00, 0x00, 0xFF, 0xFF, 0x00, 0x00, 0x00, 0x04, 0x00, 0x00, 0x00, 0x00, 0xFF, 0xFF, 0x00, 0x01,
    0x00, 0x00, 0x00, 0x01, 0x6B, 0x65, 0x72, 0x6E, 0x00, 0x08, 0x00, 0x00, 0x00, 0x01, 0x00, 0x00,
    0x00, 0x01, 0x00, 0x04, 0x00, 0x02, 0x00, 0x08, 0x00, 0x01, 0x00, 0x08, 0x00, 0x01, 0x00, 0x2A,
    0x00, 0x04, 0x00, 0x00, 0x00, 0x10, 0x00, 0x4E, 0x00, 0x5C, 0x00, 0x62, 0x00, 0x84, 0x00, 0x92,
    0x00, 0xAC, 0x00, 0xBE, 0x00, 0xD0, 0x01, 0x1A, 0x01, 0x50, 0x01, 0x82, 0x01, 0xC0, 0x01, 0xC6,
    0x01, 0xD0, 0x01, 0xC6, 0x01, 0xD0, 0x00, 0x01, 0x00, 0x10, 0x00, 0x03, 0x00, 0x14, 0x00, 0x24,
    0x00, 0x29, 0x00, 0x2F, 0x00, 0x33, 0x00, 0x35, 0x00, 0x37, 0x00, 0x39, 0x00, 0x3A, 0x00, 0x3C,
    0x00, 0x49, 0x00, 0x55, 0x00, 0x59, 0x00, 0x5A, 0x00, 0x5C, 0x00, 0x03, 0x00, 0x24, 0xFF, 0x8F,
    0x00, 0x37, 0xFF, 0xDB, 0x00, 0x3C, 0xFF, 0xDB, 0x00, 0x01, 0x00, 0x14, 0xFF, 0x68, 0x00, 0x08,
    0x00, 0x03, 0xFF, 0x8F, 0x00, 0x37, 0xFF, 0x68, 0x00, 0x39, 0xFF, 0x68, 0x00, 0x3A, 0xFF, 0xB4,
    0x00, 0x3C, 0xFF, 0x68, 0x00, 0x59, 0xFF, 0xDB, 0x00, 0x5A, 0xFF, 0xDB, 0x00, 0x5C, 0xFF, 0xDB,
    0x00, 0x03, 0x00, 0x0F, 0xFF, 0x1D, 0x00, 0x11, 0xFF, 0x1D, 0x00, 0x24, 0xFF, 0x8F, 0x00, 0x06,
    0x00, 0x03, 0xFF, 0xB4, 0x00, 0x37, 0xFF, 0x68, 0x00, 0x39, 0xFF, 0x68, 0x00, 0x3A, 0xFF, 0x68,
    0x00, 0x3C, 0xFF, 0x68, 0x00, 0x5C, 0xFF, 0xB4, 0x00, 0x04, 0x00, 0x03, 0xFF, 0xDB, 0x00, 0x0F,
    0xFE, 0xF8, 0x00, 0x11, 0xFE, 0xF8, 0x00, 0x24, 0xFF, 0x68, 0x00, 0x04, 0x00, 0x37, 0xFF, 0xDB,
    0x00, 0x39, 0xFF, 0xDB, 0x00, 0x3A, 0xFF, 0xDB, 0x00, 0x3C, 0xFF, 0xDB, 0x00, 0x12, 0x00, 0x03,
    0xFF, 0xDB, 0x00, 0x0F, 0xFF, 0x1D, 0x00, 0x10, 0xFF, 0x8F, 0x00, 0x11, 0xFF, 0x1D, 0x00, 0x1D,
    0xFF, 0x1D, 0x00, 0x1E, 0xFF, 0x1D, 0x00, 0x24, 0xFF, 0x68, 0x00, 0x32, 0xFF, 0xDB, 0x00, 0x44,
    0xFF, 0x1D, 0x00, 0x46, 0xFF, 0x1D, 0x00, 0x48, 0xFF, 0x1D, 0x00, 0x4C, 0xFF, 0xB4, 0x00, 0x52,
    0xFF, 0x1D, 0x00, 0x55, 0xFF, 0xB4, 0x00, 0x56, 0xFF, 0x1D, 0x00, 0x58, 0xFF, 0xB4, 0x00, 0x5A,
    0xFF, 0x8F, 0x00, 0x5C, 0xFF, 0x8F, 0x00, 0x0D, 0x00, 0x0F, 0xFF, 0x44, 0x00, 0x10, 0xFF, 0x8F,
    0x00, 0x11, 0xFF, 0x44, 0x00, 0x1D, 0xFF, 0xB4, 0x00, 0x1E, 0xFF, 0xB4, 0x00, 0x24, 0xFF, 0x68,
    0x00, 0x44, 0xFF, 0x68, 0x00, 0x48, 0xFF, 0x8F, 0x00, 0x4C, 0xFF, 0xDB, 0x00, 0x52, 0xFF, 0x8F,
    0x00, 0x55, 0xFF, 0xB4, 0x00, 0x58, 0xFF, 0xB4, 0x00, 0x5C, 0xFF, 0xB4, 0x00, 0x0C, 0x00, 0x0F,
    0xFF, 0x8F, 0x00, 0x10, 0xFF, 0xDB, 0x00, 0x11, 0xFF, 0x8F, 0x00, 0x1D, 0xFF, 0xDB, 0x00, 0x1E,
    0xFF, 0xDB, 0x00, 0x24, 0xFF, 0xB4, 0x00, 0x44, 0xFF, 0xB4, 0x00, 0x48, 0xFF, 0xDB, 0x00, 0x52,
    0xFF, 0xDB, 0x00, 0x55, 0xFF, 0xDB, 0x00, 0x58, 0xFF, 0xDB, 0x00, 0x5C, 0xFF, 0xEE, 0x00, 0x0F,
    0x00, 0x03, 0xFF, 0xDB, 0x00, 0x0F, 0xFE, 0xF8, 0x00, 0x10, 0xFF, 0x44, 0x00, 0x11, 0xFE, 0xF8,
    0x00, 0x1D, 0xFF, 0x8F, 0x00, 0x1E, 0xFF, 0x7B, 0x00, 0x24, 0xFF, 0x68, 0x00, 0x44, 0xFF, 0x68,
    0x00, 0x48, 0xFF, 0x44, 0x00, 0x4C, 0xFF, 0xB4, 0x00, 0x52, 0xFF, 0x44, 0x00, 0x53, 0xFF, 0x68,
    0x00, 0x54, 0xFF, 0x44, 0x00, 0x58, 0xFF, 0x8F, 0x00, 0x59, 0xFF, 0x8F, 0x00, 0x01, 0x00, 0x49,
    0xFF, 0xDB, 0x00, 0x02, 0x00, 0x0F, 0xFF, 0x8F, 0x00, 0x11, 0xFF, 0x8F, 0x00, 0x02, 0x00, 0x0F,
    0xFF, 0x68, 0x00, 0x11, 0xFF, 0x68, 0x00, 0x00, 0x00, 0x01, 0x00, 0x00, 0x00, 0x0A, 0x00, 0x44,
    0x00, 0x5E, 0x00, 0x07, 0x44, 0x46, 0x4C, 0x54, 0x00, 0x2C, 0x62, 0x6F, 0x70, 0x6F, 0x00, 0x2C,
    0x63, 0x6F, 0x70, 0x74, 0x00, 0x2C, 0x63, 0x79, 0x72, 0x6C, 0x00, 0x2C, 0x67, 0x72, 0x65, 0x6B,
    0x00, 0x2C, 0x68, 0x65, 0x62, 0x72, 0x00, 0x2C, 0x6C, 0x61, 0x74, 0x6E, 0x00, 0x2C, 0x00, 0x04,
    0x00, 0x00, 0x00, 0x00, 0xFF, 0xFF, 0x00, 0x02, 0x00, 0x00, 0x00, 0x01, 0x00, 0x02, 0x73, 0x75,
    0x62, 0x73, 0x00, 0x0E, 0x73, 0x75, 0x70, 0x73, 0x00, 0x14, 0x00, 0x00, 0x00, 0x01, 0x00, 0x01,
    0x00, 0x00, 0x00, 0x01, 0x00, 0x00, 0x00, 0x02, 0x00, 0x06, 0x00, 0x1E, 0x00, 0x01, 0x00, 0x00,
    0x00, 0x01, 0x00, 0x08, 0x00, 0x01, 0x00, 0x06, 0x00, 0xB0, 0x00, 0x02, 0x00, 0x01, 0x00, 0x17,
    0x00, 0x1C, 0x00, 0x00, 0x00, 0x01, 0x00, 0x00, 0x00, 0x01, 0x00, 0x08, 0x00, 0x01, 0x00, 0x06,
    0x00, 0xBA, 0x00, 0x02, 0x00, 0x01, 0x00, 0x13, 0x00, 0x1C, 0x00, 0x00,
}};
