// Generated from Liberation Mono Regular (SIL Open Font License 1.1), subsetted to Basic
// Latin + Latin-1 Supplement glyphs; see
// engine/editor/assets/fonts/THIRD_PARTY_NOTICES.md for license and provenance.
inline constexpr std::array<std::uint8_t, 29512> uve_mono_font_ttf_bytes{{
    0x00, 0x01, 0x00, 0x00, 0x00, 0x11, 0x01, 0x00, 0x00, 0x04, 0x00, 0x10, 0x47, 0x44, 0x45, 0x46,
    0x00, 0x10, 0x00, 0xc0, 0x00, 0x00, 0x72, 0xc8, 0x00, 0x00, 0x00, 0x16, 0x47, 0x50, 0x4f, 0x53,
    0x44, 0x76, 0x4c, 0x75, 0x00, 0x00, 0x72, 0xe0, 0x00, 0x00, 0x00, 0x20, 0x47, 0x53, 0x55, 0x42,
    0xc1, 0xf5, 0xc5, 0xdf, 0x00, 0x00, 0x73, 0x00, 0x00, 0x00, 0x00, 0x48, 0x4f, 0x53, 0x2f, 0x32,
    0x7a, 0xb1, 0x5d, 0x6b, 0x00, 0x00, 0x60, 0x80, 0x00, 0x00, 0x00, 0x60, 0x63, 0x6d, 0x61, 0x70,
    0x01, 0x91, 0x00, 0xb9, 0x00, 0x00, 0x60, 0xe0, 0x00, 0x00, 0x00, 0x3c, 0x63, 0x76, 0x74, 0x20,
    0x67, 0x06, 0x6d, 0x57, 0x00, 0x00, 0x6e, 0x4c, 0x00, 0x00, 0x02, 0xae, 0x66, 0x70, 0x67, 0x6d,
    0x7e, 0x61, 0xb6, 0x11, 0x00, 0x00, 0x61, 0x1c, 0x00, 0x00, 0x07, 0xb4, 0x67, 0x61, 0x73, 0x70,
    0x00, 0x18, 0x00, 0x09, 0x00, 0x00, 0x72, 0xb8, 0x00, 0x00, 0x00, 0x10, 0x67, 0x6c, 0x79, 0x66,
    0xae, 0x7c, 0xbf, 0x78, 0x00, 0x00, 0x01, 0x1c, 0x00, 0x00, 0x5b, 0xb8, 0x68, 0x65, 0x61, 0x64,
    0x0a, 0x63, 0xa1, 0x0c, 0x00, 0x00, 0x5e, 0x8c, 0x00, 0x00, 0x00, 0x36, 0x68, 0x68, 0x65, 0x61,
    0x08, 0xc1, 0xfc, 0xe2, 0x00, 0x00, 0x60, 0x5c, 0x00, 0x00, 0x00, 0x24, 0x68, 0x6d, 0x74, 0x78,
    0x45, 0xeb, 0x3b, 0xd3, 0x00, 0x00, 0x5e, 0xc4, 0x00, 0x00, 0x01, 0x96, 0x6c, 0x6f, 0x63, 0x61,
    0x11, 0xa6, 0xfc, 0x20, 0x00, 0x00, 0x5c, 0xf4, 0x00, 0x00, 0x01, 0x96, 0x6d, 0x61, 0x78, 0x70,
    0x05, 0x41, 0x04, 0xc0, 0x00, 0x00, 0x5c, 0xd4, 0x00, 0x00, 0x00, 0x20, 0x6e, 0x61, 0x6d, 0x65,
    0x21, 0x5a, 0x39, 0x71, 0x00, 0x00, 0x70, 0xfc, 0x00, 0x00, 0x01, 0x9c, 0x70, 0x6f, 0x73, 0x74,
    0xfe, 0x7a, 0x00, 0x55, 0x00, 0x00, 0x72, 0x98, 0x00, 0x00, 0x00, 0x20, 0x70, 0x72, 0x65, 0x70,
    0xc8, 0xf3, 0x8c, 0x8f, 0x00, 0x00, 0x68, 0xd0, 0x00, 0x00, 0x05, 0x7a, 0x00, 0x02, 0x02, 0x03,
    0x00, 0x00, 0x02, 0xc9, 0x05, 0x44, 0x00, 0x03, 0x00, 0x07, 0x00, 0x2a, 0x40, 0x13, 0x03, 0x07,
    0x07, 0x02, 0x04, 0x04, 0x08, 0x09, 0x01, 0x01, 0x02, 0x04, 0x04, 0x05, 0x9d, 0x5b, 0x04, 0x02,
    0x03, 0x00, 0x3f, 0x2f, 0x2b, 0x11, 0x12, 0x00, 0x39, 0x18, 0x2f, 0x11, 0x12, 0x01, 0x39, 0x11,
    0x33, 0x33, 0x11, 0x33, 0x31, 0x30, 0x01, 0x23, 0x03, 0x33, 0x03, 0x35, 0x33, 0x15, 0x02, 0xb1,
    0x94, 0x18, 0xc4, 0xc6, 0xc2, 0x01, 0x8d, 0x03, 0xb7, 0xfa, 0xbc, 0xc9, 0xc9, 0x00, 0x00, 0x02,
    0x01, 0x15, 0x03, 0x4d, 0x03, 0xb6, 0x05, 0xcc, 0x00, 0x03, 0x00, 0x07, 0x00, 0x21, 0x40, 0x0e,
    0x07, 0x06, 0x02, 0x03, 0x06, 0x03, 0x08, 0x09, 0x05, 0x00, 0x00, 0x06, 0x02, 0x00, 0x00, 0x3f,
    0x33, 0x33, 0x2f, 0x32, 0x11, 0x12, 0x01, 0x39, 0x39, 0x11, 0x33, 0x11, 0x33, 0x31, 0x30, 0x01,
    0x23, 0x03, 0x33, 0x01, 0x23, 0x03, 0x33, 0x03, 0x8c, 0x8e, 0x28, 0xe0, 0xfe, 0x15, 0x8d, 0x29,
    0xe0, 0x03, 0x4d, 0x02, 0x7f, 0xfd, 0x81, 0x02, 0x7f, 0x00, 0x00, 0x02, 0x00, 0x36, 0x00, 0x00,
    0x04, 0x8b, 0x05, 0x45, 0x00, 0x1b, 0x00, 0x1f, 0x00, 0xb1, 0x40, 0x6a, 0x08, 0x1d, 0x1c, 0x15,
    0x04, 0x14, 0x09, 0x11, 0x0c, 0x0c, 0x09, 0x12, 0x0f, 0x0e, 0x0b, 0x04, 0x0a, 0x13, 0x13, 0x14,
    0x16, 0x1f, 0x1e, 0x07, 0x04, 0x06, 0x17, 0x04, 0x01, 0x00, 0x19, 0x04, 0x18, 0x05, 0x05, 0x06,
    0x14, 0x06, 0x0a, 0x21, 0x03, 0x1a, 0x17, 0x03, 0x18, 0x0a, 0x18, 0x20, 0x21, 0x08, 0x04, 0x0c,
    0x0d, 0x0c, 0xaf, 0x59, 0x1d, 0x01, 0x0d, 0x1c, 0x00, 0x10, 0x11, 0x10, 0xaf, 0x59, 0x19, 0x15,
    0x11, 0x7f, 0x0d, 0x8f, 0x0d, 0x9f, 0x0d, 0x03, 0x4f, 0x0d, 0x5f, 0x0d, 0x02, 0x4f, 0x11, 0x01,
    0x4f, 0x11, 0x5f, 0x11, 0xef, 0x11, 0x03, 0x11, 0x40, 0x1f, 0x22, 0x48, 0x0d, 0x11, 0x0d, 0x11,
    0x05, 0x17, 0x13, 0x03, 0x0a, 0x05, 0x00, 0x2f, 0x33, 0x3f, 0x33, 0x12, 0x39, 0x39, 0x2f, 0x2f,
    0x2b, 0x5d, 0x71, 0x5d, 0x71, 0x11, 0x33, 0x33, 0x2b, 0x11, 0x00, 0x33, 0x33, 0x11, 0x33, 0x33,
    0x2b, 0x11, 0x00, 0x33, 0x33, 0x11, 0x12, 0x01, 0x39, 0x39, 0x11, 0x17, 0x33, 0x11, 0x12, 0x39,
    0x39, 0x11, 0x33, 0x11, 0x12, 0x17, 0x39, 0x11, 0x12, 0x17, 0x39, 0x11, 0x33, 0x11, 0x12, 0x17,
    0x39, 0x32, 0x32, 0x11, 0x33, 0x11, 0x12, 0x17, 0x39, 0x31, 0x30, 0x01, 0x03, 0x21, 0x15, 0x21,
    0x03, 0x23, 0x13, 0x21, 0x03, 0x23, 0x13, 0x23, 0x35, 0x33, 0x13, 0x23, 0x35, 0x21, 0x13, 0x33,
    0x03, 0x21, 0x13, 0x33, 0x03, 0x33, 0x15, 0x21, 0x03, 0x21, 0x13, 0x03, 0xa2, 0x43, 0x01, 0x04,
    0xfe, 0xe5, 0x58, 0x6e, 0x56, 0xfe, 0x95, 0x54, 0x6e, 0x54, 0xc9, 0xe1, 0x43, 0xf1, 0x01, 0x07,
    0x59, 0x6e, 0x58, 0x01, 0x6b, 0x58, 0x6e, 0x58, 0xd3, 0xfd, 0x40, 0x45, 0x01, 0x6a, 0x43, 0x03,
    0x41, 0xfe, 0xc3, 0x6c, 0xfe, 0x68, 0x01, 0x98, 0xfe, 0x68, 0x01, 0x98, 0x6c, 0x01, 0x3d, 0x6c,
    0x01, 0x98, 0xfe, 0x68, 0x01, 0x98, 0xfe, 0x68, 0x6c, 0xfe, 0xc3, 0x01, 0x3d, 0x00, 0x00, 0x03,
    0x00, 0x42, 0xff, 0x73, 0x04, 0x7e, 0x05, 0xc4, 0x00, 0x24, 0x00, 0x2c, 0x00, 0x34, 0x00, 0xa8,
    0x40, 0x66, 0x18, 0x20, 0x32, 0x03, 0x04, 0x0c, 0x15, 0x29, 0x04, 0x04, 0x05, 0x05, 0x2d, 0x12,
    0x09, 0x08, 0x08, 0x25, 0x12, 0x1c, 0x1b, 0x2d, 0x1b, 0x00, 0x12, 0x00, 0x35, 0x36, 0x1f, 0x2a,
    0x15, 0x2a, 0x73, 0x59, 0x31, 0x0d, 0x29, 0x0d, 0x73, 0x59, 0x20, 0x29, 0x29, 0x15, 0x06, 0x1c,
    0x1c, 0x18, 0x15, 0x16, 0x40, 0x20, 0x27, 0x48, 0x16, 0x40, 0x12, 0x17, 0x48, 0x16, 0x16, 0x15,
    0x06, 0x32, 0x0c, 0x06, 0x0c, 0x73, 0x59, 0x00, 0x09, 0x10, 0x09, 0x40, 0x09, 0x50, 0x09, 0x60,
    0x09, 0x05, 0x40, 0x09, 0x50, 0x09, 0xa0, 0x09, 0xb0, 0x09, 0xf0, 0x09, 0x05, 0x09, 0x09, 0x06,
    0x90, 0x05, 0x01, 0x05, 0x05, 0x03, 0x06, 0x18, 0x00, 0x3f, 0x33, 0x33, 0x2f, 0x5d, 0x11, 0x33,
    0x2f, 0x5d, 0x71, 0x2b, 0x11, 0x00, 0x33, 0x18, 0x3f, 0x33, 0x2f, 0x2b, 0x2b, 0x11, 0x33, 0x33,
    0x2f, 0x11, 0x12, 0x39, 0x2f, 0x33, 0x2b, 0x11, 0x00, 0x33, 0x2b, 0x11, 0x00, 0x33, 0x11, 0x12,
    0x01, 0x39, 0x39, 0x11, 0x33, 0x33, 0x11, 0x33, 0x11, 0x33, 0x33, 0x11, 0x33, 0x11, 0x12, 0x39,
    0x11, 0x17, 0x33, 0x11, 0x17, 0x33, 0x31, 0x30, 0x01, 0x14, 0x06, 0x07, 0x15, 0x23, 0x35, 0x24,
    0x03, 0x37, 0x1e, 0x01, 0x17, 0x11, 0x27, 0x2e, 0x02, 0x35, 0x34, 0x36, 0x37, 0x35, 0x33, 0x15,
    0x1e, 0x01, 0x17, 0x07, 0x2e, 0x01, 0x27, 0x11, 0x1e, 0x03, 0x01, 0x14, 0x1e, 0x01, 0x17, 0x11,
    0x0e, 0x01, 0x01, 0x34, 0x2e, 0x01, 0x27, 0x11, 0x3e, 0x01, 0x04, 0x7e, 0xf0, 0xe0, 0x80, 0xfe,
    0x5a, 0x46, 0xaa, 0x1a, 0xa0, 0x88, 0x1e, 0xa8, 0x9d, 0x49, 0xdb, 0xd1, 0x80, 0xba, 0xca, 0x2d,
    0xae, 0x16, 0x80, 0x6d, 0xac, 0x9a, 0x5c, 0x2e, 0xfc, 0xb0, 0x2f, 0x5a, 0x77, 0x7e, 0x82, 0x02,
    0xa4, 0x37, 0x64, 0x89, 0x90, 0x94, 0x01, 0x7c, 0xa2, 0xbd, 0x09, 0xa1, 0xa1, 0x0e, 0x01, 0x59,
    0x25, 0x7e, 0x7d, 0x07, 0x01, 0xe9, 0x08, 0x29, 0x61, 0x88, 0x5e, 0x95, 0xa7, 0x07, 0x82, 0x82,
    0x07, 0x91, 0xa9, 0x21, 0x6a, 0x6c, 0x07, 0xfe, 0x56, 0x2a, 0x48, 0x5c, 0x79, 0x02, 0x2e, 0x39,
    0x4d, 0x33, 0x1f, 0x01, 0x9d, 0x05, 0x65, 0xfd, 0x2a, 0x42, 0x56, 0x39, 0x23, 0xfe, 0x29, 0x09,
    0x75, 0x00, 0x00, 0x05, 0x00, 0x00, 0xff, 0xf4, 0x04, 0xce, 0x05, 0x51, 0x00, 0x03, 0x00, 0x0e,
    0x00, 0x1a, 0x00, 0x25, 0x00, 0x31, 0x00, 0x5b, 0x40, 0x36, 0x00, 0x01, 0x0f, 0x06, 0x2c, 0x23,
    0x02, 0x03, 0x03, 0x23, 0x06, 0x01, 0x04, 0x0c, 0x26, 0x1d, 0x1d, 0x15, 0x0c, 0x0c, 0x33, 0x32,
    0x1b, 0x29, 0xb6, 0x59, 0x20, 0x1b, 0xb7, 0x5b, 0x20, 0x2f, 0xb6, 0x59, 0x20, 0x19, 0x09, 0x18,
    0xb6, 0x59, 0x04, 0x09, 0xb7, 0x5b, 0x04, 0x12, 0xb6, 0x59, 0x04, 0x07, 0x02, 0x06, 0x00, 0x18,
    0x00, 0x3f, 0x3f, 0x3f, 0x2b, 0x2b, 0x2b, 0x00, 0x18, 0x3f, 0x2b, 0x2b, 0x2b, 0x11, 0x12, 0x01,
    0x39, 0x11, 0x33, 0x32, 0x11, 0x33, 0x12, 0x17, 0x39, 0x11, 0x33, 0x11, 0x33, 0x11, 0x33, 0x11,
    0x33, 0x31, 0x30, 0x33, 0x23, 0x01, 0x33, 0x25, 0x20, 0x11, 0x14, 0x06, 0x23, 0x22, 0x26, 0x35,
    0x34, 0x36, 0x01, 0x34, 0x26, 0x23, 0x22, 0x06, 0x15, 0x14, 0x16, 0x33, 0x32, 0x36, 0x05, 0x20,
    0x11, 0x14, 0x06, 0x23, 0x22, 0x26, 0x35, 0x34, 0x36, 0x01, 0x34, 0x26, 0x23, 0x22, 0x06, 0x15,
    0x14, 0x16, 0x33, 0x32, 0x36, 0xdd, 0x91, 0x03, 0xa4, 0x93, 0xfc, 0xa0, 0x01, 0x1b, 0x92, 0x8d,
    0x8d, 0x92, 0x8c, 0x01, 0x1f, 0x3f, 0x4a, 0x4d, 0x42, 0x42, 0x4c, 0x47, 0x43, 0x02, 0x08, 0x01,
    0x1b, 0x92, 0x8d, 0x8d, 0x92, 0x8c, 0x01, 0x1f, 0x3f, 0x4a, 0x4d, 0x42, 0x42, 0x4c, 0x47, 0x43,
    0x05, 0x49, 0x08, 0xfe, 0xb0, 0xa7, 0xae, 0xac, 0xa9, 0xa7, 0xa9, 0xfe, 0xb0, 0x77, 0x6d, 0x6a,
    0x7a, 0x74, 0x70, 0x6f, 0xf3, 0xfe, 0xb0, 0xa7, 0xae, 0xac, 0xa9, 0xa7, 0xa9, 0xfe, 0xb0, 0x77,
    0x6d, 0x6a, 0x7a, 0x74, 0x70, 0x6f, 0x00, 0x03, 0x00, 0x2b, 0xff, 0xec, 0x04, 0xa1, 0x05, 0x4d,
    0x00, 0x25, 0x00, 0x31, 0x00, 0x3b, 0x00, 0x6a, 0x40, 0x43, 0x36, 0x08, 0x2c, 0x0d, 0x26, 0x13,
    0x24, 0x1b, 0x1c, 0x1c, 0x13, 0x1e, 0x03, 0x19, 0x32, 0x17, 0x2e, 0x34, 0x0a, 0x0d, 0x08, 0x0c,
    0x3c, 0x3d, 0x45, 0x32, 0x01, 0x09, 0x32, 0x01, 0x0b, 0x00, 0x19, 0x10, 0x19, 0x20, 0x19, 0x03,
    0x0f, 0x03, 0x2e, 0x0a, 0x17, 0x34, 0x1b, 0x19, 0x1e, 0x32, 0x03, 0x09, 0x05, 0x10, 0x10, 0x29,
    0x51, 0x59, 0x10, 0x03, 0x21, 0x39, 0x05, 0x39, 0x51, 0x59, 0x00, 0x05, 0x16, 0x00, 0x3f, 0x33,
    0x2b, 0x11, 0x00, 0x33, 0x18, 0x3f, 0x2b, 0x11, 0x12, 0x00, 0x17, 0x39, 0x5f, 0x5e, 0x5d, 0x5e,
    0x5d, 0x5d, 0x11, 0x12, 0x01, 0x17, 0x39, 0x11, 0x33, 0x33, 0x11, 0x33, 0x11, 0x33, 0x11, 0x33,
    0x31, 0x30, 0x05, 0x22, 0x26, 0x27, 0x06, 0x23, 0x22, 0x26, 0x35, 0x10, 0x25, 0x2e, 0x01, 0x35,
    0x34, 0x36, 0x33, 0x32, 0x16, 0x15, 0x14, 0x0e, 0x01, 0x07, 0x16, 0x17, 0x36, 0x37, 0x17, 0x06,
    0x07, 0x1e, 0x01, 0x33, 0x32, 0x37, 0x15, 0x06, 0x01, 0x34, 0x26, 0x23, 0x22, 0x06, 0x15, 0x14,
    0x17, 0x3e, 0x02, 0x03, 0x26, 0x27, 0x06, 0x15, 0x14, 0x16, 0x33, 0x32, 0x36, 0x04, 0x30, 0x49,
    0x8d, 0x32, 0x99, 0xc2, 0xc7, 0xdb, 0x01, 0x24, 0x20, 0x2b, 0xb9, 0xa6, 0x92, 0xaf, 0x4f, 0x95,
    0xb3, 0x84, 0x91, 0x58, 0x25, 0x91, 0x2c, 0x76, 0x2b, 0x61, 0x28, 0x3a, 0x25, 0x30, 0xfe, 0x9b,
    0x60, 0x4c, 0x59, 0x6f, 0x3d, 0xa1, 0x62, 0x34, 0x4a, 0xb4, 0x88, 0xb3, 0x8a, 0x78, 0x40, 0x7d,
    0x0c, 0x46, 0x3b, 0x89, 0xc8, 0xb2, 0x01, 0x0c, 0x97, 0x3c, 0x99, 0x45, 0x88, 0xa2, 0x90, 0x7b,
    0x4b, 0x75, 0x65, 0x4b, 0xe7, 0x9e, 0xb6, 0xe0, 0x2b, 0xec, 0xe2, 0x36, 0x33, 0x10, 0x87, 0x16,
    0x04, 0x49, 0x46, 0x51, 0x62, 0x52, 0x6e, 0x72, 0x44, 0x3f, 0x4b, 0xfc, 0xcb, 0xcb, 0xee, 0x61,
    0xc7, 0x73, 0x88, 0x37, 0x00, 0x01, 0x01, 0xf6, 0x03, 0x4d, 0x02, 0xd6, 0x05, 0xcc, 0x00, 0x03,
    0x00, 0x17, 0x40, 0x09, 0x03, 0x02, 0x02, 0x04, 0x05, 0x00, 0x00, 0x02, 0x00, 0x00, 0x3f, 0x33,
    0x2f, 0x11, 0x12, 0x01, 0x39, 0x11, 0x33, 0x31, 0x30, 0x01, 0x23, 0x03, 0x33, 0x02, 0xac, 0x8d,
    0x29, 0xe0, 0x03, 0x4d, 0x02, 0x7f, 0x00, 0x01, 0x01, 0x56, 0xfe, 0x57, 0x03, 0x7b, 0x05, 0xcc,
    0x00, 0x0d, 0x00, 0x22, 0x40, 0x0f, 0x0a, 0x0b, 0x0b, 0x04, 0x03, 0x03, 0x00, 0x07, 0x07, 0x0e,
    0x0f, 0x0a, 0x00, 0x04, 0x1b, 0x00, 0x3f, 0x3f, 0x11, 0x12, 0x01, 0x39, 0x11, 0x33, 0x33, 0x11,
    0x33, 0x33, 0x11, 0x33, 0x31, 0x30, 0x01, 0x10, 0x12, 0x17, 0x23, 0x26, 0x02, 0x11, 0x10, 0x12,
    0x37, 0x33, 0x06, 0x02, 0x02, 0x11, 0xaa, 0xc0, 0xbe, 0xc0, 0xa7, 0xa4, 0xc3, 0xbe, 0xc0, 0xaa,
    0x02, 0x12, 0xfe, 0xed, 0xfe, 0x44, 0xec, 0xec, 0x01, 0xbb, 0x01, 0x16, 0x01, 0x11, 0x01, 0xb7,
    0xf0, 0xec, 0xfe, 0x43, 0x00, 0x01, 0x01, 0x50, 0xfe, 0x57, 0x03, 0x75, 0x05, 0xcc, 0x00, 0x0d,
    0x00, 0x22, 0x40, 0x0f, 0x0b, 0x0a, 0x0a, 0x03, 0x04, 0x04, 0x07, 0x00, 0x00, 0x0e, 0x0f, 0x0a,
    0x00, 0x03, 0x1b, 0x00, 0x3f, 0x3f, 0x11, 0x12, 0x01, 0x39, 0x11, 0x33, 0x33, 0x11, 0x33, 0x33,
    0x11, 0x33, 0x31, 0x30, 0x01, 0x10, 0x02, 0x07, 0x23, 0x36, 0x12, 0x11, 0x10, 0x02, 0x27, 0x33,
    0x16, 0x12, 0x03, 0x75, 0xa5, 0xc0, 0xc0, 0xc4, 0xa8, 0xa8, 0xc4, 0xc0, 0xc3, 0xa2, 0x02, 0x14,
    0xfe, 0xe8, 0xfe, 0x47, 0xec, 0xf1, 0x01, 0xbd, 0x01, 0x0d, 0x01, 0x0c, 0x01, 0xbd, 0xf1, 0xf0,
    0xfe, 0x4c, 0x00, 0x01, 0x00, 0xf8, 0x02, 0xfc, 0x03, 0xd4, 0x05, 0xcb, 0x00, 0x0e, 0x00, 0x63,
    0x40, 0x30, 0x0e, 0x0d, 0x0d, 0x0a, 0x02, 0x0a, 0x02, 0x0f, 0x10, 0x02, 0x0a, 0x0a, 0x01, 0x0b,
    0x00, 0x0c, 0x03, 0x09, 0x04, 0x08, 0x75, 0x0c, 0x85, 0x0c, 0x02, 0x08, 0x06, 0x09, 0x0c, 0x04,
    0x07, 0x7f, 0x0b, 0x8f, 0x0b, 0x02, 0x0b, 0x0b, 0x0d, 0x05, 0x70, 0x07, 0x80, 0x07, 0x90, 0x07,
    0x03, 0x07, 0xb8, 0xff, 0xc0, 0xb6, 0x09, 0x0c, 0x48, 0x07, 0x07, 0x0d, 0x00, 0x00, 0x3f, 0x33,
    0x2f, 0x2b, 0x5d, 0x33, 0x12, 0x39, 0x2f, 0x5d, 0x12, 0x17, 0x39, 0x5d, 0x11, 0x33, 0x11, 0x33,
    0x11, 0x33, 0x11, 0x33, 0x33, 0x11, 0x33, 0x11, 0x12, 0x01, 0x39, 0x39, 0x11, 0x12, 0x39, 0x11,
    0x33, 0x31, 0x30, 0x01, 0x25, 0x17, 0x05, 0x17, 0x07, 0x0b, 0x01, 0x27, 0x37, 0x25, 0x37, 0x05,
    0x03, 0x33, 0x02, 0x9f, 0x01, 0x08, 0x2d, 0xfe, 0xe6, 0xb9, 0x77, 0x96, 0x9c, 0x77, 0xbd, 0xfe,
    0xe8, 0x2d, 0x01, 0x0b, 0x0c, 0x88, 0x04, 0xa4, 0x67, 0x84, 0x49, 0xfa, 0x48, 0x01, 0x02, 0xff,
    0x00, 0x48, 0xf8, 0x49, 0x86, 0x6b, 0x01, 0x29, 0x00, 0x01, 0x00, 0x74, 0x00, 0xb4, 0x04, 0x57,
    0x04, 0x9e, 0x00, 0x0b, 0x00, 0x14, 0x40, 0x09, 0x02, 0x0c, 0x0d, 0x05, 0x04, 0xad, 0x59, 0x05,
    0xb3, 0x00, 0x3f, 0x2b, 0x11, 0x12, 0x01, 0x39, 0x31, 0x30, 0x01, 0x11, 0x23, 0x11, 0x21, 0x35,
    0x21, 0x11, 0x33, 0x11, 0x21, 0x15, 0x02, 0xaf, 0x93, 0xfe, 0x58, 0x01, 0xa8, 0x93, 0x01, 0xa8,
    0x02, 0x60, 0xfe, 0x54, 0x01, 0xac, 0x92, 0x01, 0xac, 0xfe, 0x54, 0x92, 0x00, 0x01, 0x01, 0x03,
    0xfe, 0x95, 0x02, 0xb5, 0x01, 0x2b, 0x00, 0x03, 0x00, 0x20, 0x40, 0x10, 0x03, 0x00, 0x01, 0x02,
    0x00, 0x02, 0x04, 0x05, 0x01, 0x00, 0x9c, 0x5b, 0x04, 0x01, 0x9b, 0x5b, 0x00, 0x2b, 0x2b, 0x11,
    0x12, 0x01, 0x39, 0x39, 0x11, 0x33, 0x11, 0x33, 0x31, 0x30, 0x01, 0x13, 0x21, 0x01, 0x01, 0x03,
    0xa9, 0x01, 0x09, 0xfe, 0xc9, 0xfe, 0x95, 0x02, 0x96, 0xfd, 0x6a, 0x00, 0x00, 0x01, 0x01, 0x4e,
    0x01, 0xd0, 0x03, 0x7e, 0x02, 0x70, 0x00, 0x03, 0x00, 0x19, 0x40, 0x0c, 0x00, 0x03, 0x04, 0x05,
    0x01, 0x00, 0xba, 0x59, 0x2f, 0x01, 0x01, 0x01, 0x00, 0x2f, 0x5d, 0x2b, 0x11, 0x12, 0x01, 0x39,
    0x39, 0x31, 0x30, 0x01, 0x35, 0x21, 0x15, 0x01, 0x4e, 0x02, 0x30, 0x01, 0xd0, 0xa0, 0xa0, 0x00,
    0x00, 0x01, 0x01, 0xf0, 0x00, 0x00, 0x02, 0xdb, 0x01, 0x2b, 0x00, 0x03, 0x00, 0x17, 0x40, 0x0a,
    0x03, 0x00, 0x00, 0x04, 0x05, 0x00, 0x01, 0x9b, 0x5b, 0x00, 0x00, 0x2f, 0x2b, 0x11, 0x12, 0x01,
    0x39, 0x11, 0x33, 0x31, 0x30, 0x21, 0x11, 0x33, 0x11, 0x01, 0xf0, 0xeb, 0x01, 0x2b, 0xfe, 0xd5,
    0x00, 0x01, 0x00, 0x72, 0xff, 0xec, 0x04, 0x59, 0x05, 0xcc, 0x00, 0x03, 0x00, 0x1c, 0x40, 0x0c,
    0x01, 0x02, 0x03, 0x00, 0x02, 0x00, 0x04, 0x05, 0x03, 0x19, 0x01, 0x00, 0x00, 0x3f, 0x3f, 0x11,
    0x12, 0x01, 0x39, 0x39, 0x11, 0x33, 0x11, 0x33, 0x31, 0x30, 0x17, 0x01, 0x33, 0x01, 0x72, 0x03,
    0x35, 0xb2, 0xfc, 0xcf, 0x14, 0x05, 0xe0, 0xfa, 0x20, 0x00, 0x00, 0x03, 0x00, 0x7c, 0xff, 0xec,
    0x04, 0x4f, 0x05, 0x5a, 0x00, 0x0b, 0x00, 0x17, 0x00, 0x1b, 0x00, 0x54, 0x40, 0x2e, 0x1a, 0x19,
    0x0c, 0x12, 0x12, 0x06, 0x0c, 0x00, 0x06, 0x00, 0x1c, 0x1d, 0x0f, 0x18, 0x01, 0x0f, 0x18, 0x1f,
    0x18, 0x02, 0x0d, 0x18, 0x40, 0x0f, 0x19, 0x1f, 0x19, 0x02, 0x15, 0x03, 0x19, 0x19, 0x03, 0x09,
    0x09, 0x0f, 0x73, 0x59, 0x09, 0x07, 0x03, 0x15, 0x73, 0x59, 0x03, 0x19, 0x00, 0x3f, 0x2b, 0x00,
    0x18, 0x3f, 0x2b, 0x11, 0x12, 0x00, 0x39, 0x18, 0x2f, 0x5f, 0x5e, 0x5d, 0x1a, 0xcd, 0x5e, 0x5d,
    0x71, 0x11, 0x12, 0x01, 0x39, 0x39, 0x11, 0x33, 0x11, 0x33, 0x11, 0x12, 0x39, 0x39, 0x31, 0x30,
    0x01, 0x10, 0x02, 0x23, 0x22, 0x02, 0x11, 0x10, 0x12, 0x21, 0x32, 0x12, 0x03, 0x10, 0x02, 0x23,
    0x22, 0x02, 0x11, 0x10, 0x12, 0x33, 0x32, 0x12, 0x25, 0x35, 0x33, 0x15, 0x04, 0x4f, 0xf9, 0xf3,
    0xf3, 0xf4, 0xee, 0x00, 0xff, 0xf9, 0xed, 0xb7, 0x8d, 0xa2, 0xa6, 0x91, 0x93, 0xa0, 0x9f, 0x94,
    0xfe, 0x58, 0xeb, 0x02, 0xa3, 0xfe, 0xae, 0xfe, 0x9b, 0x01, 0x63, 0x01, 0x54, 0x01, 0x5d, 0x01,
    0x5a, 0xfe, 0xa3, 0xfe, 0xa6, 0x01, 0x22, 0x01, 0x03, 0xff, 0x00, 0xfe, 0xdb, 0xfe, 0xe3, 0xfe,
    0xf9, 0x01, 0x0e, 0x9e, 0xf9, 0xf9, 0x00, 0x01, 0x00, 0x94, 0x00, 0x00, 0x04, 0x6a, 0x05, 0x45,
    0x00, 0x0e, 0x00, 0x38, 0x40, 0x1d, 0x0d, 0x0c, 0x06, 0x01, 0x0a, 0x01, 0x0c, 0x03, 0x02, 0x02,
    0x0f, 0x10, 0x07, 0x06, 0x73, 0x59, 0x07, 0x07, 0x03, 0x0a, 0x06, 0x0c, 0x01, 0x00, 0x01, 0x73,
    0x59, 0x00, 0x18, 0x00, 0x3f, 0x2b, 0x11, 0x00, 0x33, 0x18, 0x3f, 0x33, 0x33, 0x2f, 0x2b, 0x11,
    0x12, 0x01, 0x39, 0x11, 0x17, 0x33, 0x11, 0x33, 0x11, 0x33, 0x31, 0x30, 0x33, 0x35, 0x21, 0x11,
    0x06, 0x04, 0x23, 0x35, 0x32, 0x24, 0x37, 0x33, 0x11, 0x21, 0x15, 0x9d, 0x01, 0xb7, 0x25, 0xfe,
    0xeb, 0x86, 0x94, 0x01, 0x07, 0x34, 0xa6, 0x01, 0x61, 0x91, 0x03, 0xfd, 0x4e, 0x74, 0x94, 0x82,
    0x63, 0xfb, 0x4c, 0x91, 0x00, 0x01, 0x00, 0x90, 0x00, 0x00, 0x04, 0x3c, 0x05, 0x5a, 0x00, 0x1c,
    0x00, 0x3c, 0x40, 0x1d, 0x1a, 0x00, 0x00, 0x0d, 0x0e, 0x1c, 0x07, 0x14, 0x0e, 0x14, 0x1d, 0x1e,
    0x0d, 0x0d, 0x11, 0x11, 0x0a, 0x73, 0x59, 0x11, 0x07, 0x01, 0x1a, 0x00, 0x1a, 0x73, 0x59, 0x00,
    0x18, 0x00, 0x3f, 0x2b, 0x11, 0x00, 0x33, 0x18, 0x3f, 0x2b, 0x11, 0x00, 0x33, 0x18, 0x2f, 0x11,
    0x12, 0x01, 0x39, 0x39, 0x11, 0x33, 0x33, 0x11, 0x33, 0x33, 0x11, 0x33, 0x31, 0x30, 0x33, 0x35,
    0x3e, 0x01, 0x37, 0x3e, 0x01, 0x35, 0x34, 0x26, 0x23, 0x22, 0x06, 0x07, 0x27, 0x3e, 0x01, 0x33,
    0x32, 0x16, 0x15, 0x14, 0x06, 0x07, 0x0e, 0x01, 0x07, 0x21, 0x15, 0x90, 0x31, 0xcf, 0xb2, 0x9f,
    0x8c, 0x8a, 0x80, 0x72, 0x8d, 0x0d, 0xb8, 0x14, 0xee, 0xc2, 0xd5, 0xee, 0x98, 0x97, 0xce, 0x9f,
    0x21, 0x02, 0xd3, 0x75, 0x6d, 0xdd, 0x8e, 0x7f, 0xbc, 0x57, 0x6f, 0x78, 0x7d, 0x71, 0x11, 0xaa,
    0xc7, 0xc0, 0xb0, 0x73, 0xe5, 0x78, 0xa4, 0x9b, 0x49, 0x92, 0x00, 0x01, 0x00, 0x80, 0xff, 0xec,
    0x04, 0x4b, 0x05, 0x5a, 0x00, 0x2a, 0x00, 0x76, 0x40, 0x41, 0x27, 0x24, 0x12, 0x12, 0x06, 0x2c,
    0x1d, 0x1e, 0x1e, 0x07, 0x06, 0x17, 0x24, 0x24, 0x0c, 0x00, 0x06, 0x00, 0x2b, 0x2c, 0x27, 0x12,
    0x11, 0x12, 0x11, 0x73, 0x59, 0x0f, 0x12, 0x01, 0x17, 0x03, 0x12, 0x12, 0x03, 0x21, 0x1d, 0x1d,
    0x21, 0x21, 0x1a, 0x73, 0x59, 0x21, 0x07, 0x03, 0x09, 0x73, 0x59, 0x40, 0x07, 0x90, 0x07, 0x02,
    0x40, 0x07, 0x90, 0x07, 0xf0, 0x07, 0x03, 0x07, 0x07, 0x03, 0x19, 0x00, 0x3f, 0x33, 0x2f, 0x5d,
    0x71, 0x2b, 0x00, 0x18, 0x3f, 0x2b, 0x11, 0x00, 0x33, 0x18, 0x2f, 0x11, 0x12, 0x39, 0x2f, 0x5f,
    0x5e, 0x5d, 0x2b, 0x11, 0x12, 0x00, 0x39, 0x11, 0x12, 0x01, 0x39, 0x39, 0x11, 0x33, 0x33, 0x11,
    0x33, 0x11, 0x33, 0x33, 0x11, 0x33, 0x11, 0x12, 0x39, 0x11, 0x12, 0x39, 0x31, 0x30, 0x01, 0x14,
    0x06, 0x23, 0x22, 0x24, 0x27, 0x37, 0x16, 0x21, 0x32, 0x36, 0x35, 0x34, 0x2e, 0x01, 0x2b, 0x01,
    0x35, 0x33, 0x32, 0x3e, 0x01, 0x35, 0x34, 0x26, 0x23, 0x22, 0x06, 0x07, 0x27, 0x3e, 0x01, 0x33,
    0x32, 0x16, 0x15, 0x14, 0x06, 0x07, 0x15, 0x1e, 0x01, 0x04, 0x4b, 0xfc, 0xe2, 0xd6, 0xff, 0x00,
    0x17, 0xba, 0x24, 0x01, 0x0f, 0x88, 0x9b, 0x5b, 0x9c, 0x61, 0x66, 0x62, 0x56, 0x8f, 0x52, 0x85,
    0x83, 0x77, 0x93, 0x0c, 0xb5, 0x14, 0xf7, 0xc2, 0xd4, 0xeb, 0x9e, 0x89, 0x97, 0xb7, 0x01, 0x72,
    0xba, 0xcc, 0xc2, 0xbc, 0x11, 0xfa, 0x7e, 0x79, 0x4b, 0x67, 0x37, 0x9c, 0x39, 0x68, 0x47, 0x6a,
    0x77, 0x7a, 0x6f, 0x0e, 0xad, 0xc2, 0xbb, 0xa7, 0x77, 0xb0, 0x1c, 0x04, 0x11, 0xb2, 0x00, 0x02,
    0x00, 0x67, 0x00, 0x00, 0x04, 0x65, 0x05, 0x45, 0x00, 0x0a, 0x00, 0x0d, 0x00, 0x46, 0x40, 0x27,
    0x0c, 0x05, 0x0d, 0x06, 0x02, 0x08, 0x09, 0x02, 0x03, 0x01, 0x05, 0x01, 0x0e, 0x0f, 0x00, 0x04,
    0x0c, 0x04, 0x73, 0x59, 0x08, 0x05, 0x0f, 0x0c, 0x1f, 0x0c, 0x2f, 0x0c, 0x6f, 0x0c, 0x04, 0x0c,
    0x0c, 0x01, 0x0b, 0x06, 0x06, 0x01, 0x18, 0x00, 0x3f, 0x3f, 0x33, 0x12, 0x39, 0x2f, 0x5d, 0x33,
    0x33, 0x2b, 0x11, 0x00, 0x33, 0x11, 0x12, 0x01, 0x39, 0x39, 0x11, 0x17, 0x33, 0x11, 0x33, 0x33,
    0x11, 0x33, 0x31, 0x30, 0x01, 0x11, 0x23, 0x11, 0x21, 0x35, 0x01, 0x33, 0x11, 0x33, 0x15, 0x09,
    0x01, 0x21, 0x03, 0xa9, 0xb4, 0xfd, 0x72, 0x02, 0x7b, 0xc7, 0xbc, 0xfe, 0x90, 0xfe, 0x0c, 0x01,
    0xf4, 0x01, 0x3f, 0xfe, 0xc1, 0x01, 0x3f, 0x8c, 0x03, 0x7a, 0xfc, 0x88, 0x8e, 0x03, 0x43, 0xfd,
    0x4b, 0x00, 0x00, 0x01, 0x00, 0x80, 0xff, 0xec, 0x04, 0x4b, 0x05, 0x45, 0x00, 0x1d, 0x00, 0x58,
    0x40, 0x2d, 0x19, 0x18, 0x13, 0x13, 0x15, 0x14, 0x14, 0x08, 0x07, 0x0d, 0x16, 0x00, 0x07, 0x00,
    0x1e, 0x1f, 0x14, 0x19, 0x73, 0x59, 0x14, 0x14, 0x1b, 0x1b, 0x10, 0x73, 0x59, 0x1b, 0x1b, 0x04,
    0x15, 0x15, 0x18, 0x73, 0x59, 0x15, 0x06, 0x04, 0x0a, 0x73, 0x59, 0x08, 0x08, 0x04, 0x19, 0x00,
    0x3f, 0x33, 0x2f, 0x2b, 0x00, 0x18, 0x3f, 0x2b, 0x11, 0x12, 0x00, 0x39, 0x18, 0x2f, 0x2b, 0x11,
    0x00, 0x33, 0x18, 0x2f, 0x2b, 0x11, 0x12, 0x01, 0x39, 0x39, 0x11, 0x33, 0x33, 0x11, 0x33, 0x33,
    0x11, 0x33, 0x33, 0x11, 0x33, 0x33, 0x31, 0x30, 0x01, 0x14, 0x0e, 0x01, 0x23, 0x22, 0x26, 0x27,
    0x37, 0x16, 0x33, 0x32, 0x36, 0x35, 0x34, 0x26, 0x23, 0x22, 0x06, 0x07, 0x23, 0x13, 0x21, 0x15,
    0x21, 0x03, 0x36, 0x33, 0x32, 0x16, 0x04, 0x4b, 0x76, 0xe3, 0x9b, 0xc5, 0xf2, 0x20, 0xb6, 0x39,
    0xec, 0x8d, 0xa8, 0xa6, 0x8b, 0x49, 0x7e, 0x3f, 0xb0, 0x2f, 0x03, 0x21, 0xfd, 0x85, 0x1d, 0x75,
    0xae, 0xcc, 0xfb, 0x01, 0xbc, 0x8b, 0xd2, 0x73, 0xac, 0xa3, 0x15, 0xd1, 0xa8, 0x91, 0x7c, 0x9e,
    0x2e, 0x37, 0x02, 0xd8, 0x91, 0xfe, 0x57, 0x5a, 0xeb, 0x00, 0x00, 0x02, 0x00, 0x97, 0xff, 0xec,
    0x04, 0x48, 0x05, 0x5a, 0x00, 0x16, 0x00, 0x23, 0x00, 0x5b, 0x40, 0x32, 0x11, 0x1e, 0x1e, 0x06,
    0x0c, 0x0b, 0x0b, 0x17, 0x00, 0x06, 0x00, 0x24, 0x25, 0x14, 0x1a, 0x73, 0x59, 0x5f, 0x14, 0x01,
    0x00, 0x14, 0x10, 0x14, 0x02, 0x0a, 0x03, 0x14, 0x14, 0x03, 0x09, 0x09, 0x0e, 0x73, 0x59, 0x0f,
    0x0c, 0x01, 0x11, 0x03, 0x0c, 0x0c, 0x09, 0x07, 0x03, 0x21, 0x73, 0x59, 0x03, 0x19, 0x00, 0x3f,
    0x2b, 0x00, 0x18, 0x3f, 0x33, 0x2f, 0x5f, 0x5e, 0x5d, 0x2b, 0x11, 0x12, 0x00, 0x39, 0x18, 0x2f,
    0x5f, 0x5e, 0x5d, 0x5d, 0x2b, 0x11, 0x12, 0x01, 0x39, 0x39, 0x11, 0x33, 0x33, 0x11, 0x33, 0x11,
    0x33, 0x11, 0x33, 0x31, 0x30, 0x01, 0x14, 0x06, 0x23, 0x22, 0x02, 0x11, 0x10, 0x00, 0x33, 0x20,
    0x13, 0x07, 0x26, 0x23, 0x22, 0x02, 0x15, 0x3e, 0x01, 0x33, 0x32, 0x16, 0x07, 0x34, 0x26, 0x23,
    0x22, 0x0e, 0x01, 0x15, 0x14, 0x16, 0x33, 0x32, 0x36, 0x04, 0x48, 0xf3, 0xd4, 0xec, 0xfe, 0x01,
    0x08, 0xf0, 0x01, 0x3f, 0x53, 0xac, 0x35, 0xb3, 0x99, 0xaa, 0x31, 0xb2, 0x73, 0xc0, 0xe8, 0xb7,
    0x99, 0x83, 0x4a, 0x84, 0x4b, 0xa1, 0x7e, 0x7f, 0x97, 0x01, 0xbe, 0xd4, 0xfe, 0x01, 0x59, 0x01,
    0x3d, 0x01, 0x5c, 0x01, 0x7c, 0xfe, 0xe1, 0x1f, 0xac, 0xfe, 0xea, 0xfb, 0x5b, 0x5f, 0xed, 0xce,
    0x90, 0xa0, 0x43, 0x77, 0x4b, 0x98, 0xcc, 0xa8, 0x00, 0x01, 0x00, 0x9e, 0x00, 0x00, 0x04, 0x2d,
    0x05, 0x45, 0x00, 0x09, 0x00, 0x2c, 0x40, 0x15, 0x02, 0x03, 0x03, 0x07, 0x0b, 0x06, 0x00, 0x07,
    0x00, 0x0a, 0x0b, 0x00, 0x07, 0x08, 0x07, 0x73, 0x59, 0x08, 0x06, 0x02, 0x18, 0x00, 0x3f, 0x3f,
    0x2b, 0x11, 0x00, 0x33, 0x11, 0x12, 0x01, 0x39, 0x39, 0x11, 0x33, 0x11, 0x12, 0x39, 0x11, 0x33,
    0x31, 0x30, 0x01, 0x00, 0x11, 0x23, 0x10, 0x12, 0x13, 0x21, 0x35, 0x21, 0x04, 0x2d, 0xfe, 0x27,
    0xbc, 0xf5, 0xf2, 0xfd, 0x1f, 0x03, 0x8f, 0x04, 0xba, 0xfd, 0x58, 0xfd, 0xee, 0x01, 0x07, 0x02,
    0x61, 0x01, 0x4c, 0x91, 0x00, 0x03, 0x00, 0x85, 0xff, 0xec, 0x04, 0x46, 0x05, 0x5a, 0x00, 0x1b,
    0x00, 0x26, 0x00, 0x32, 0x00, 0x6a, 0x40, 0x39, 0x18, 0x15, 0x2d, 0x0a, 0x27, 0x0d, 0x1c, 0x15,
    0x22, 0x0d, 0x0d, 0x2d, 0x06, 0x15, 0x27, 0x00, 0x06, 0x00, 0x33, 0x34, 0x00, 0x11, 0x10, 0x11,
    0x02, 0x0f, 0x03, 0x1f, 0x03, 0x02, 0x10, 0x05, 0x18, 0x0a, 0x0a, 0x25, 0x2a, 0x25, 0x2a, 0x73,
    0x59, 0x25, 0x25, 0x03, 0x11, 0x11, 0x1f, 0x73, 0x59, 0x11, 0x07, 0x03, 0x30, 0x73, 0x59, 0x03,
    0x19, 0x00, 0x3f, 0x2b, 0x00, 0x18, 0x3f, 0x2b, 0x11, 0x12, 0x00, 0x39, 0x18, 0x2f, 0x2b, 0x11,
    0x12, 0x00, 0x39, 0x11, 0x33, 0x5f, 0x5e, 0x5d, 0x5d, 0x11, 0x12, 0x01, 0x39, 0x39, 0x11, 0x33,
    0x33, 0x11, 0x33, 0x33, 0x11, 0x33, 0x11, 0x33, 0x11, 0x12, 0x39, 0x11, 0x12, 0x39, 0x31, 0x30,
    0x01, 0x14, 0x06, 0x23, 0x22, 0x26, 0x35, 0x34, 0x36, 0x37, 0x35, 0x2e, 0x01, 0x35, 0x34, 0x3e,
    0x01, 0x33, 0x32, 0x1e, 0x01, 0x15, 0x14, 0x06, 0x07, 0x15, 0x1e, 0x01, 0x03, 0x34, 0x26, 0x23,
    0x22, 0x06, 0x15, 0x14, 0x16, 0x33, 0x20, 0x13, 0x34, 0x26, 0x23, 0x22, 0x06, 0x15, 0x14, 0x16,
    0x33, 0x32, 0x36, 0x04, 0x46, 0xf9, 0xe7, 0xe2, 0xff, 0x9e, 0x7b, 0x70, 0x88, 0x6f, 0xca, 0x83,
    0x89, 0xcc, 0x6c, 0x8a, 0x70, 0x82, 0x9b, 0xde, 0x87, 0x7f, 0x7b, 0x89, 0x8a, 0x7c, 0x01, 0x04,
    0x23, 0x9c, 0x8d, 0x88, 0x9b, 0x97, 0x92, 0x93, 0x90, 0x01, 0x7a, 0xb8, 0xd6, 0xd2, 0xba, 0x81,
    0xb5, 0x15, 0x04, 0x1b, 0xae, 0x70, 0x62, 0xa0, 0x58, 0x59, 0x9e, 0x65, 0x71, 0xae, 0x16, 0x04,
    0x15, 0xb1, 0x01, 0xf5, 0x6f, 0x71, 0x72, 0x6e, 0x6f, 0x7a, 0xfe, 0x80, 0x78, 0x81, 0x8b, 0x72,
    0x87, 0x8d, 0x8a, 0x00, 0x00, 0x02, 0x00, 0x8d, 0xff, 0xec, 0x04, 0x3f, 0x05, 0x5a, 0x00, 0x16,
    0x00, 0x23, 0x00, 0x5f, 0x40, 0x38, 0x07, 0x06, 0x06, 0x1d, 0x12, 0x0c, 0x17, 0x17, 0x00, 0x12,
    0x00, 0x24, 0x25, 0x0f, 0x20, 0x73, 0x59, 0x0c, 0x0f, 0x0f, 0x1f, 0x0f, 0x9f, 0x0f, 0xaf, 0x0f,
    0xef, 0x0f, 0xff, 0x0f, 0x06, 0x0a, 0x03, 0x0f, 0x0f, 0x03, 0x15, 0x15, 0x1a, 0x73, 0x59, 0x15,
    0x07, 0x03, 0x09, 0x73, 0x59, 0x70, 0x07, 0x80, 0x07, 0x02, 0x07, 0x07, 0x03, 0x19, 0x00, 0x3f,
    0x33, 0x2f, 0x5d, 0x2b, 0x00, 0x18, 0x3f, 0x2b, 0x11, 0x12, 0x00, 0x39, 0x18, 0x2f, 0x5f, 0x5e,
    0x5d, 0x33, 0x2b, 0x11, 0x12, 0x01, 0x39, 0x39, 0x11, 0x33, 0x11, 0x33, 0x11, 0x33, 0x33, 0x11,
    0x33, 0x31, 0x30, 0x01, 0x10, 0x00, 0x23, 0x22, 0x26, 0x27, 0x37, 0x16, 0x33, 0x32, 0x12, 0x37,
    0x0e, 0x01, 0x23, 0x22, 0x02, 0x35, 0x34, 0x36, 0x33, 0x20, 0x03, 0x34, 0x26, 0x23, 0x22, 0x06,
    0x15, 0x14, 0x16, 0x33, 0x32, 0x3e, 0x01, 0x04, 0x3f, 0xfe, 0xf6, 0xf4, 0xa5, 0xc7, 0x2b, 0xac,
    0x36, 0xb8, 0x9a, 0xad, 0x02, 0x28, 0xc2, 0x74, 0xbd, 0xe5, 0xfb, 0xda, 0x01, 0xdd, 0xc4, 0xa0,
    0x7f, 0x82, 0x96, 0x96, 0x80, 0x4c, 0x87, 0x4e, 0x02, 0xbf, 0xfe, 0xa6, 0xfe, 0x87, 0x8b, 0x9b,
    0x1b, 0xb0, 0x01, 0x17, 0xf6, 0x5a, 0x6d, 0x00, 0xff, 0xcd, 0xd4, 0xf7, 0xfe, 0x04, 0xa1, 0xc9,
    0xae, 0x8b, 0x8f, 0xaf, 0x45, 0x7b, 0x00, 0x02, 0x01, 0xf0, 0x00, 0x00, 0x02, 0xdb, 0x04, 0x3a,
    0x00, 0x03, 0x00, 0x07, 0x00, 0x27, 0x40, 0x13, 0x06, 0x03, 0x05, 0x03, 0x00, 0x00, 0x09, 0x08,
    0x05, 0x04, 0x9b, 0x5b, 0x05, 0x0f, 0x00, 0x01, 0x9b, 0x5b, 0x00, 0x00, 0x2f, 0x2b, 0x00, 0x18,
    0x3f, 0x2b, 0x11, 0x12, 0x01, 0x39, 0x11, 0x33, 0x33, 0x11, 0x33, 0x31, 0x30, 0x21, 0x11, 0x33,
    0x11, 0x03, 0x11, 0x33, 0x11, 0x01, 0xf0, 0xeb, 0xeb, 0xeb, 0x01, 0x2b, 0xfe, 0xd5, 0x03, 0x0f,
    0x01, 0x2b, 0xfe, 0xd5, 0x00, 0x02, 0x01, 0x60, 0xfe, 0x95, 0x03, 0x12, 0x04, 0x3a, 0x00, 0x03,
    0x00, 0x07, 0x00, 0x30, 0x40, 0x1a, 0x02, 0x01, 0x01, 0x06, 0x07, 0x04, 0x05, 0x06, 0x04, 0x06,
    0x08, 0x09, 0x05, 0x04, 0x9c, 0x5b, 0x08, 0x05, 0x9b, 0x5b, 0x01, 0x00, 0x9b, 0x5b, 0x01, 0x0f,
    0x00, 0x3f, 0x2b, 0x2b, 0x2b, 0x11, 0x12, 0x01, 0x39, 0x39, 0x11, 0x33, 0x11, 0x33, 0x12, 0x39,
    0x11, 0x33, 0x31, 0x30, 0x01, 0x11, 0x33, 0x11, 0x01, 0x13, 0x21, 0x01, 0x01, 0xf0, 0xeb, 0xfe,
    0x85, 0xa9, 0x01, 0x09, 0xfe, 0xc9, 0x03, 0x0f, 0x01, 0x2b, 0xfe, 0xd5, 0xfb, 0x86, 0x02, 0x96,
    0xfd, 0x6a, 0x00, 0x01, 0x00, 0x74, 0x00, 0x9a, 0x04, 0x57, 0x04, 0xaa, 0x00, 0x06, 0x00, 0x3b,
    0x40, 0x20, 0x04, 0x00, 0x02, 0x06, 0x00, 0x06, 0x07, 0x08, 0x01, 0x00, 0x04, 0x04, 0x02, 0x05,
    0x3f, 0x06, 0x6f, 0x06, 0x7f, 0x06, 0x03, 0x06, 0x40, 0x12, 0x15, 0x48, 0x06, 0x03, 0x0f, 0x02,
    0x01, 0x02, 0x00, 0x2f, 0x5d, 0x33, 0x2f, 0x2b, 0x5d, 0x33, 0x12, 0x39, 0x3d, 0x2f, 0x33, 0x33,
    0x11, 0x12, 0x01, 0x39, 0x39, 0x11, 0x33, 0x11, 0x33, 0x31, 0x30, 0x13, 0x35, 0x01, 0x15, 0x09,
    0x01, 0x15, 0x74, 0x03, 0xe3, 0xfc, 0xa6, 0x03, 0x5a, 0x02, 0x3b, 0xcd, 0x01, 0xa2, 0x9a, 0xfe,
    0x92, 0xfe, 0x91, 0x99, 0x00, 0x02, 0x00, 0x74, 0x01, 0x58, 0x04, 0x57, 0x03, 0xec, 0x00, 0x03,
    0x00, 0x07, 0x00, 0x56, 0x40, 0x3b, 0x04, 0x01, 0x07, 0x02, 0x01, 0x02, 0x08, 0x09, 0x04, 0x05,
    0xad, 0x59, 0x0f, 0x04, 0x6f, 0x04, 0x8f, 0x04, 0x9f, 0x04, 0xaf, 0x04, 0x05, 0x1a, 0x03, 0x04,
    0x40, 0x12, 0x16, 0x48, 0x04, 0x01, 0x00, 0xad, 0x59, 0x30, 0x01, 0x50, 0x01, 0x60, 0x01, 0x70,
    0x01, 0x04, 0x50, 0x01, 0x70, 0x01, 0x80, 0x01, 0xb0, 0x01, 0xd0, 0x01, 0x05, 0x0f, 0x01, 0x01,
    0x01, 0x00, 0x2f, 0x5d, 0x5d, 0x71, 0x2b, 0x00, 0x18, 0x2f, 0x2b, 0x5f, 0x5e, 0x5d, 0x2b, 0x11,
    0x12, 0x01, 0x39, 0x39, 0x11, 0x33, 0x11, 0x33, 0x31, 0x30, 0x13, 0x35, 0x21, 0x15, 0x01, 0x35,
    0x21, 0x15, 0x74, 0x03, 0xe3, 0xfc, 0x1d, 0x03, 0xe3, 0x03, 0x58, 0x94, 0x94, 0xfe, 0x00, 0x94,
    0x94, 0x00, 0x00, 0x01, 0x00, 0x74, 0x00, 0x9a, 0x04, 0x57, 0x04, 0xaa, 0x00, 0x06, 0x00, 0x39,
    0x40, 0x1f, 0x04, 0x00, 0x02, 0x06, 0x00, 0x06, 0x07, 0x08, 0x06, 0x05, 0x02, 0x02, 0x03, 0x0f,
    0x04, 0x01, 0x04, 0x01, 0x3f, 0x00, 0x6f, 0x00, 0x7f, 0x00, 0x03, 0x00, 0x40, 0x12, 0x15, 0x48,
    0x00, 0x00, 0x2f, 0x2b, 0x5d, 0x32, 0x2f, 0x5d, 0x33, 0x39, 0x3d, 0x2f, 0x33, 0x33, 0x11, 0x12,
    0x01, 0x39, 0x39, 0x11, 0x33, 0x11, 0x33, 0x31, 0x30, 0x37, 0x35, 0x09, 0x01, 0x35, 0x01, 0x15,
    0x74, 0x03, 0x5a, 0xfc, 0xa6, 0x03, 0xe3, 0x9a, 0x99, 0x01, 0x6f, 0x01, 0x6e, 0x9a, 0xfe, 0x5e,
    0xcd, 0x00, 0x00, 0x02, 0x00, 0x5e, 0x00, 0x00, 0x04, 0x31, 0x05, 0x5a, 0x00, 0x1d, 0x00, 0x21,
    0x00, 0x45, 0x40, 0x21, 0x08, 0x21, 0x21, 0x09, 0x1e, 0x1e, 0x00, 0x17, 0x18, 0x11, 0x00, 0x18,
    0x00, 0x22, 0x23, 0x09, 0x09, 0x1b, 0x1e, 0x1e, 0x1f, 0x9d, 0x5b, 0x1e, 0x17, 0x17, 0x1b, 0x1b,
    0x14, 0x5f, 0x59, 0x1b, 0x04, 0x00, 0x3f, 0x2b, 0x11, 0x00, 0x33, 0x18, 0x2f, 0x2f, 0x2b, 0x11,
    0x12, 0x00, 0x39, 0x18, 0x2f, 0x11, 0x12, 0x01, 0x39, 0x39, 0x11, 0x33, 0x11, 0x33, 0x12, 0x39,
    0x11, 0x33, 0x33, 0x11, 0x33, 0x31, 0x30, 0x01, 0x14, 0x0e, 0x01, 0x07, 0x0e, 0x02, 0x07, 0x23,
    0x3e, 0x02, 0x37, 0x3e, 0x02, 0x35, 0x34, 0x26, 0x23, 0x22, 0x06, 0x07, 0x27, 0x36, 0x24, 0x33,
    0x32, 0x04, 0x01, 0x35, 0x33, 0x15, 0x04, 0x31, 0x2c, 0x53, 0x5c, 0x6e, 0x47, 0x29, 0x01, 0xaf,
    0x02, 0x2d, 0x4f, 0x5f, 0x6b, 0x43, 0x28, 0x9f, 0x88, 0x87, 0xa9, 0x0e, 0xb8, 0x1a, 0x01, 0x0b,
    0xcf, 0xdf, 0x01, 0x00, 0xfd, 0x8f, 0xc3, 0x03, 0xea, 0x49, 0x72, 0x61, 0x42, 0x50, 0x4a, 0x56,
    0x37, 0x46, 0x6f, 0x5d, 0x47, 0x4e, 0x4a, 0x55, 0x37, 0x6d, 0x75, 0x92, 0x7e, 0x0c, 0xc5, 0xd5,
    0xc1, 0xfb, 0x67, 0xc9, 0xc9, 0x00, 0x00, 0x02, 0x00, 0x2c, 0xfe, 0xe5, 0x04, 0xa5, 0x05, 0xcc,
    0x00, 0x3c, 0x00, 0x49, 0x00, 0x8f, 0x40, 0x52, 0x18, 0x1b, 0x17, 0x3d, 0x1b, 0x03, 0x05, 0x2d,
    0x2e, 0x44, 0x0e, 0x0e, 0x05, 0x2e, 0x03, 0x35, 0x20, 0x00, 0x27, 0x35, 0x00, 0x35, 0x4a, 0x4b,
    0x1d, 0x46, 0x0b, 0x46, 0xd6, 0x59, 0x07, 0x03, 0x0b, 0x12, 0x40, 0xd6, 0x59, 0x17, 0x17, 0x09,
    0x15, 0x01, 0x0a, 0x15, 0x12, 0x0f, 0x0b, 0x1f, 0x0b, 0x5f, 0x0b, 0x6f, 0x0b, 0x7f, 0x0b, 0x05,
    0x0b, 0x00, 0x12, 0x01, 0x0c, 0x03, 0x2d, 0x0b, 0x12, 0x12, 0x0b, 0x2d, 0x03, 0x31, 0x39, 0x39,
    0x23, 0xd5, 0x59, 0x39, 0x00, 0x31, 0x2a, 0xd5, 0x59, 0x31, 0x00, 0x2f, 0x2b, 0x00, 0x18, 0x3f,
    0x2b, 0x11, 0x12, 0x00, 0x17, 0x39, 0x18, 0x2f, 0x2f, 0x2f, 0x5f, 0x5e, 0x5d, 0x5e, 0x5d, 0x11,
    0x33, 0x5e, 0x5d, 0x33, 0x2f, 0x2b, 0x11, 0x00, 0x33, 0x33, 0x2b, 0x11, 0x00, 0x33, 0x11, 0x12,
    0x01, 0x39, 0x39, 0x11, 0x33, 0x11, 0x33, 0x12, 0x17, 0x39, 0x11, 0x33, 0x11, 0x33, 0x11, 0x17,
    0x33, 0x11, 0x33, 0x31, 0x30, 0x01, 0x10, 0x02, 0x23, 0x22, 0x3d, 0x01, 0x37, 0x23, 0x0e, 0x01,
    0x23, 0x22, 0x26, 0x35, 0x34, 0x12, 0x36, 0x33, 0x32, 0x16, 0x17, 0x33, 0x37, 0x33, 0x03, 0x06,
    0x15, 0x14, 0x33, 0x32, 0x12, 0x35, 0x10, 0x02, 0x23, 0x22, 0x06, 0x02, 0x15, 0x10, 0x12, 0x33,
    0x32, 0x36, 0x37, 0x17, 0x0e, 0x01, 0x23, 0x22, 0x26, 0x02, 0x35, 0x10, 0x12, 0x24, 0x33, 0x32,
    0x16, 0x12, 0x05, 0x34, 0x26, 0x23, 0x22, 0x0e, 0x01, 0x15, 0x10, 0x33, 0x32, 0x36, 0x12, 0x04,
    0xa5, 0xa5, 0x8c, 0x8f, 0x02, 0x06, 0x22, 0x7b, 0x4e, 0x6a, 0x77, 0x61, 0xa7, 0x67, 0x47, 0x5b,
    0x16, 0x05, 0x20, 0x74, 0x63, 0x28, 0x31, 0x4e, 0x63, 0xda, 0xb4, 0x94, 0xe4, 0x7c, 0xe8, 0xca,
    0x5e, 0xae, 0x65, 0x47, 0x73, 0xd8, 0x77, 0xa5, 0xfb, 0x86, 0x9a, 0x01, 0x1e, 0xbc, 0x9e, 0xe9,
    0x7e, 0xfe, 0x62, 0x46, 0x3b, 0x3f, 0x6a, 0x41, 0x72, 0x4a, 0x76, 0x39, 0x02, 0xf3, 0xfe, 0xd6,
    0xfe, 0x9f, 0x9d, 0x08, 0x1e, 0x58, 0x6b, 0xc8, 0xb9, 0xa1, 0x01, 0x1e, 0xa5, 0x53, 0x5a, 0x97,
    0xfe, 0x05, 0xd2, 0x44, 0x58, 0x01, 0x2a, 0xf9, 0x01, 0x12, 0x01, 0x55, 0xd7, 0xfe, 0x7a, 0xf9,
    0xfe, 0xcb, 0xfe, 0x8e, 0x46, 0x58, 0x57, 0x63, 0x5a, 0xc2, 0x01, 0x6d, 0xee, 0x01, 0x1e, 0x01,
    0xbb, 0xf1, 0xb5, 0xfe, 0xb5, 0xbc, 0x6a, 0x6d, 0x85, 0xf3, 0x84, 0xfe, 0xe7, 0xbe, 0x01, 0x3a,
    0x00, 0x02, 0x00, 0x00, 0x00, 0x00, 0x04, 0xcc, 0x05, 0x45, 0x00, 0x07, 0x00, 0x0d, 0x00, 0x53,
    0x40, 0x2a, 0x0b, 0x02, 0x03, 0x0c, 0x01, 0x00, 0x06, 0x05, 0x08, 0x08, 0x04, 0x00, 0x07, 0x07,
    0x03, 0x04, 0x04, 0x0f, 0x0e, 0x07, 0x01, 0x02, 0x0b, 0x02, 0x5f, 0x59, 0x0c, 0x0b, 0x0b, 0x5a,
    0x08, 0x01, 0x4b, 0x08, 0x01, 0x08, 0x06, 0x05, 0x03, 0x04, 0x00, 0x12, 0x00, 0x3f, 0x32, 0x3f,
    0x33, 0x33, 0x5d, 0x5d, 0x39, 0x2f, 0x33, 0x2b, 0x11, 0x00, 0x33, 0x18, 0x2f, 0x11, 0x12, 0x01,
    0x39, 0x11, 0x33, 0x32, 0x11, 0x33, 0x12, 0x39, 0x11, 0x33, 0x33, 0x12, 0x39, 0x39, 0x12, 0x39,
    0x39, 0x31, 0x30, 0x21, 0x03, 0x21, 0x03, 0x23, 0x01, 0x33, 0x09, 0x01, 0x0f, 0x01, 0x03, 0x21,
    0x03, 0x04, 0x0a, 0x8a, 0xfd, 0xcd, 0x89, 0xc4, 0x01, 0xfe, 0xd9, 0x01, 0xf5, 0xfd, 0x9c, 0x0c,
    0x45, 0x97, 0x01, 0xcf, 0xad, 0x01, 0x7e, 0xfe, 0x82, 0x05, 0x45, 0xfa, 0xbb, 0x04, 0xb5, 0x27,
    0xd4, 0xfe, 0x59, 0x01, 0xf4, 0x00, 0x00, 0x03, 0x00, 0xa2, 0x00, 0x00, 0x04, 0x80, 0x05, 0x45,
    0x00, 0x0d, 0x00, 0x15, 0x00, 0x1e, 0x00, 0x50, 0x40, 0x28, 0x0b, 0x1b, 0x0e, 0x08, 0x08, 0x04,
    0x00, 0x13, 0x1b, 0x1b, 0x04, 0x16, 0x00, 0x04, 0x00, 0x1f, 0x20, 0x0b, 0x13, 0x1a, 0x13, 0x1a,
    0x5f, 0x59, 0x13, 0x13, 0x04, 0x05, 0x05, 0x12, 0x5f, 0x59, 0x05, 0x03, 0x04, 0x1b, 0x5f, 0x59,
    0x04, 0x12, 0x00, 0x3f, 0x2b, 0x00, 0x18, 0x3f, 0x2b, 0x11, 0x12, 0x00, 0x39, 0x18, 0x2f, 0x2b,
    0x11, 0x12, 0x00, 0x39, 0x11, 0x12, 0x01, 0x39, 0x39, 0x11, 0x33, 0x11, 0x33, 0x11, 0x33, 0x11,
    0x12, 0x39, 0x11, 0x33, 0x12, 0x39, 0x31, 0x30, 0x01, 0x14, 0x04, 0x23, 0x21, 0x11, 0x21, 0x20,
    0x11, 0x14, 0x06, 0x07, 0x1e, 0x01, 0x01, 0x34, 0x26, 0x2b, 0x01, 0x11, 0x33, 0x20, 0x13, 0x34,
    0x26, 0x2b, 0x01, 0x11, 0x21, 0x32, 0x36, 0x04, 0x80, 0xfe, 0xee, 0xf4, 0xfe, 0x28, 0x01, 0x9c,
    0x01, 0xf0, 0x90, 0x7c, 0xa7, 0xb7, 0xfe, 0xee, 0x97, 0x97, 0xdf, 0xe1, 0x01, 0x2c, 0x51, 0xb2,
    0xb0, 0xfc, 0x01, 0x0a, 0xaf, 0xa5, 0x01, 0x7c, 0xb4, 0xc8, 0x05, 0x45, 0xfe, 0xb9, 0x7a, 0xa4,
    0x19, 0x12, 0xb2, 0x01, 0xe3, 0x6b, 0x5b, 0xfe, 0x60, 0xfe, 0x81, 0x72, 0x78, 0xfe, 0x22, 0x79,
    0x00, 0x01, 0x00, 0x71, 0xff, 0xec, 0x04, 0x76, 0x05, 0x5a, 0x00, 0x16, 0x00, 0x65, 0x40, 0x3f,
    0x11, 0x10, 0x10, 0x06, 0x07, 0x07, 0x18, 0x00, 0x0c, 0x0c, 0x17, 0x18, 0x00, 0x0e, 0x10, 0x0e,
    0x02, 0x0f, 0x09, 0x1f, 0x09, 0x02, 0x0d, 0x05, 0x0e, 0x14, 0x5f, 0x59, 0x11, 0x11, 0x0e, 0x04,
    0x00, 0x06, 0x30, 0x06, 0x40, 0x06, 0x03, 0x00, 0x06, 0x50, 0x06, 0xa0, 0x06, 0xb0, 0x06, 0xe0,
    0x06, 0xf0, 0x06, 0x06, 0x0c, 0x03, 0x06, 0x06, 0x09, 0x09, 0x03, 0x5f, 0x59, 0x09, 0x13, 0x00,
    0x3f, 0x2b, 0x11, 0x00, 0x33, 0x18, 0x2f, 0x5f, 0x5e, 0x5d, 0x71, 0x3f, 0x33, 0x2f, 0x2b, 0x00,
    0x5f, 0x5e, 0x5d, 0x5d, 0x11, 0x12, 0x01, 0x39, 0x11, 0x33, 0x12, 0x39, 0x11, 0x33, 0x33, 0x11,
    0x33, 0x31, 0x30, 0x01, 0x10, 0x12, 0x33, 0x32, 0x36, 0x37, 0x17, 0x02, 0x21, 0x20, 0x00, 0x11,
    0x10, 0x21, 0x20, 0x13, 0x07, 0x2e, 0x01, 0x23, 0x22, 0x02, 0x01, 0x3a, 0xab, 0xb0, 0x65, 0xa4,
    0x39, 0x9f, 0x95, 0xfe, 0xb2, 0xfe, 0xf9, 0xfe, 0xe5, 0x02, 0x18, 0x01, 0x53, 0x7f, 0xa8, 0x25,
    0x9d, 0x67, 0xab, 0xa5, 0x02, 0xa9, 0xfe, 0xef, 0xfe, 0xef, 0x89, 0x91, 0x41, 0xfe, 0x8c, 0x01,
    0x6a, 0x01, 0x53, 0x02, 0xb1, 0xfe, 0xb1, 0x41, 0x71, 0x83, 0xfe, 0xfe, 0x00, 0x02, 0x00, 0xa2,
    0x00, 0x00, 0x04, 0x65, 0x05, 0x45, 0x00, 0x08, 0x00, 0x11, 0x00, 0x28, 0x40, 0x14, 0x0e, 0x04,
    0x09, 0x00, 0x04, 0x00, 0x12, 0x13, 0x05, 0x0d, 0x5f, 0x59, 0x05, 0x03, 0x04, 0x0e, 0x5f, 0x59,
    0x04, 0x12, 0x00, 0x3f, 0x2b, 0x00, 0x18, 0x3f, 0x2b, 0x11, 0x12, 0x01, 0x39, 0x39, 0x11, 0x33,
    0x11, 0x33, 0x31, 0x30, 0x01, 0x10, 0x00, 0x29, 0x01, 0x11, 0x21, 0x20, 0x00, 0x03, 0x10, 0x26,
    0x2b, 0x01, 0x11, 0x33, 0x32, 0x12, 0x04, 0x65, 0xfe, 0xcd, 0xfe, 0xe2, 0xfe, 0x8e, 0x01, 0x37,
    0x01, 0x49, 0x01, 0x43, 0xc0, 0xdc, 0xef, 0x79, 0xa2, 0xd4, 0xce, 0x02, 0xb0, 0xfe, 0xb5, 0xfe,
    0x9b, 0x05, 0x45, 0xfe, 0xb7, 0xfe, 0xb4, 0x01, 0x08, 0xf1, 0xfb, 0xf3, 0x01, 0x0a, 0x00, 0x01,
    0x00, 0xa2, 0x00, 0x00, 0x04, 0x62, 0x05, 0x45, 0x00, 0x0b, 0x00, 0x57, 0x40, 0x36, 0x05, 0x09,
    0x09, 0x00, 0x03, 0x0a, 0x0a, 0x07, 0x00, 0x03, 0x0c, 0x0d, 0x05, 0x08, 0x5f, 0x59, 0x1f, 0x05,
    0x2f, 0x05, 0x02, 0x0f, 0x05, 0x2f, 0x05, 0x3f, 0x05, 0x5f, 0x05, 0x7f, 0x05, 0xaf, 0x05, 0xdf,
    0x05, 0x07, 0x1f, 0x03, 0x05, 0x05, 0x00, 0x01, 0x01, 0x04, 0x5f, 0x59, 0x01, 0x03, 0x00, 0x09,
    0x5f, 0x59, 0x00, 0x12, 0x00, 0x3f, 0x2b, 0x00, 0x18, 0x3f, 0x2b, 0x11, 0x12, 0x00, 0x39, 0x18,
    0x2f, 0x5f, 0x5e, 0x5d, 0x71, 0x2b, 0x11, 0x12, 0x01, 0x17, 0x39, 0x11, 0x33, 0x11, 0x33, 0x11,
    0x33, 0x31, 0x30, 0x33, 0x11, 0x21, 0x15, 0x21, 0x11, 0x21, 0x15, 0x21, 0x11, 0x21, 0x15, 0xa2,
    0x03, 0x97, 0xfd, 0x28, 0x02, 0x9c, 0xfd, 0x64, 0x03, 0x01, 0x05, 0x45, 0x9c, 0xfe, 0x5a, 0x9a,
    0xfe, 0x33, 0x9c, 0x00, 0x00, 0x01, 0x00, 0xc2, 0x00, 0x00, 0x04, 0x3d, 0x05, 0x45, 0x00, 0x09,
    0x00, 0x4c, 0x40, 0x2f, 0x01, 0x05, 0x05, 0x06, 0x08, 0x02, 0x06, 0x03, 0x0a, 0x0b, 0x01, 0x04,
    0x5f, 0x59, 0x0f, 0x01, 0x4f, 0x01, 0x5f, 0x01, 0x03, 0x0f, 0x01, 0x3f, 0x01, 0x6f, 0x01, 0x03,
    0x0c, 0x03, 0x01, 0x40, 0x15, 0x29, 0x48, 0x01, 0x01, 0x05, 0x07, 0x07, 0x00, 0x5f, 0x59, 0x07,
    0x03, 0x05, 0x12, 0x00, 0x3f, 0x3f, 0x2b, 0x11, 0x12, 0x00, 0x39, 0x18, 0x2f, 0x2b, 0x5f, 0x5e,
    0x5d, 0x72, 0x2b, 0x11, 0x12, 0x01, 0x17, 0x39, 0x11, 0x33, 0x11, 0x33, 0x31, 0x30, 0x01, 0x11,
    0x21, 0x15, 0x21, 0x11, 0x23, 0x11, 0x21, 0x15, 0x01, 0x81, 0x02, 0xa4, 0xfd, 0x5c, 0xbf, 0x03,
    0x7b, 0x04, 0xa9, 0xfe, 0x12, 0x9e, 0xfd, 0xe3, 0x05, 0x45, 0x9c, 0x00, 0x00, 0x01, 0x00, 0x71,
    0xff, 0xec, 0x04, 0x4f, 0x05, 0x5a, 0x00, 0x19, 0x00, 0x50, 0x40, 0x0e, 0x17, 0x1b, 0x10, 0x05,
    0x0b, 0x0a, 0x15, 0x0a, 0x00, 0x05, 0x00, 0x1a, 0x1b, 0x08, 0xb8, 0xff, 0xf0, 0x40, 0x19, 0x0d,
    0x11, 0x48, 0x18, 0x17, 0x5f, 0x59, 0x18, 0x18, 0x02, 0x08, 0x08, 0x0d, 0x5f, 0x59, 0x0b, 0x0b,
    0x08, 0x04, 0x02, 0x12, 0x5f, 0x59, 0x02, 0x13, 0x00, 0x3f, 0x2b, 0x00, 0x18, 0x3f, 0x33, 0x2f,
    0x2b, 0x11, 0x12, 0x00, 0x39, 0x18, 0x2f, 0x2b, 0x00, 0x2b, 0x11, 0x12, 0x01, 0x39, 0x39, 0x11,
    0x33, 0x33, 0x11, 0x33, 0x11, 0x33, 0x12, 0x39, 0x31, 0x30, 0x25, 0x06, 0x23, 0x22, 0x00, 0x11,
    0x10, 0x00, 0x21, 0x20, 0x13, 0x07, 0x26, 0x23, 0x22, 0x06, 0x11, 0x10, 0x21, 0x32, 0x36, 0x37,
    0x11, 0x21, 0x35, 0x21, 0x04, 0x4d, 0xe5, 0xe9, 0xfa, 0xfe, 0xec, 0x01, 0x08, 0x01, 0x09, 0x01,
    0x5a, 0x73, 0xab, 0x50, 0xd0, 0xa9, 0xa1, 0x01, 0x55, 0x44, 0x92, 0x2e, 0xfe, 0xdb, 0x01, 0xdf,
    0x85, 0x99, 0x01, 0x73, 0x01, 0x4a, 0x01, 0x5b, 0x01, 0x56, 0xfe, 0xb5, 0x38, 0xe7, 0xfc, 0xfe,
    0xe7, 0xfd, 0xde, 0x2a, 0x20, 0x01, 0x50, 0xa0, 0x00, 0x01, 0x00, 0xa2, 0x00, 0x00, 0x04, 0x2a,
    0x05, 0x45, 0x00, 0x0b, 0x00, 0x3b, 0x40, 0x20, 0x07, 0x03, 0x03, 0x04, 0x08, 0x00, 0x00, 0x0b,
    0x04, 0x0b, 0x0c, 0x0d, 0x07, 0x02, 0x5f, 0x59, 0x50, 0x07, 0x01, 0xa0, 0x07, 0xb0, 0x07, 0x02,
    0x07, 0x07, 0x09, 0x05, 0x03, 0x04, 0x00, 0x12, 0x00, 0x3f, 0x32, 0x3f, 0x33, 0x39, 0x2f, 0x5d,
    0x71, 0x2b, 0x11, 0x12, 0x01, 0x39, 0x39, 0x11, 0x33, 0x11, 0x33, 0x11, 0x33, 0x11, 0x33, 0x31,
    0x30, 0x21, 0x11, 0x21, 0x11, 0x23, 0x11, 0x33, 0x11, 0x21, 0x11, 0x33, 0x11, 0x03, 0x6b, 0xfd,
    0xf6, 0xbf, 0xbf, 0x02, 0x0a, 0xbf, 0x02, 0x6f, 0xfd, 0x91, 0x05, 0x45, 0xfd, 0xca, 0x02, 0x36,
    0xfa, 0xbb, 0x00, 0x01, 0x00, 0xca, 0x00, 0x00, 0x04, 0x01, 0x05, 0x45, 0x00, 0x0b, 0x00, 0x39,
    0x40, 0x1c, 0x06, 0x01, 0x01, 0x04, 0x07, 0x00, 0x04, 0x00, 0x09, 0x09, 0x0c, 0x0d, 0x04, 0x08,
    0x07, 0x08, 0x5f, 0x59, 0x07, 0x12, 0x03, 0x0b, 0x00, 0x0b, 0x5f, 0x59, 0x00, 0x03, 0x00, 0x3f,
    0x2b, 0x11, 0x00, 0x33, 0x18, 0x3f, 0x2b, 0x11, 0x00, 0x33, 0x11, 0x12, 0x01, 0x39, 0x11, 0x33,
    0x33, 0x11, 0x33, 0x11, 0x33, 0x11, 0x33, 0x31, 0x30, 0x13, 0x21, 0x15, 0x21, 0x11, 0x21, 0x15,
    0x21, 0x35, 0x21, 0x11, 0x21, 0xca, 0x03, 0x37, 0xfe, 0xc4, 0x01, 0x3c, 0xfc, 0xc9, 0x01, 0x3c,
    0xfe, 0xc4, 0x05, 0x45, 0x9c, 0xfb, 0xf3, 0x9c, 0x9c, 0x04, 0x0d, 0x00, 0x00, 0x01, 0x00, 0xb0,
    0xff, 0xec, 0x03, 0xda, 0x05, 0x45, 0x00, 0x10, 0x00, 0x30, 0x40, 0x18, 0x0e, 0x12, 0x07, 0x06,
    0x0c, 0x00, 0x06, 0x00, 0x11, 0x12, 0x0f, 0x0e, 0x5f, 0x59, 0x0f, 0x03, 0x03, 0x0a, 0x5f, 0x59,
    0x07, 0x07, 0x03, 0x13, 0x00, 0x3f, 0x33, 0x2f, 0x2b, 0x00, 0x18, 0x3f, 0x2b, 0x11, 0x12, 0x01,
    0x39, 0x39, 0x11, 0x33, 0x11, 0x33, 0x12, 0x39, 0x31, 0x30, 0x01, 0x14, 0x06, 0x23, 0x22, 0x26,
    0x27, 0x37, 0x1e, 0x01, 0x33, 0x32, 0x19, 0x01, 0x21, 0x35, 0x21, 0x03, 0xda, 0xd2, 0xbe, 0xab,
    0xcc, 0x23, 0xbb, 0x12, 0x75, 0x59, 0xd1, 0xfe, 0xc9, 0x01, 0xf5, 0x01, 0xa4, 0xd1, 0xe7, 0xb2,
    0xc0, 0x1f, 0x76, 0x80, 0x01, 0x19, 0x03, 0x09, 0x9c, 0x00, 0x00, 0x01, 0x00, 0xa2, 0x00, 0x00,
    0x04, 0xcb, 0x05, 0x45, 0x00, 0x0b, 0x00, 0x48, 0x40, 0x26, 0x08, 0x09, 0x09, 0x0a, 0x01, 0x03,
    0x00, 0x0b, 0x07, 0x03, 0x03, 0x04, 0x0b, 0x04, 0x0c, 0x0d, 0x01, 0x20, 0x0b, 0x11, 0x48, 0x02,
    0x07, 0x0a, 0x01, 0x76, 0x07, 0x86, 0x07, 0x02, 0x07, 0x01, 0x08, 0x05, 0x03, 0x04, 0x00, 0x12,
    0x00, 0x3f, 0x32, 0x3f, 0x33, 0x39, 0x39, 0x5d, 0x11, 0x33, 0x11, 0x33, 0x2b, 0x11, 0x12, 0x01,
    0x39, 0x39, 0x11, 0x33, 0x11, 0x33, 0x11, 0x33, 0x12, 0x39, 0x39, 0x33, 0x11, 0x33, 0x31, 0x30,
    0x21, 0x01, 0x07, 0x11, 0x23, 0x11, 0x33, 0x11, 0x01, 0x33, 0x09, 0x01, 0x03, 0xeb, 0xfe, 0x19,
    0xa3, 0xbf, 0xbf, 0x02, 0x3c, 0xe1, 0xfe, 0x08, 0x02, 0x45, 0x02, 0x7e, 0xa9, 0xfe, 0x2b, 0x05,
    0x45, 0xfd, 0x5f, 0x02, 0xa1, 0xfd, 0xc4, 0xfc, 0xf7, 0x00, 0x00, 0x01, 0x00, 0xed, 0x00, 0x00,
    0x04, 0x4c, 0x05, 0x45, 0x00, 0x05, 0x00, 0x1f, 0x40, 0x0e, 0x03, 0x00, 0x00, 0x05, 0x06, 0x07,
    0x01, 0x03, 0x00, 0x03, 0x5f, 0x59, 0x00, 0x12, 0x00, 0x3f, 0x2b, 0x00, 0x18, 0x3f, 0x11, 0x12,
    0x01, 0x39, 0x39, 0x11, 0x33, 0x31, 0x30, 0x33, 0x11, 0x33, 0x11, 0x21, 0x15, 0xed, 0xbf, 0x02,
    0xa0, 0x05, 0x45, 0xfb, 0x57, 0x9c, 0x00, 0x01, 0x00, 0x81, 0x00, 0x00, 0x04, 0x4b, 0x05, 0x45,
    0x00, 0x18, 0x00, 0x48, 0x40, 0x16, 0x16, 0x00, 0x00, 0x18, 0x08, 0x07, 0x13, 0x10, 0x0d, 0x0d,
    0x0e, 0x0e, 0x13, 0x18, 0x03, 0x1a, 0x19, 0x04, 0x0b, 0x0b, 0x0f, 0x13, 0xb8, 0xff, 0xc0, 0x40,
    0x0c, 0x0e, 0x11, 0x48, 0x13, 0x08, 0x08, 0x16, 0x0f, 0x03, 0x0e, 0x00, 0x12, 0x00, 0x3f, 0x32,
    0x3f, 0x33, 0x39, 0x2f, 0x33, 0x2b, 0x11, 0x33, 0x11, 0x33, 0x11, 0x12, 0x01, 0x17, 0x39, 0x11,
    0x33, 0x11, 0x33, 0x11, 0x33, 0x33, 0x11, 0x33, 0x11, 0x33, 0x31, 0x30, 0x21, 0x11, 0x34, 0x3f,
    0x01, 0x06, 0x07, 0x03, 0x23, 0x03, 0x26, 0x27, 0x13, 0x11, 0x23, 0x11, 0x33, 0x13, 0x16, 0x17,
    0x3f, 0x01, 0x13, 0x33, 0x11, 0x03, 0xa9, 0x03, 0x03, 0x40, 0x1f, 0xa4, 0x89, 0xa6, 0x12, 0x4e,
    0x04, 0xa0, 0xed, 0xb9, 0x15, 0x2f, 0x1a, 0x2c, 0xb9, 0xe1, 0x03, 0x64, 0x87, 0x42, 0x64, 0xce,
    0x55, 0xfe, 0x4a, 0x01, 0xb6, 0x2e, 0xf5, 0xfe, 0xd3, 0xfc, 0x9c, 0x05, 0x45, 0xfe, 0x17, 0x35,
    0xb2, 0x5a, 0x8c, 0x01, 0xea, 0xfa, 0xbb, 0x00, 0x00, 0x01, 0x00, 0xa2, 0x00, 0x00, 0x04, 0x2a,
    0x05, 0x45, 0x00, 0x0d, 0x00, 0x44, 0x40, 0x26, 0x07, 0x04, 0x04, 0x05, 0x00, 0x0b, 0x0b, 0x0c,
    0x05, 0x0c, 0x0e, 0x0f, 0x0b, 0x8c, 0x01, 0x01, 0x7a, 0x01, 0x01, 0x69, 0x01, 0x01, 0x01, 0x06,
    0x03, 0x83, 0x08, 0x01, 0x75, 0x08, 0x01, 0x66, 0x08, 0x01, 0x08, 0x00, 0x05, 0x12, 0x00, 0x3f,
    0x33, 0x33, 0x5d, 0x5d, 0x5d, 0x3f, 0x33, 0x5d, 0x5d, 0x5d, 0x33, 0x11, 0x12, 0x01, 0x39, 0x39,
    0x11, 0x33, 0x11, 0x33, 0x11, 0x33, 0x11, 0x33, 0x31, 0x30, 0x21, 0x01, 0x16, 0x15, 0x11, 0x23,
    0x11, 0x33, 0x01, 0x26, 0x35, 0x11, 0x33, 0x11, 0x03, 0x44, 0xfd, 0xf8, 0x10, 0xaa, 0xde, 0x02,
    0x10, 0x12, 0xac, 0x04, 0x6a, 0xac, 0x52, 0xfc, 0x94, 0x05, 0x45, 0xfb, 0x8e, 0x90, 0x82, 0x03,
    0x60, 0xfa, 0xbb, 0x00, 0x00, 0x02, 0x00, 0x66, 0xff, 0xec, 0x04, 0x66, 0x05, 0x5a, 0x00, 0x0b,
    0x00, 0x15, 0x00, 0x28, 0x40, 0x14, 0x10, 0x06, 0x0c, 0x00, 0x06, 0x00, 0x16, 0x17, 0x09, 0x0e,
    0x5f, 0x59, 0x09, 0x04, 0x03, 0x13, 0x5f, 0x59, 0x03, 0x13, 0x00, 0x3f, 0x2b, 0x00, 0x18, 0x3f,
    0x2b, 0x11, 0x12, 0x01, 0x39, 0x39, 0x11, 0x33, 0x11, 0x33, 0x31, 0x30, 0x01, 0x10, 0x00, 0x23,
    0x22, 0x00, 0x11, 0x10, 0x00, 0x33, 0x32, 0x00, 0x03, 0x10, 0x21, 0x20, 0x11, 0x10, 0x12, 0x33,
    0x32, 0x12, 0x04, 0x66, 0xfe, 0xf7, 0xf8, 0xf9, 0xfe, 0xfa, 0x01, 0x04, 0xfd, 0xf7, 0x01, 0x08,
    0xc9, 0xfe, 0xca, 0xfe, 0xc8, 0x9e, 0x99, 0xa3, 0x94, 0x02, 0xa9, 0xfe, 0xaf, 0xfe, 0x94, 0x01,
    0x66, 0x01, 0x57, 0x01, 0x51, 0x01, 0x60, 0xfe, 0xa5, 0xfe, 0xaa, 0x02, 0x15, 0xfd, 0xeb, 0xfe,
    0xf2, 0xfe, 0xec, 0x01, 0x18, 0x00, 0x00, 0x02, 0x00, 0xa2, 0x00, 0x00, 0x04, 0x5f, 0x05, 0x45,
    0x00, 0x0b, 0x00, 0x13, 0x00, 0x34, 0x40, 0x1a, 0x0c, 0x00, 0x10, 0x06, 0x06, 0x07, 0x00, 0x07,
    0x15, 0x14, 0x05, 0x10, 0x5f, 0x59, 0x05, 0x05, 0x06, 0x08, 0x08, 0x0f, 0x5f, 0x59, 0x08, 0x03,
    0x06, 0x12, 0x00, 0x3f, 0x3f, 0x2b, 0x11, 0x12, 0x00, 0x39, 0x18, 0x2f, 0x2b, 0x11, 0x12, 0x01,
    0x39, 0x39, 0x11, 0x33, 0x11, 0x33, 0x11, 0x33, 0x31, 0x30, 0x01, 0x14, 0x0e, 0x01, 0x23, 0x21,
    0x11, 0x23, 0x11, 0x21, 0x32, 0x04, 0x07, 0x34, 0x21, 0x23, 0x11, 0x33, 0x32, 0x36, 0x04, 0x5f,
    0x77, 0xdd, 0x91, 0xfe, 0xe7, 0xbf, 0x01, 0xcc, 0xee, 0x01, 0x03, 0xc0, 0xfe, 0xb8, 0xf6, 0xfe,
    0x95, 0xab, 0x03, 0xb1, 0x7d, 0xc4, 0x6e, 0xfd, 0xfe, 0x05, 0x45, 0xd5, 0xc2, 0xfe, 0xfd, 0xed,
    0x92, 0x00, 0x00, 0x02, 0x00, 0x66, 0xfe, 0x7d, 0x04, 0x71, 0x05, 0x5a, 0x00, 0x16, 0x00, 0x20,
    0x00, 0x43, 0x40, 0x24, 0x03, 0x0e, 0x0e, 0x00, 0x1b, 0x11, 0x08, 0x17, 0x00, 0x00, 0x0e, 0x11,
    0x03, 0x21, 0x22, 0x14, 0x19, 0x5f, 0x59, 0x14, 0x04, 0x0e, 0x1e, 0x5f, 0x59, 0x03, 0x0e, 0x13,
    0x0b, 0x06, 0x60, 0x59, 0x5f, 0x0b, 0x01, 0x0b, 0x00, 0x2f, 0x5d, 0x2b, 0x00, 0x18, 0x3f, 0x33,
    0x2b, 0x00, 0x18, 0x3f, 0x2b, 0x11, 0x12, 0x01, 0x17, 0x39, 0x11, 0x33, 0x33, 0x11, 0x33, 0x12,
    0x39, 0x11, 0x33, 0x31, 0x30, 0x01, 0x10, 0x02, 0x07, 0x1e, 0x01, 0x33, 0x32, 0x37, 0x15, 0x06,
    0x23, 0x22, 0x26, 0x27, 0x26, 0x02, 0x11, 0x10, 0x00, 0x33, 0x32, 0x00, 0x03, 0x10, 0x21, 0x20,
    0x11, 0x10, 0x12, 0x33, 0x32, 0x12, 0x04, 0x66, 0xc5, 0xb7, 0x29, 0x86, 0x65, 0x37, 0x3c, 0x5d,
    0x55, 0x96, 0xc3, 0x3f, 0xdb, 0xe6, 0x01, 0x04, 0xfd, 0xf7, 0x01, 0x08, 0xc9, 0xfe, 0xca, 0xfe,
    0xc8, 0x9e, 0x99, 0xa3, 0x94, 0x02, 0xa9, 0xfe, 0xde, 0xfe, 0xa1, 0x2c, 0x7e, 0x72, 0x0d, 0x86,
    0x16, 0xa9, 0xca, 0x16, 0x01, 0x63, 0x01, 0x40, 0x01, 0x51, 0x01, 0x60, 0xfe, 0xa5, 0xfe, 0xaa,
    0x02, 0x15, 0xfd, 0xeb, 0xfe, 0xf2, 0xfe, 0xec, 0x01, 0x18, 0x00, 0x02, 0x00, 0xa2, 0x00, 0x00,
    0x04, 0x99, 0x05, 0x45, 0x00, 0x0d, 0x00, 0x15, 0x00, 0x5f, 0x40, 0x35, 0x00, 0x0d, 0x0d, 0x09,
    0x01, 0x0c, 0x0c, 0x03, 0x0e, 0x09, 0x12, 0x03, 0x03, 0x04, 0x09, 0x04, 0x17, 0x16, 0x0c, 0x02,
    0x12, 0x02, 0x5f, 0x59, 0x4f, 0x12, 0x01, 0x0f, 0x12, 0x3f, 0x12, 0x6f, 0x12, 0xbf, 0x12, 0xef,
    0x12, 0x05, 0x0c, 0x03, 0x12, 0x12, 0x00, 0x05, 0x05, 0x11, 0x5f, 0x59, 0x05, 0x03, 0x04, 0x00,
    0x12, 0x00, 0x3f, 0x32, 0x3f, 0x2b, 0x11, 0x12, 0x00, 0x39, 0x18, 0x2f, 0x5f, 0x5e, 0x5d, 0x71,
    0x2b, 0x11, 0x00, 0x33, 0x11, 0x12, 0x01, 0x39, 0x39, 0x11, 0x33, 0x11, 0x33, 0x11, 0x33, 0x12,
    0x39, 0x11, 0x33, 0x11, 0x33, 0x11, 0x33, 0x31, 0x30, 0x21, 0x01, 0x23, 0x11, 0x23, 0x11, 0x21,
    0x32, 0x16, 0x15, 0x14, 0x06, 0x07, 0x01, 0x03, 0x34, 0x29, 0x01, 0x11, 0x21, 0x32, 0x36, 0x03,
    0xbd, 0xfe, 0x92, 0xee, 0xbf, 0x01, 0xe2, 0xe9, 0xf4, 0xbb, 0x9d, 0x01, 0x90, 0xf8, 0xfe, 0xd0,
    0xfe, 0xf0, 0x01, 0x18, 0x8f, 0x99, 0x02, 0x3f, 0xfd, 0xc1, 0x05, 0x45, 0xc1, 0xb4, 0x95, 0xcc,
    0x1a, 0xfd, 0xab, 0x03, 0xcd, 0xdf, 0xfe, 0x2a, 0x80, 0x00, 0x00, 0x01, 0x00, 0x4f, 0xff, 0xec,
    0x04, 0x68, 0x05, 0x5a, 0x00, 0x2c, 0x00, 0x4a, 0x40, 0x28, 0x06, 0x05, 0x22, 0x16, 0x1d, 0x1c,
    0x0c, 0x00, 0x00, 0x1c, 0x16, 0x05, 0x04, 0x2d, 0x2e, 0x22, 0x0c, 0x19, 0x03, 0x19, 0x20, 0x60,
    0x59, 0x1d, 0x1d, 0x19, 0x04, 0x03, 0x09, 0x5f, 0x59, 0x40, 0x06, 0x50, 0x06, 0x02, 0x06, 0x06,
    0x03, 0x13, 0x00, 0x3f, 0x33, 0x2f, 0x5d, 0x2b, 0x00, 0x18, 0x3f, 0x33, 0x2f, 0x2b, 0x11, 0x12,
    0x00, 0x39, 0x39, 0x11, 0x12, 0x01, 0x17, 0x39, 0x11, 0x33, 0x11, 0x33, 0x11, 0x33, 0x11, 0x33,
    0x31, 0x30, 0x01, 0x14, 0x04, 0x23, 0x20, 0x03, 0x37, 0x1e, 0x01, 0x33, 0x32, 0x36, 0x35, 0x34,
    0x2e, 0x02, 0x27, 0x2e, 0x03, 0x35, 0x34, 0x36, 0x33, 0x32, 0x16, 0x17, 0x07, 0x2e, 0x01, 0x23,
    0x20, 0x15, 0x14, 0x1e, 0x02, 0x17, 0x1e, 0x04, 0x04, 0x68, 0xfe, 0xf3, 0xf9, 0xfe, 0x37, 0x4a,
    0xb9, 0x1c, 0xb0, 0x93, 0x9f, 0xa5, 0x41, 0x6a, 0x85, 0x44, 0xa1, 0x89, 0x52, 0x2a, 0xf3, 0xe3,
    0xd4, 0xe0, 0x2c, 0xbc, 0x18, 0x90, 0x7d, 0xfe, 0xe5, 0x35, 0x5b, 0x79, 0x45, 0x8b, 0x7a, 0x5f,
    0x44, 0x27, 0x01, 0x72, 0xb8, 0xce, 0x01, 0x66, 0x25, 0x81, 0x75, 0x7c, 0x72, 0x46, 0x58, 0x38,
    0x23, 0x11, 0x2a, 0x42, 0x55, 0x6e, 0x4a, 0xad, 0xbb, 0x94, 0xb0, 0x21, 0x70, 0x65, 0xd5, 0x3c,
    0x4b, 0x31, 0x20, 0x12, 0x23, 0x2f, 0x3c, 0x52, 0x6e, 0x00, 0x00, 0x01, 0x00, 0x4c, 0x00, 0x00,
    0x04, 0x80, 0x05, 0x45, 0x00, 0x07, 0x00, 0x26, 0x40, 0x12, 0x07, 0x01, 0x01, 0x04, 0x02, 0x02,
    0x08, 0x09, 0x00, 0x04, 0x05, 0x04, 0x5f, 0x59, 0x05, 0x03, 0x01, 0x12, 0x00, 0x3f, 0x3f, 0x2b,
    0x11, 0x00, 0x33, 0x11, 0x12, 0x01, 0x39, 0x11, 0x33, 0x33, 0x11, 0x33, 0x31, 0x30, 0x01, 0x11,
    0x23, 0x11, 0x21, 0x35, 0x21, 0x15, 0x02, 0xc5, 0xbe, 0xfe, 0x45, 0x04, 0x34, 0x04, 0xa9, 0xfb,
    0x57, 0x04, 0xa9, 0x9c, 0x9c, 0x00, 0x00, 0x01, 0x00, 0x8e, 0xff, 0xec, 0x04, 0x3d, 0x05, 0x45,
    0x00, 0x11, 0x00, 0x25, 0x40, 0x11, 0x09, 0x06, 0x0f, 0x00, 0x06, 0x00, 0x12, 0x13, 0x10, 0x07,
    0x03, 0x03, 0x0c, 0x5f, 0x59, 0x03, 0x13, 0x00, 0x3f, 0x2b, 0x00, 0x18, 0x3f, 0x33, 0x11, 0x12,
    0x01, 0x39, 0x39, 0x11, 0x33, 0x11, 0x33, 0x31, 0x30, 0x01, 0x10, 0x06, 0x23, 0x22, 0x26, 0x19,
    0x01, 0x33, 0x11, 0x14, 0x16, 0x33, 0x32, 0x36, 0x35, 0x11, 0x33, 0x04, 0x3d, 0xe4, 0xfc, 0xf4,
    0xdb, 0xbf, 0x75, 0x9a, 0xa1, 0x82, 0xbe, 0x01, 0xea, 0xfe, 0xf5, 0xf3, 0xeb, 0x01, 0x01, 0x03,
    0x6d, 0xfc, 0xad, 0xcc, 0x9f, 0xa4, 0xd4, 0x03, 0x46, 0x00, 0x00, 0x01, 0x00, 0x0a, 0x00, 0x00,
    0x04, 0xc2, 0x05, 0x45, 0x00, 0x0a, 0x00, 0x32, 0x40, 0x19, 0x03, 0x01, 0x00, 0x06, 0x06, 0x02,
    0x09, 0x0a, 0x02, 0x0a, 0x0b, 0x0c, 0x09, 0x02, 0x03, 0x55, 0x06, 0x01, 0x44, 0x06, 0x01, 0x06,
    0x00, 0x01, 0x12, 0x00, 0x3f, 0x33, 0x33, 0x5d, 0x5d, 0x3f, 0x33, 0x11, 0x12, 0x01, 0x39, 0x39,
    0x11, 0x33, 0x12, 0x39, 0x11, 0x33, 0x33, 0x32, 0x31, 0x30, 0x21, 0x23, 0x01, 0x33, 0x01, 0x16,
    0x17, 0x36, 0x37, 0x01, 0x33, 0x02, 0xc9, 0xc6, 0xfe, 0x07, 0xc9, 0x01, 0x40, 0x1f, 0x35, 0x28,
    0x2c, 0x01, 0x3e, 0xc9, 0x05, 0x45, 0xfc, 0x7a, 0x56, 0xc1, 0x95, 0x82, 0x03, 0x86, 0x00, 0x01,
    0x00, 0x00, 0x00, 0x00, 0x04, 0xcc, 0x05, 0x45, 0x00, 0x17, 0x00, 0x5b, 0x40, 0x31, 0x08, 0x07,
    0x0d, 0x11, 0x10, 0x04, 0x01, 0x00, 0x14, 0x14, 0x04, 0x0d, 0x09, 0x04, 0x16, 0x17, 0x0a, 0x09,
    0x09, 0x17, 0x18, 0x19, 0x04, 0x2f, 0x10, 0x4f, 0x10, 0x5f, 0x10, 0x03, 0x10, 0x10, 0x0d, 0x16,
    0x09, 0x03, 0x14, 0x0d, 0x24, 0x0d, 0x01, 0x0d, 0x08, 0x00, 0x01, 0x01, 0x07, 0x08, 0x12, 0x00,
    0x3f, 0x33, 0x33, 0x11, 0x33, 0x11, 0x33, 0x5d, 0x11, 0x33, 0x3f, 0x33, 0x12, 0x39, 0x2f, 0x5d,
    0x33, 0x11, 0x12, 0x01, 0x39, 0x39, 0x11, 0x33, 0x11, 0x33, 0x17, 0x39, 0x11, 0x33, 0x33, 0x11,
    0x33, 0x33, 0x11, 0x33, 0x33, 0x31, 0x30, 0x21, 0x23, 0x0a, 0x01, 0x27, 0x0e, 0x01, 0x03, 0x23,
    0x03, 0x33, 0x13, 0x16, 0x17, 0x3e, 0x01, 0x13, 0x33, 0x16, 0x12, 0x17, 0x1b, 0x01, 0x33, 0x03,
    0xfa, 0xd0, 0x4a, 0x4d, 0x2b, 0x1d, 0x31, 0x77, 0xd0, 0xd3, 0xbd, 0x6d, 0x10, 0x11, 0x20, 0x2b,
    0x7a, 0xaf, 0x45, 0x4f, 0x31, 0x23, 0x68, 0xbd, 0x01, 0x14, 0x01, 0x20, 0xc0, 0x7d, 0xca, 0xfe,
    0x53, 0x05, 0x45, 0xfc, 0xbd, 0x83, 0xd7, 0x8a, 0xb4, 0x01, 0xbd, 0xfd, 0xfe, 0xde, 0xdc, 0x01,
    0x5a, 0x03, 0x43, 0x00, 0x00, 0x01, 0x00, 0x24, 0x00, 0x00, 0x04, 0xa9, 0x05, 0x45, 0x00, 0x0b,
    0x00, 0x40, 0x40, 0x21, 0x03, 0x06, 0x00, 0x09, 0x04, 0x04, 0x01, 0x02, 0x0b, 0x0a, 0x02, 0x0a,
    0x08, 0x05, 0x04, 0x07, 0x08, 0x04, 0x08, 0x0d, 0x0c, 0x00, 0x09, 0x03, 0x06, 0x04, 0x01, 0x08,
    0x04, 0x12, 0x0a, 0x01, 0x03, 0x00, 0x3f, 0x33, 0x3f, 0x33, 0x12, 0x17, 0x39, 0x11, 0x12, 0x01,
    0x39, 0x39, 0x11, 0x33, 0x11, 0x33, 0x12, 0x39, 0x39, 0x11, 0x33, 0x11, 0x33, 0x11, 0x17, 0x39,
    0x31, 0x30, 0x09, 0x01, 0x33, 0x09, 0x01, 0x23, 0x09, 0x01, 0x23, 0x09, 0x01, 0x33, 0x02, 0x66,
    0x01, 0x4d, 0xcd, 0xfe, 0x4d, 0x01, 0xdc, 0xcd, 0xfe, 0x8a, 0xfe, 0x8b, 0xcd, 0x01, 0xdc, 0xfe,
    0x4d, 0xcd, 0x03, 0x44, 0x02, 0x01, 0xfd, 0x7c, 0xfd, 0x3f, 0x02, 0x3d, 0xfd, 0xc3, 0x02, 0xc1,
    0x02, 0x84, 0x00, 0x01, 0x00, 0x24, 0x00, 0x00, 0x04, 0xa8, 0x05, 0x45, 0x00, 0x08, 0x00, 0x3e,
    0x40, 0x21, 0x05, 0x04, 0x07, 0x08, 0x08, 0x06, 0x01, 0x04, 0x01, 0x02, 0x02, 0x0a, 0x09, 0x06,
    0x03, 0x40, 0x00, 0x50, 0x00, 0x60, 0x00, 0x03, 0x3f, 0x00, 0x01, 0x00, 0x00, 0x01, 0x07, 0x04,
    0x03, 0x01, 0x12, 0x00, 0x3f, 0x3f, 0x33, 0x12, 0x39, 0x2f, 0x5d, 0x5d, 0x33, 0x33, 0x11, 0x12,
    0x01, 0x39, 0x11, 0x33, 0x33, 0x12, 0x39, 0x32, 0x11, 0x33, 0x11, 0x33, 0x31, 0x30, 0x01, 0x11,
    0x23, 0x11, 0x01, 0x33, 0x09, 0x01, 0x33, 0x02, 0xc4, 0xbc, 0xfe, 0x1c, 0xcd, 0x01, 0x76, 0x01,
    0x74, 0xcd, 0x02, 0x48, 0xfd, 0xb8, 0x02, 0x48, 0x02, 0xfd, 0xfd, 0x9d, 0x02, 0x63, 0x00, 0x01,
    0x00, 0x49, 0x00, 0x00, 0x04, 0x83, 0x05, 0x45, 0x00, 0x09, 0x00, 0x35, 0x40, 0x1a, 0x04, 0x08,
    0x02, 0x09, 0x03, 0x07, 0x02, 0x07, 0x0a, 0x0b, 0x07, 0x04, 0x05, 0x04, 0x5f, 0x59, 0x05, 0x03,
    0x02, 0x08, 0x01, 0x08, 0x5f, 0x59, 0x01, 0x12, 0x00, 0x3f, 0x2b, 0x11, 0x00, 0x33, 0x18, 0x3f,
    0x2b, 0x11, 0x00, 0x33, 0x11, 0x12, 0x01, 0x39, 0x39, 0x11, 0x33, 0x33, 0x11, 0x33, 0x33, 0x31,
    0x30, 0x29, 0x01, 0x35, 0x01, 0x21, 0x35, 0x21, 0x15, 0x01, 0x21, 0x04, 0x83, 0xfb, 0xc6, 0x03,
    0x32, 0xfd, 0x17, 0x03, 0xc2, 0xfc, 0xce, 0x03, 0x61, 0x8f, 0x04, 0x1a, 0x9c, 0x8b, 0xfb, 0xe2,
    0x00, 0x01, 0x01, 0x9a, 0xfe, 0x57, 0x03, 0xbd, 0x05, 0xcc, 0x00, 0x07, 0x00, 0x28, 0x40, 0x14,
    0x02, 0x07, 0x07, 0x05, 0x00, 0x00, 0x08, 0x09, 0x01, 0x04, 0xf5, 0x59, 0x01, 0x00, 0x00, 0x05,
    0xf5, 0x59, 0x00, 0x1b, 0x00, 0x3f, 0x2b, 0x00, 0x18, 0x3f, 0x2b, 0x11, 0x12, 0x01, 0x39, 0x11,
    0x33, 0x33, 0x11, 0x33, 0x31, 0x30, 0x01, 0x11, 0x21, 0x15, 0x21, 0x11, 0x21, 0x15, 0x01, 0x9a,
    0x02, 0x23, 0xfe, 0x91, 0x01, 0x6f, 0xfe, 0x57, 0x07, 0x75, 0x8b, 0xf9, 0xa1, 0x8b, 0x00, 0x01,
    0x00, 0x73, 0xff, 0xec, 0x04, 0x5a, 0x05, 0xcc, 0x00, 0x03, 0x00, 0x1c, 0x40, 0x0c, 0x02, 0x01,
    0x00, 0x03, 0x01, 0x03, 0x04, 0x05, 0x02, 0x00, 0x00, 0x19, 0x00, 0x3f, 0x3f, 0x11, 0x12, 0x01,
    0x39, 0x39, 0x11, 0x33, 0x11, 0x33, 0x31, 0x30, 0x05, 0x01, 0x33, 0x01, 0x03, 0xa4, 0xfc, 0xcf,
    0xb2, 0x03, 0x35, 0x14, 0x05, 0xe0, 0xfa, 0x20, 0x00, 0x01, 0x01, 0x0e, 0xfe, 0x57, 0x03, 0x31,
    0x05, 0xcc, 0x00, 0x07, 0x00, 0x28, 0x40, 0x14, 0x04, 0x00, 0x00, 0x02, 0x07, 0x07, 0x08, 0x09,
    0x05, 0x04, 0xf5, 0x59, 0x05, 0x00, 0x00, 0x01, 0xf5, 0x59, 0x00, 0x1b, 0x00, 0x3f, 0x2b, 0x00,
    0x18, 0x3f, 0x2b, 0x11, 0x12, 0x01, 0x39, 0x11, 0x33, 0x33, 0x11, 0x33, 0x31, 0x30, 0x01, 0x35,
    0x21, 0x11, 0x21, 0x35, 0x21, 0x11, 0x01, 0x0e, 0x01, 0x6f, 0xfe, 0x91, 0x02, 0x23, 0xfe, 0x57,
    0x8b, 0x06, 0x5f, 0x8b, 0xf8, 0x8b, 0x00, 0x01, 0x00, 0x85, 0x01, 0xba, 0x04, 0x46, 0x05, 0x45,
    0x00, 0x06, 0x00, 0x31, 0x40, 0x18, 0x05, 0x04, 0x01, 0x01, 0x06, 0x02, 0x03, 0x00, 0x06, 0x03,
    0x06, 0x07, 0x08, 0x02, 0x00, 0x00, 0x00, 0x01, 0x10, 0x01, 0x02, 0x01, 0x04, 0x03, 0x00, 0x3f,
    0x33, 0x5d, 0x33, 0x2f, 0x32, 0x11, 0x12, 0x01, 0x39, 0x39, 0x11, 0x33, 0x11, 0x33, 0x12, 0x39,
    0x11, 0x33, 0x33, 0x31, 0x30, 0x09, 0x02, 0x23, 0x01, 0x33, 0x01, 0x03, 0xac, 0xfe, 0xb7, 0xfe,
    0xba, 0x98, 0x01, 0x7a, 0xcb, 0x01, 0x7c, 0x01, 0xba, 0x03, 0x23, 0xfc, 0xdd, 0x03, 0x8b, 0xfc,
    0x75, 0x00, 0x00, 0x01, 0xff, 0xfb, 0xff, 0x24, 0x04, 0xd1, 0xff, 0x84, 0x00, 0x03, 0x00, 0x15,
    0x40, 0x09, 0x03, 0x05, 0x00, 0x04, 0x01, 0x00, 0xbb, 0x59, 0x01, 0x00, 0x2f, 0x2b, 0x11, 0x01,
    0x33, 0x11, 0x33, 0x31, 0x30, 0x07, 0x35, 0x21, 0x15, 0x05, 0x04, 0xd6, 0xdc, 0x60, 0x60, 0x00,
    0x00, 0x01, 0x01, 0x92, 0x04, 0xb1, 0x03, 0x3a, 0x05, 0xb4, 0x00, 0x05, 0x00, 0x18, 0x40, 0x0b,
    0x04, 0x01, 0x01, 0x06, 0x07, 0x00, 0x03, 0x8c, 0x5b, 0x00, 0x93, 0x00, 0x3f, 0x2b, 0x11, 0x12,
    0x01, 0x39, 0x11, 0x33, 0x31, 0x30, 0x01, 0x25, 0x35, 0x33, 0x17, 0x15, 0x02, 0xbe, 0xfe, 0xd4,
    0xc5, 0xe3, 0x04, 0xb1, 0xe6, 0x1d, 0xef, 0x14, 0x00, 0x02, 0x00, 0x80, 0xff, 0xec, 0x04, 0x88,
    0x04, 0x4e, 0x00, 0x22, 0x00, 0x2f, 0x00, 0x64, 0x40, 0x3a, 0x2d, 0x0f, 0x19, 0x1a, 0x12, 0x08,
    0x27, 0x27, 0x20, 0x20, 0x1a, 0x0f, 0x03, 0x30, 0x31, 0x12, 0x28, 0x51, 0x59, 0x12, 0x12, 0x0c,
    0x1c, 0x0f, 0x19, 0x6f, 0x19, 0xdf, 0x19, 0xef, 0x19, 0xff, 0x19, 0x05, 0x0b, 0x03, 0x19, 0x19,
    0x1c, 0x1c, 0x16, 0x50, 0x59, 0x1c, 0x10, 0x0c, 0x23, 0x50, 0x59, 0x05, 0x00, 0x51, 0x59, 0x05,
    0x05, 0x08, 0x0c, 0x16, 0x00, 0x3f, 0x33, 0x33, 0x2f, 0x2b, 0x2b, 0x00, 0x18, 0x3f, 0x2b, 0x11,
    0x00, 0x33, 0x18, 0x2f, 0x5f, 0x5e, 0x5d, 0x11, 0x12, 0x39, 0x2f, 0x2b, 0x11, 0x12, 0x01, 0x17,
    0x39, 0x11, 0x33, 0x11, 0x33, 0x33, 0x11, 0x33, 0x11, 0x33, 0x31, 0x30, 0x25, 0x32, 0x37, 0x15,
    0x06, 0x23, 0x22, 0x26, 0x27, 0x23, 0x0e, 0x01, 0x23, 0x22, 0x26, 0x35, 0x10, 0x25, 0x37, 0x35,
    0x34, 0x26, 0x23, 0x22, 0x06, 0x07, 0x27, 0x12, 0x21, 0x32, 0x16, 0x15, 0x11, 0x14, 0x16, 0x25,
    0x32, 0x3e, 0x01, 0x3d, 0x01, 0x07, 0x0e, 0x02, 0x15, 0x14, 0x16, 0x04, 0x4d, 0x1a, 0x21, 0x44,
    0x47, 0x64, 0x5b, 0x06, 0x06, 0x41, 0xb1, 0x82, 0x9e, 0xa0, 0x01, 0xc6, 0xec, 0x6a, 0x74, 0x76,
    0x68, 0x0a, 0xbc, 0x2e, 0x01, 0x79, 0xc8, 0xc9, 0x2a, 0xfd, 0xda, 0x60, 0x94, 0x52, 0xbe, 0x76,
    0x7c, 0x45, 0x59, 0x6f, 0x07, 0x70, 0x10, 0x69, 0x70, 0x79, 0x6a, 0xac, 0x96, 0x01, 0x5d, 0x05,
    0x04, 0x3b, 0x83, 0x73, 0x54, 0x58, 0x11, 0x01, 0x24, 0xbb, 0xb1, 0xfe, 0x2e, 0x50, 0x51, 0x06,
    0x5c, 0x9a, 0x52, 0x59, 0x04, 0x02, 0x30, 0x63, 0x52, 0x52, 0x64, 0x00, 0x00, 0x02, 0x00, 0xb3,
    0xff, 0xec, 0x04, 0x42, 0x05, 0xcc, 0x00, 0x15, 0x00, 0x21, 0x00, 0x38, 0x40, 0x1d, 0x1c, 0x05,
    0x0e, 0x0e, 0x0d, 0x16, 0x00, 0x0d, 0x00, 0x22, 0x23, 0x14, 0x19, 0x50, 0x59, 0x11, 0x14, 0x10,
    0x0d, 0x00, 0x0a, 0x15, 0x03, 0x1f, 0x50, 0x59, 0x05, 0x03, 0x16, 0x00, 0x3f, 0x33, 0x2b, 0x00,
    0x18, 0x3f, 0x3f, 0x3f, 0x33, 0x2b, 0x11, 0x12, 0x01, 0x39, 0x39, 0x11, 0x33, 0x11, 0x33, 0x11,
    0x33, 0x33, 0x31, 0x30, 0x01, 0x10, 0x02, 0x23, 0x22, 0x27, 0x23, 0x14, 0x06, 0x07, 0x23, 0x36,
    0x35, 0x11, 0x33, 0x11, 0x14, 0x07, 0x33, 0x36, 0x33, 0x20, 0x03, 0x34, 0x26, 0x23, 0x22, 0x06,
    0x15, 0x14, 0x16, 0x33, 0x32, 0x36, 0x04, 0x42, 0xcb, 0xbd, 0xf4, 0x5a, 0x02, 0x07, 0x02, 0xae,
    0x06, 0xb4, 0x04, 0x04, 0x5b, 0xf3, 0x01, 0x87, 0xba, 0x7b, 0x83, 0x95, 0x88, 0x84, 0x97, 0x87,
    0x79, 0x02, 0x22, 0xfe, 0xe4, 0xfe, 0xe6, 0xb8, 0x30, 0x68, 0x0c, 0x36, 0xa9, 0x04, 0xed, 0xfe,
    0x59, 0x41, 0x5c, 0xc8, 0xfd, 0xcc, 0xe0, 0xc9, 0xdb, 0xde, 0xd1, 0xca, 0xd1, 0x00, 0x00, 0x01,
    0x00, 0x82, 0xff, 0xec, 0x04, 0x38, 0x04, 0x4e, 0x00, 0x1a, 0x00, 0x68, 0x40, 0x1e, 0x0d, 0x00,
    0x07, 0x06, 0x06, 0x13, 0x14, 0x00, 0x14, 0x1b, 0x1c, 0x70, 0x13, 0x01, 0x00, 0x13, 0x10, 0x13,
    0x60, 0x13, 0x70, 0x13, 0x80, 0x13, 0xc0, 0x13, 0x06, 0x09, 0x03, 0x13, 0xb8, 0xff, 0xc0, 0x40,
    0x20, 0x1b, 0x1e, 0x48, 0x13, 0x13, 0x18, 0x18, 0x10, 0x50, 0x59, 0x18, 0x16, 0x03, 0x0a, 0x50,
    0x59, 0x1f, 0x07, 0x7f, 0x07, 0x8f, 0x07, 0x03, 0x07, 0x40, 0x1b, 0x1e, 0x48, 0x07, 0x07, 0x03,
    0x10, 0x00, 0x3f, 0x33, 0x2f, 0x2b, 0x5d, 0x2b, 0x00, 0x18, 0x3f, 0x2b, 0x11, 0x00, 0x33, 0x18,
    0x2f, 0x2b, 0x5f, 0x5e, 0x5d, 0x71, 0x11, 0x12, 0x01, 0x39, 0x39, 0x11, 0x33, 0x33, 0x11, 0x33,
    0x11, 0x33, 0x31, 0x30, 0x13, 0x10, 0x00, 0x33, 0x32, 0x16, 0x17, 0x07, 0x2e, 0x01, 0x23, 0x22,
    0x06, 0x15, 0x14, 0x16, 0x33, 0x32, 0x36, 0x37, 0x17, 0x0e, 0x02, 0x23, 0x22, 0x00, 0x82, 0x01,
    0x02, 0xf4, 0xb6, 0xec, 0x1c, 0xc0, 0x10, 0x80, 0x76, 0x9e, 0x93, 0x93, 0x9d, 0x6c, 0x8e, 0x11,
    0xbe, 0x0d, 0x77, 0xc4, 0x79, 0xf5, 0xff, 0x00, 0x02, 0x1e, 0x01, 0x0e, 0x01, 0x22, 0xaf, 0x94,
    0x0e, 0x5b, 0x69, 0xc4, 0xdb, 0xde, 0xcd, 0x6a, 0x6d, 0x0c, 0x60, 0x9d, 0x59, 0x01, 0x20, 0x00,
    0x00, 0x02, 0x00, 0x8a, 0xff, 0xe6, 0x04, 0x19, 0x05, 0xcc, 0x00, 0x16, 0x00, 0x22, 0x00, 0x3a,
    0x40, 0x1d, 0x17, 0x06, 0x1d, 0x00, 0x0e, 0x0e, 0x0f, 0x06, 0x0f, 0x23, 0x24, 0x13, 0x15, 0x0e,
    0x00, 0x08, 0x20, 0x50, 0x59, 0x0b, 0x08, 0x10, 0x03, 0x1a, 0x50, 0x59, 0x00, 0x03, 0x16, 0x00,
    0x3f, 0x33, 0x2b, 0x00, 0x18, 0x3f, 0x33, 0x2b, 0x00, 0x18, 0x3f, 0x3f, 0x11, 0x12, 0x01, 0x39,
    0x39, 0x11, 0x33, 0x11, 0x33, 0x33, 0x11, 0x33, 0x31, 0x30, 0x25, 0x0e, 0x01, 0x23, 0x22, 0x02,
    0x11, 0x10, 0x21, 0x32, 0x16, 0x17, 0x33, 0x27, 0x11, 0x33, 0x11, 0x14, 0x17, 0x23, 0x2e, 0x01,
    0x35, 0x01, 0x14, 0x16, 0x33, 0x32, 0x36, 0x35, 0x34, 0x26, 0x23, 0x22, 0x06, 0x03, 0x5e, 0x31,
    0xa2, 0x79, 0xca, 0xbe, 0x01, 0x88, 0x79, 0xa3, 0x31, 0x02, 0x02, 0xb4, 0x06, 0xac, 0x04, 0x06,
    0xfd, 0xe1, 0x77, 0x86, 0x92, 0x8c, 0x87, 0x95, 0x87, 0x78, 0xae, 0x69, 0x5f, 0x01, 0x16, 0x01,
    0x18, 0x02, 0x36, 0x56, 0x62, 0x97, 0x01, 0xa3, 0xfb, 0x13, 0xa9, 0x36, 0x0f, 0x74, 0x2b, 0x01,
    0x6c, 0xde, 0xcb, 0xd3, 0xe6, 0xd7, 0xc4, 0xce, 0x00, 0x02, 0x00, 0x85, 0xff, 0xec, 0x04, 0x46,
    0x04, 0x4e, 0x00, 0x14, 0x00, 0x1a, 0x00, 0x4f, 0x40, 0x2c, 0x18, 0x00, 0x00, 0x0d, 0x06, 0x07,
    0x19, 0x13, 0x13, 0x07, 0x0d, 0x03, 0x1b, 0x1c, 0x18, 0x00, 0x50, 0x59, 0x18, 0x18, 0x0a, 0x10,
    0x10, 0x15, 0x50, 0x59, 0x10, 0x10, 0x0a, 0x03, 0x50, 0x59, 0xdf, 0x06, 0xef, 0x06, 0x02, 0x80,
    0x06, 0x01, 0x06, 0x06, 0x0a, 0x16, 0x00, 0x3f, 0x33, 0x2f, 0x5d, 0x5d, 0x2b, 0x00, 0x18, 0x3f,
    0x2b, 0x11, 0x12, 0x00, 0x39, 0x18, 0x2f, 0x2b, 0x11, 0x12, 0x01, 0x17, 0x39, 0x11, 0x33, 0x11,
    0x33, 0x11, 0x33, 0x11, 0x33, 0x31, 0x30, 0x01, 0x14, 0x16, 0x33, 0x32, 0x36, 0x37, 0x17, 0x0e,
    0x01, 0x23, 0x22, 0x02, 0x11, 0x10, 0x12, 0x33, 0x32, 0x12, 0x11, 0x15, 0x01, 0x22, 0x06, 0x07,
    0x21, 0x02, 0x01, 0x42, 0xa1, 0x8c, 0x67, 0x9b, 0x1a, 0x9e, 0x2c, 0xeb, 0xa3, 0xec, 0xfe, 0xf9,
    0xeb, 0xeb, 0xf2, 0xfe, 0x25, 0x86, 0x9c, 0x05, 0x02, 0x48, 0x1c, 0x01, 0xf7, 0xb6, 0xce, 0x59,
    0x4d, 0x2d, 0x7c, 0x84, 0x01, 0x26, 0x01, 0x12, 0x01, 0x0b, 0x01, 0x1f, 0xfe, 0xe2, 0xfe, 0xdf,
    0x18, 0x01, 0xd2, 0xaf, 0x99, 0x01, 0x48, 0x00, 0x00, 0x01, 0x00, 0x8a, 0x00, 0x00, 0x04, 0x4b,
    0x05, 0xcc, 0x00, 0x18, 0x00, 0x33, 0x40, 0x1a, 0x16, 0x01, 0x01, 0x06, 0x02, 0x02, 0x0d, 0x19,
    0x1a, 0x0a, 0x11, 0x50, 0x59, 0x0a, 0x00, 0x00, 0x04, 0x05, 0x04, 0x50, 0x59, 0x16, 0x05, 0x0f,
    0x01, 0x15, 0x00, 0x3f, 0x3f, 0x33, 0x2b, 0x11, 0x00, 0x33, 0x18, 0x3f, 0x2b, 0x11, 0x12, 0x01,
    0x39, 0x39, 0x11, 0x33, 0x33, 0x11, 0x33, 0x31, 0x30, 0x01, 0x11, 0x23, 0x11, 0x21, 0x35, 0x21,
    0x35, 0x34, 0x36, 0x33, 0x32, 0x16, 0x17, 0x15, 0x2e, 0x01, 0x23, 0x22, 0x0e, 0x01, 0x1d, 0x01,
    0x21, 0x15, 0x02, 0x44, 0xb4, 0xfe, 0xfa, 0x01, 0x06, 0xc1, 0xe1, 0x48, 0xa7, 0x2a, 0x1e, 0xb7,
    0x2f, 0x68, 0x6a, 0x31, 0x01, 0xeb, 0x03, 0xac, 0xfc, 0x54, 0x03, 0xac, 0x8e, 0x19, 0xcd, 0xac,
    0x0d, 0x08, 0x91, 0x05, 0x0c, 0x2e, 0x68, 0x5d, 0x0a, 0x8e, 0x00, 0x02, 0x00, 0x8f, 0xfe, 0x58,
    0x04, 0x1e, 0x04, 0x4b, 0x00, 0x21, 0x00, 0x2f, 0x00, 0x51, 0x40, 0x2b, 0x04, 0x03, 0x03, 0x28,
    0x11, 0x22, 0x17, 0x09, 0x09, 0x1f, 0x11, 0x1f, 0x30, 0x31, 0x1b, 0x0f, 0x14, 0x25, 0x50, 0x59,
    0x17, 0x14, 0x10, 0x0e, 0x2c, 0x50, 0x59, 0x0a, 0x0e, 0x15, 0x00, 0x07, 0x50, 0x59, 0x20, 0x04,
    0x30, 0x04, 0x02, 0x04, 0x04, 0x00, 0x1b, 0x00, 0x3f, 0x32, 0x2f, 0x5d, 0x2b, 0x00, 0x18, 0x3f,
    0x33, 0x2b, 0x00, 0x18, 0x3f, 0x33, 0x2b, 0x00, 0x18, 0x3f, 0x11, 0x12, 0x01, 0x39, 0x39, 0x11,
    0x33, 0x11, 0x33, 0x33, 0x11, 0x33, 0x33, 0x11, 0x33, 0x31, 0x30, 0x01, 0x22, 0x26, 0x27, 0x37,
    0x1e, 0x01, 0x33, 0x32, 0x11, 0x35, 0x23, 0x0e, 0x01, 0x23, 0x22, 0x02, 0x11, 0x10, 0x12, 0x33,
    0x32, 0x16, 0x17, 0x33, 0x34, 0x36, 0x37, 0x33, 0x06, 0x15, 0x11, 0x14, 0x06, 0x13, 0x34, 0x26,
    0x23, 0x22, 0x06, 0x15, 0x14, 0x1e, 0x01, 0x33, 0x32, 0x3e, 0x01, 0x02, 0x67, 0xa8, 0xcc, 0x1c,
    0xb8, 0x11, 0x71, 0x5c, 0xf8, 0x02, 0x31, 0xae, 0x78, 0xc6, 0xb7, 0xc4, 0xcc, 0x71, 0xa7, 0x2d,
    0x03, 0x08, 0x04, 0xab, 0x06, 0xd4, 0x21, 0x96, 0x83, 0x89, 0x7a, 0x33, 0x6c, 0x61, 0x55, 0x81,
    0x46, 0xfe, 0x58, 0x8a, 0x81, 0x19, 0x4b, 0x51, 0x01, 0x3b, 0xc2, 0x67, 0x6a, 0x01, 0x03, 0x01,
    0x16, 0x01, 0x1b, 0x01, 0x0b, 0x69, 0x61, 0x1e, 0x8f, 0x0c, 0x36, 0xaa, 0xfc, 0xc6, 0xe3, 0xe5,
    0x03, 0xcf, 0xc1, 0xdd, 0xbf, 0xdf, 0x97, 0xaf, 0x50, 0x5f, 0xb7, 0x00, 0x00, 0x01, 0x00, 0xb9,
    0x00, 0x00, 0x04, 0x19, 0x05, 0xcc, 0x00, 0x14, 0x00, 0x30, 0x40, 0x17, 0x04, 0x02, 0x13, 0x13,
    0x14, 0x0a, 0x0b, 0x14, 0x0b, 0x15, 0x16, 0x14, 0x0a, 0x15, 0x07, 0x0f, 0x50, 0x59, 0x04, 0x07,
    0x10, 0x00, 0x00, 0x00, 0x3f, 0x3f, 0x33, 0x2b, 0x00, 0x18, 0x3f, 0x33, 0x11, 0x12, 0x01, 0x39,
    0x39, 0x11, 0x33, 0x11, 0x33, 0x11, 0x33, 0x33, 0x31, 0x30, 0x13, 0x33, 0x11, 0x14, 0x07, 0x33,
    0x36, 0x33, 0x20, 0x19, 0x01, 0x23, 0x11, 0x34, 0x26, 0x23, 0x22, 0x06, 0x15, 0x11, 0x23, 0xb9,
    0xb5, 0x09, 0x03, 0x69, 0xea, 0x01, 0x5e, 0xb5, 0x69, 0x73, 0x7c, 0x9f, 0xb4, 0x05, 0xcc, 0xfe,
    0x7a, 0x3b, 0x8a, 0xcd, 0xfe, 0x83, 0xfd, 0x2f, 0x02, 0xb7, 0x88, 0x84, 0xb5, 0x9b, 0xfd, 0x8d,
    0x00, 0x02, 0x00, 0x8f, 0x00, 0x00, 0x04, 0x65, 0x05, 0xcc, 0x00, 0x09, 0x00, 0x0d, 0x00, 0x3c,
    0x40, 0x1f, 0x0b, 0x0c, 0x0c, 0x01, 0x00, 0x00, 0x04, 0x05, 0x05, 0x0e, 0x0f, 0x0b, 0x0a, 0x53,
    0x59, 0x0b, 0x00, 0x08, 0x07, 0x50, 0x59, 0x08, 0x0f, 0x00, 0x04, 0x03, 0x04, 0x50, 0x59, 0x03,
    0x15, 0x00, 0x3f, 0x2b, 0x11, 0x00, 0x33, 0x18, 0x3f, 0x2b, 0x00, 0x18, 0x3f, 0x2b, 0x11, 0x12,
    0x01, 0x39, 0x11, 0x33, 0x33, 0x11, 0x33, 0x33, 0x11, 0x33, 0x31, 0x30, 0x25, 0x21, 0x15, 0x21,
    0x35, 0x21, 0x11, 0x21, 0x35, 0x21, 0x27, 0x35, 0x33, 0x15, 0x02, 0xe9, 0x01, 0x7c, 0xfc, 0x2a,
    0x01, 0xa6, 0xfe, 0xc1, 0x01, 0xf3, 0xc8, 0xc8, 0x8e, 0x8e, 0x8e, 0x03, 0x1e, 0x8e, 0xd2, 0xc0,
    0xc0, 0x00, 0x00, 0x02, 0x00, 0x75, 0xfe, 0x57, 0x03, 0x44, 0x05, 0xcc, 0x00, 0x10, 0x00, 0x14,
    0x00, 0x36, 0x40, 0x1c, 0x11, 0x14, 0x14, 0x00, 0x00, 0x0c, 0x06, 0x0c, 0x15, 0x16, 0x12, 0x11,
    0x53, 0x59, 0x12, 0x00, 0x0f, 0x0e, 0x50, 0x59, 0x0f, 0x0f, 0x03, 0x09, 0x50, 0x59, 0x03, 0x1b,
    0x00, 0x3f, 0x2b, 0x00, 0x18, 0x3f, 0x2b, 0x00, 0x18, 0x3f, 0x2b, 0x11, 0x12, 0x01, 0x39, 0x39,
    0x11, 0x33, 0x11, 0x33, 0x11, 0x33, 0x31, 0x30, 0x05, 0x14, 0x06, 0x23, 0x22, 0x26, 0x27, 0x35,
    0x16, 0x33, 0x32, 0x36, 0x35, 0x11, 0x21, 0x35, 0x21, 0x27, 0x35, 0x33, 0x15, 0x03, 0x44, 0xe0,
    0xcf, 0x4f, 0xa4, 0x2d, 0x96, 0x7b, 0x80, 0x8a, 0xfe, 0x69, 0x02, 0x4b, 0xc8, 0xc8, 0x1c, 0xbb,
    0xd2, 0x1a, 0x11, 0x8c, 0x22, 0x84, 0x77, 0x03, 0xc5, 0x8e, 0xd2, 0xc0, 0xc0, 0x00, 0x00, 0x01,
    0x00, 0xec, 0x00, 0x00, 0x04, 0x65, 0x05, 0xcc, 0x00, 0x0b, 0x00, 0x3d, 0x40, 0x1d, 0x01, 0x0a,
    0x09, 0x07, 0x03, 0x03, 0x04, 0x08, 0x09, 0x09, 0x00, 0x0b, 0x04, 0x0b, 0x0c, 0x0d, 0x02, 0x07,
    0x0a, 0x01, 0x07, 0x01, 0x08, 0x0f, 0x05, 0x00, 0x04, 0x00, 0x15, 0x00, 0x3f, 0x32, 0x3f, 0x3f,
    0x39, 0x39, 0x11, 0x33, 0x11, 0x33, 0x11, 0x12, 0x01, 0x39, 0x39, 0x11, 0x33, 0x33, 0x11, 0x33,
    0x11, 0x33, 0x11, 0x33, 0x12, 0x39, 0x39, 0x31, 0x30, 0x21, 0x01, 0x07, 0x11, 0x23, 0x11, 0x33,
    0x11, 0x01, 0x33, 0x09, 0x01, 0x03, 0x92, 0xfe, 0x92, 0x84, 0xb4, 0xb4, 0x01, 0xdb, 0xd3, 0xfe,
    0x49, 0x01, 0xce, 0x01, 0xf3, 0x62, 0xfe, 0x6f, 0x05, 0xcc, 0xfc, 0x61, 0x02, 0x0d, 0xfe, 0x2f,
    0xfd, 0x97, 0x00, 0x05, 0x01, 0x0b, 0x00, 0x00, 0x04, 0x5c, 0x05, 0xcc, 0x00, 0x0f, 0x00, 0x10,
    0x00, 0x11, 0x00, 0x12, 0x00, 0x14, 0x00, 0x00, 0x25, 0x05, 0x15, 0x25, 0x26, 0x27, 0x26, 0x27,
    0x11, 0x21, 0x35, 0x21, 0x11, 0x16, 0x17, 0x16, 0x17, 0x27, 0x17, 0x27, 0x35, 0x03, 0x43, 0x01,
    0x19, 0xfe, 0x8e, 0x71, 0x34, 0x16, 0x03, 0xfe, 0xdf, 0x01, 0xd5, 0x01, 0x18, 0x15, 0x39, 0x67,
    0x10, 0xc4, 0x93, 0x05, 0x8e, 0x04, 0x14, 0x46, 0x1e, 0x86, 0x04, 0x3c, 0x8e, 0xfb, 0x21, 0x2d,
    0x16, 0x13, 0x09, 0x5f, 0xed, 0x8e, 0x74, 0x00, 0x00, 0x01, 0x00, 0x63, 0x00, 0x00, 0x04, 0x64,
    0x04, 0x4e, 0x00, 0x27, 0x00, 0x45, 0x40, 0x22, 0x16, 0x27, 0x27, 0x00, 0x00, 0x09, 0x1f, 0x1f,
    0x1e, 0x0f, 0x08, 0x08, 0x09, 0x1e, 0x09, 0x28, 0x29, 0x23, 0x04, 0x13, 0x04, 0x50, 0x59, 0x1a,
    0x16, 0x0f, 0x13, 0x10, 0x0c, 0x0f, 0x1f, 0x09, 0x00, 0x15, 0x00, 0x3f, 0x32, 0x32, 0x3f, 0x3f,
    0x33, 0x33, 0x33, 0x2b, 0x11, 0x00, 0x33, 0x11, 0x12, 0x01, 0x39, 0x39, 0x11, 0x33, 0x11, 0x33,
    0x11, 0x33, 0x11, 0x12, 0x39, 0x11, 0x33, 0x12, 0x39, 0x31, 0x30, 0x21, 0x11, 0x34, 0x26, 0x23,
    0x22, 0x06, 0x15, 0x11, 0x23, 0x11, 0x34, 0x27, 0x33, 0x17, 0x15, 0x33, 0x3e, 0x01, 0x33, 0x32,
    0x16, 0x17, 0x33, 0x3e, 0x01, 0x33, 0x32, 0x16, 0x15, 0x11, 0x23, 0x11, 0x34, 0x26, 0x23, 0x22,
    0x06, 0x15, 0x11, 0x02, 0x13, 0x31, 0x41, 0x40, 0x4f, 0xa9, 0x06, 0x95, 0x06, 0x02, 0x22, 0x68,
    0x4e, 0x58, 0x57, 0x13, 0x02, 0x28, 0x6f, 0x55, 0x76, 0x66, 0xa8, 0x31, 0x41, 0x42, 0x4d, 0x02,
    0xae, 0x9a, 0x7b, 0xc0, 0xa4, 0xfd, 0xa1, 0x03, 0x53, 0xbd, 0x2a, 0x7f, 0x30, 0x66, 0x5d, 0x60,
    0x64, 0x6a, 0x5a, 0xac, 0xd1, 0xfd, 0x2f, 0x02, 0xae, 0x9a, 0x7b, 0xa8, 0xa8, 0xfd, 0x8d, 0x00,
    0x00, 0x01, 0x00, 0xb3, 0x00, 0x00, 0x04, 0x19, 0x04, 0x4e, 0x00, 0x18, 0x00, 0x2f, 0x40, 0x17,
    0x11, 0x08, 0x08, 0x09, 0x00, 0x18, 0x09, 0x18, 0x19, 0x1a, 0x11, 0x14, 0x14, 0x04, 0x50, 0x59,
    0x14, 0x10, 0x0c, 0x0f, 0x09, 0x00, 0x15, 0x00, 0x3f, 0x32, 0x3f, 0x3f, 0x2b, 0x11, 0x00, 0x33,
    0x11, 0x12, 0x01, 0x39, 0x39, 0x11, 0x33, 0x11, 0x33, 0x11, 0x33, 0x31, 0x30, 0x21, 0x11, 0x34,
    0x26, 0x23, 0x22, 0x06, 0x15, 0x11, 0x23, 0x11, 0x34, 0x27, 0x33, 0x1e, 0x02, 0x17, 0x33, 0x36,
    0x33, 0x32, 0x16, 0x15, 0x11, 0x03, 0x64, 0x69, 0x73, 0x7c, 0x9f, 0xb4, 0x06, 0xaa, 0x01, 0x02,
    0x03, 0x02, 0x03, 0x69, 0xf1, 0xad, 0xaa, 0x02, 0xb7, 0x88, 0x84, 0xb5, 0x9b, 0xfd, 0x8d, 0x03,
    0x53, 0xbd, 0x2a, 0x05, 0x2c, 0x39, 0x4f, 0xcd, 0xbb, 0xc2, 0xfd, 0x2f, 0x00, 0x02, 0x00, 0x82,
    0xff, 0xec, 0x04, 0x49, 0x04, 0x4e, 0x00, 0x0b, 0x00, 0x17, 0x00, 0x28, 0x40, 0x14, 0x12, 0x06,
    0x0c, 0x00, 0x06, 0x00, 0x18, 0x19, 0x09, 0x0f, 0x50, 0x59, 0x09, 0x10, 0x03, 0x15, 0x50, 0x59,
    0x03, 0x16, 0x00, 0x3f, 0x2b, 0x00, 0x18, 0x3f, 0x2b, 0x11, 0x12, 0x01, 0x39, 0x39, 0x11, 0x33,
    0x11, 0x33, 0x31, 0x30, 0x01, 0x10, 0x02, 0x23, 0x22, 0x02, 0x11, 0x10, 0x12, 0x33, 0x32, 0x12,
    0x03, 0x34, 0x26, 0x23, 0x22, 0x06, 0x15, 0x14, 0x16, 0x33, 0x32, 0x36, 0x04, 0x49, 0xfb, 0xed,
    0xe8, 0xf7, 0xfd, 0xe8, 0xf4, 0xee, 0xbd, 0x89, 0x99, 0x9b, 0x90, 0x90, 0x90, 0x9f, 0x8e, 0x02,
    0x1e, 0xfe, 0xef, 0xfe, 0xdf, 0x01, 0x24, 0x01, 0x0e, 0x01, 0x17, 0x01, 0x19, 0xfe, 0xea, 0xfe,
    0xe6, 0xd7, 0xd4, 0xd8, 0xd3, 0xd2, 0xdb, 0xd6, 0x00, 0x02, 0x00, 0xb3, 0xfe, 0x57, 0x04, 0x42,
    0x04, 0x50, 0x00, 0x17, 0x00, 0x23, 0x00, 0x38, 0x40, 0x1d, 0x1e, 0x11, 0x08, 0x08, 0x09, 0x18,
    0x00, 0x09, 0x00, 0x24, 0x25, 0x15, 0x1b, 0x50, 0x59, 0x11, 0x15, 0x10, 0x0c, 0x0f, 0x08, 0x1b,
    0x02, 0x21, 0x50, 0x59, 0x04, 0x02, 0x16, 0x00, 0x3f, 0x33, 0x2b, 0x00, 0x18, 0x3f, 0x3f, 0x3f,
    0x33, 0x2b, 0x11, 0x12, 0x01, 0x39, 0x39, 0x11, 0x33, 0x11, 0x33, 0x11, 0x33, 0x33, 0x31, 0x30,
    0x01, 0x10, 0x21, 0x22, 0x27, 0x23, 0x16, 0x15, 0x11, 0x23, 0x11, 0x34, 0x27, 0x33, 0x1e, 0x02,
    0x15, 0x33, 0x3e, 0x01, 0x33, 0x32, 0x12, 0x03, 0x34, 0x26, 0x23, 0x22, 0x06, 0x15, 0x14, 0x16,
    0x33, 0x32, 0x36, 0x04, 0x42, 0xfe, 0x78, 0xf6, 0x55, 0x05, 0x04, 0xb5, 0x06, 0xaf, 0x01, 0x04,
    0x05, 0x04, 0x32, 0x9b, 0x7d, 0xc6, 0xc2, 0xba, 0x7a, 0x83, 0x97, 0x86, 0x86, 0x95, 0x85, 0x7a,
    0x02, 0x22, 0xfd, 0xca, 0xb8, 0x08, 0x9e, 0xfe, 0x59, 0x05, 0x03, 0xaa, 0x36, 0x04, 0x33, 0x63,
    0x18, 0x69, 0x5f, 0xfe, 0xef, 0xfe, 0xe3, 0xe2, 0xc1, 0xdb, 0xde, 0xd5, 0xc6, 0xca, 0x00, 0x02,
    0x00, 0x8a, 0xfe, 0x57, 0x04, 0x1a, 0x04, 0x4a, 0x00, 0x16, 0x00, 0x22, 0x00, 0x35, 0x40, 0x1b,
    0x1d, 0x15, 0x17, 0x03, 0x0c, 0x0c, 0x0b, 0x15, 0x0b, 0x23, 0x24, 0x12, 0x20, 0x50, 0x59, 0x0e,
    0x12, 0x16, 0x0b, 0x1b, 0x00, 0x1a, 0x50, 0x59, 0x03, 0x00, 0x10, 0x00, 0x3f, 0x32, 0x2b, 0x00,
    0x18, 0x3f, 0x3f, 0x33, 0x2b, 0x11, 0x12, 0x01, 0x39, 0x39, 0x11, 0x33, 0x11, 0x33, 0x33, 0x11,
    0x33, 0x31, 0x30, 0x01, 0x32, 0x16, 0x17, 0x33, 0x34, 0x36, 0x37, 0x33, 0x06, 0x15, 0x11, 0x23,
    0x11, 0x37, 0x23, 0x0e, 0x01, 0x23, 0x22, 0x02, 0x11, 0x10, 0x01, 0x34, 0x26, 0x23, 0x22, 0x06,
    0x15, 0x14, 0x16, 0x33, 0x32, 0x36, 0x02, 0x11, 0x81, 0x9a, 0x31, 0x02, 0x07, 0x05, 0xaf, 0x06,
    0xb5, 0x04, 0x02, 0x35, 0x9e, 0x7c, 0xca, 0xbe, 0x02, 0xd5, 0x88, 0x94, 0x86, 0x79, 0x7a, 0x83,
    0x93, 0x8b, 0x04, 0x4a, 0x59, 0x5f, 0x1e, 0x7f, 0x0c, 0x36, 0xe4, 0xfb, 0x36, 0x01, 0xb7, 0xa8,
    0x6b, 0x65, 0x01, 0x19, 0x01, 0x15, 0x02, 0x36, 0xfd, 0xe0, 0xd4, 0xc7, 0xcc, 0xdf, 0xdd, 0xcc,
    0xda, 0x00, 0x00, 0x01, 0x00, 0xf2, 0x00, 0x00, 0x04, 0x15, 0x04, 0x4e, 0x00, 0x15, 0x00, 0x29,
    0x40, 0x14, 0x0e, 0x06, 0x06, 0x07, 0x07, 0x15, 0x16, 0x17, 0x0e, 0x13, 0x13, 0x02, 0x52, 0x59,
    0x13, 0x10, 0x0b, 0x0f, 0x06, 0x15, 0x00, 0x3f, 0x3f, 0x3f, 0x2b, 0x11, 0x00, 0x33, 0x11, 0x12,
    0x01, 0x39, 0x39, 0x11, 0x33, 0x11, 0x33, 0x31, 0x30, 0x01, 0x26, 0x23, 0x22, 0x06, 0x15, 0x11,
    0x23, 0x11, 0x34, 0x26, 0x27, 0x33, 0x16, 0x17, 0x33, 0x3e, 0x02, 0x33, 0x32, 0x17, 0x04, 0x15,
    0x70, 0x64, 0xa1, 0xc6, 0xb4, 0x1b, 0x19, 0xab, 0x28, 0x08, 0x05, 0x32, 0x60, 0x84, 0x5f, 0x68,
    0x66, 0x03, 0x96, 0x13, 0xf2, 0xbb, 0xfe, 0x04, 0x02, 0xbd, 0x4c, 0xce, 0x63, 0x8a, 0x70, 0x70,
    0x69, 0x35, 0x11, 0x00, 0x00, 0x01, 0x00, 0xa7, 0xff, 0xec, 0x04, 0x24, 0x04, 0x4b, 0x00, 0x26,
    0x00, 0x4e, 0x40, 0x2a, 0x07, 0x06, 0x1f, 0x13, 0x1a, 0x19, 0x0c, 0x00, 0x19, 0x00, 0x13, 0x06,
    0x04, 0x27, 0x28, 0x1f, 0x0c, 0x16, 0x03, 0x16, 0x1d, 0x50, 0x59, 0x00, 0x1a, 0x70, 0x1a, 0x02,
    0x0b, 0x03, 0x1a, 0x1a, 0x16, 0x10, 0x03, 0x0a, 0x50, 0x59, 0x07, 0x07, 0x03, 0x16, 0x00, 0x3f,
    0x33, 0x2f, 0x2b, 0x00, 0x18, 0x3f, 0x33, 0x2f, 0x5f, 0x5e, 0x5d, 0x2b, 0x11, 0x12, 0x00, 0x39,
    0x39, 0x11, 0x12, 0x01, 0x17, 0x39, 0x11, 0x33, 0x11, 0x33, 0x11, 0x33, 0x11, 0x33, 0x31, 0x30,
    0x01, 0x14, 0x06, 0x23, 0x22, 0x26, 0x27, 0x37, 0x1e, 0x01, 0x33, 0x20, 0x35, 0x34, 0x26, 0x27,
    0x24, 0x2e, 0x01, 0x35, 0x34, 0x36, 0x33, 0x32, 0x16, 0x17, 0x07, 0x2e, 0x01, 0x23, 0x22, 0x15,
    0x14, 0x16, 0x1f, 0x01, 0x1e, 0x02, 0x04, 0x24, 0xe9, 0xce, 0xce, 0xd7, 0x21, 0x9f, 0x13, 0x7d,
    0x97, 0x01, 0x0e, 0x62, 0x65, 0xfe, 0xf8, 0x8e, 0x4c, 0xd4, 0xc9, 0xb0, 0xd2, 0x1a, 0xa2, 0x0b,
    0x78, 0x77, 0xf5, 0x53, 0x5c, 0x77, 0xa3, 0x8f, 0x52, 0x01, 0x35, 0x9a, 0xaf, 0x81, 0x8b, 0x1f,
    0x56, 0x4f, 0xab, 0x40, 0x4f, 0x19, 0x41, 0x4a, 0x6f, 0x53, 0x93, 0xa6, 0x85, 0x7f, 0x14, 0x48,
    0x4a, 0x97, 0x3c, 0x48, 0x16, 0x1f, 0x28, 0x4e, 0x75, 0x00, 0x00, 0x01, 0x00, 0xbe, 0xff, 0xf0,
    0x03, 0xf9, 0x05, 0x54, 0x00, 0x15, 0x00, 0x36, 0x40, 0x1b, 0x05, 0x09, 0x09, 0x02, 0x14, 0x14,
    0x0f, 0x16, 0x17, 0x11, 0x0c, 0x50, 0x59, 0x11, 0x16, 0x08, 0x00, 0x01, 0x00, 0x50, 0x59, 0x05,
    0x01, 0x03, 0x03, 0x01, 0x0f, 0x00, 0x3f, 0x33, 0x2f, 0x11, 0x33, 0x2b, 0x11, 0x00, 0x33, 0x18,
    0x3f, 0x2b, 0x11, 0x12, 0x01, 0x39, 0x39, 0x11, 0x33, 0x33, 0x11, 0x33, 0x31, 0x30, 0x13, 0x35,
    0x33, 0x13, 0x33, 0x11, 0x21, 0x15, 0x21, 0x11, 0x14, 0x16, 0x33, 0x32, 0x37, 0x15, 0x06, 0x23,
    0x22, 0x26, 0x35, 0x11, 0xbe, 0xaa, 0x3a, 0x78, 0x01, 0xb0, 0xfe, 0x50, 0x55, 0x61, 0x86, 0xa3,
    0xa9, 0xa6, 0xa2, 0xa2, 0x03, 0xac, 0x8e, 0x01, 0x1a, 0xfe, 0xe6, 0x8e, 0xfd, 0x74, 0x4f, 0x4c,
    0x22, 0x89, 0x2e, 0x89, 0x94, 0x02, 0x9f, 0x00, 0x00, 0x01, 0x00, 0xb9, 0xff, 0xec, 0x04, 0x1f,
    0x04, 0x3a, 0x00, 0x19, 0x00, 0x2f, 0x40, 0x17, 0x11, 0x08, 0x08, 0x09, 0x01, 0x18, 0x18, 0x09,
    0x1a, 0x1b, 0x11, 0x15, 0x15, 0x04, 0x50, 0x59, 0x15, 0x16, 0x0d, 0x15, 0x08, 0x00, 0x0f, 0x00,
    0x3f, 0x32, 0x3f, 0x3f, 0x2b, 0x11, 0x00, 0x33, 0x11, 0x12, 0x01, 0x39, 0x39, 0x11, 0x33, 0x11,
    0x33, 0x11, 0x33, 0x31, 0x30, 0x01, 0x11, 0x14, 0x16, 0x33, 0x32, 0x36, 0x35, 0x11, 0x33, 0x11,
    0x14, 0x17, 0x23, 0x2e, 0x02, 0x27, 0x23, 0x0e, 0x01, 0x23, 0x22, 0x26, 0x35, 0x11, 0x01, 0x6d,
    0x62, 0x7e, 0x81, 0x96, 0xb5, 0x06, 0xaa, 0x01, 0x02, 0x03, 0x02, 0x03, 0x3e, 0xa3, 0x79, 0xb2,
    0xa5, 0x04, 0x3a, 0xfd, 0x52, 0x9c, 0x79, 0xb0, 0xa0, 0x02, 0x73, 0xfc, 0xad, 0xbd, 0x2a, 0x05,
    0x2c, 0x39, 0x4f, 0x70, 0x5d, 0xb1, 0xcc, 0x02, 0xd1, 0x00, 0x00, 0x01, 0x00, 0x45, 0x00, 0x00,
    0x04, 0x87, 0x04, 0x3a, 0x00, 0x0a, 0x00, 0x34, 0x40, 0x1a, 0x01, 0x00, 0x06, 0x06, 0x02, 0x09,
    0x0a, 0x03, 0x02, 0x0a, 0x02, 0x0c, 0x0b, 0x09, 0x02, 0x0f, 0x55, 0x06, 0x01, 0x44, 0x06, 0x01,
    0x06, 0x00, 0x01, 0x15, 0x00, 0x3f, 0x33, 0x33, 0x5d, 0x5d, 0x3f, 0x33, 0x11, 0x12, 0x01, 0x39,
    0x39, 0x11, 0x33, 0x11, 0x33, 0x12, 0x39, 0x11, 0x33, 0x33, 0x31, 0x30, 0x21, 0x23, 0x01, 0x33,
    0x01, 0x1f, 0x01, 0x3f, 0x01, 0x01, 0x33, 0x02, 0xcb, 0xd5, 0xfe, 0x4f, 0xca, 0x01, 0x0c, 0x11,
    0x34, 0x23, 0x27, 0x01, 0x14, 0xc9, 0x04, 0x3a, 0xfd, 0x40, 0x35, 0xb8, 0x75, 0x76, 0x02, 0xc2,
    0x00, 0x01, 0x00, 0x15, 0x00, 0x00, 0x04, 0xb8, 0x04, 0x3a, 0x00, 0x19, 0x00, 0x5a, 0x40, 0x2e,
    0x01, 0x00, 0x12, 0x0f, 0x0e, 0x03, 0x06, 0x05, 0x0b, 0x12, 0x03, 0x0b, 0x03, 0x07, 0x18, 0x19,
    0x08, 0x07, 0x19, 0x07, 0x1b, 0x1a, 0x03, 0x0e, 0x0e, 0x0b, 0x07, 0x19, 0x19, 0x18, 0x08, 0x07,
    0x0f, 0x12, 0x0b, 0x75, 0x0b, 0x85, 0x0b, 0x02, 0x0b, 0x05, 0x01, 0x00, 0x06, 0x15, 0x00, 0x3f,
    0x33, 0x33, 0x33, 0x33, 0x5d, 0x11, 0x33, 0x3f, 0x33, 0x33, 0x33, 0x2f, 0x11, 0x12, 0x39, 0x2f,
    0x33, 0x11, 0x12, 0x01, 0x39, 0x39, 0x11, 0x33, 0x11, 0x33, 0x12, 0x17, 0x39, 0x11, 0x33, 0x33,
    0x11, 0x33, 0x33, 0x11, 0x33, 0x33, 0x31, 0x30, 0x21, 0x23, 0x03, 0x27, 0x07, 0x03, 0x23, 0x03,
    0x33, 0x13, 0x12, 0x15, 0x36, 0x37, 0x13, 0x33, 0x13, 0x16, 0x17, 0x34, 0x3e, 0x02, 0x37, 0x13,
    0x33, 0x03, 0xfa, 0xcc, 0x8f, 0x39, 0x27, 0xa8, 0xcb, 0xb7, 0xb2, 0x5d, 0x21, 0x27, 0x13, 0x87,
    0xc1, 0x82, 0x20, 0x17, 0x08, 0x0c, 0x0c, 0x03, 0x65, 0xb0, 0x01, 0xd7, 0xca, 0x8b, 0xfd, 0xea,
    0x04, 0x3a, 0xfd, 0xa1, 0xfe, 0xf8, 0x3e, 0xa0, 0x36, 0x01, 0xa8, 0xfe, 0x57, 0x69, 0x6c, 0x1e,
    0x5a, 0x5f, 0x56, 0x19, 0x02, 0x5f, 0x00, 0x01, 0x00, 0x5e, 0x00, 0x00, 0x04, 0x6d, 0x04, 0x3a,
    0x00, 0x0b, 0x00, 0x3c, 0x40, 0x1f, 0x08, 0x09, 0x09, 0x0a, 0x07, 0x01, 0x04, 0x04, 0x03, 0x00,
    0x0b, 0x06, 0x05, 0x05, 0x02, 0x03, 0x03, 0x0b, 0x0c, 0x0d, 0x07, 0x0a, 0x04, 0x01, 0x04, 0x08,
    0x05, 0x0f, 0x03, 0x00, 0x15, 0x00, 0x3f, 0x32, 0x3f, 0x33, 0x17, 0x39, 0x11, 0x12, 0x01, 0x39,
    0x39, 0x11, 0x33, 0x33, 0x11, 0x33, 0x11, 0x33, 0x12, 0x17, 0x39, 0x33, 0x11, 0x33, 0x31, 0x30,
    0x21, 0x09, 0x01, 0x23, 0x09, 0x01, 0x33, 0x09, 0x01, 0x33, 0x09, 0x01, 0x03, 0xa4, 0xfe, 0xbf,
    0xfe, 0xbd, 0xc2, 0x01, 0x9f, 0xfe, 0x73, 0xc7, 0x01, 0x2c, 0x01, 0x2a, 0xc9, 0xfe, 0x73, 0x01,
    0xa4, 0x01, 0xbc, 0xfe, 0x44, 0x02, 0x2c, 0x02, 0x0e, 0xfe, 0x5b, 0x01, 0xa5, 0xfd, 0xf4, 0xfd,
    0xd2, 0x00, 0x00, 0x01, 0x00, 0x42, 0xfe, 0x57, 0x04, 0x89, 0x04, 0x3a, 0x00, 0x14, 0x00, 0x39,
    0x40, 0x1b, 0x12, 0x09, 0x0e, 0x02, 0x0e, 0x0a, 0x10, 0x11, 0x0b, 0x0a, 0x0a, 0x11, 0x15, 0x16,
    0x0e, 0x09, 0x09, 0x05, 0x10, 0x0a, 0x0f, 0x00, 0x05, 0x50, 0x59, 0x00, 0x1b, 0x00, 0x3f, 0x2b,
    0x00, 0x18, 0x3f, 0x33, 0x12, 0x39, 0x2f, 0x33, 0x11, 0x12, 0x01, 0x39, 0x39, 0x11, 0x33, 0x11,
    0x33, 0x12, 0x39, 0x39, 0x11, 0x33, 0x33, 0x31, 0x30, 0x01, 0x22, 0x27, 0x35, 0x16, 0x33, 0x32,
    0x36, 0x3f, 0x01, 0x01, 0x33, 0x01, 0x16, 0x17, 0x37, 0x01, 0x33, 0x01, 0x0e, 0x01, 0x01, 0x24,
    0x4a, 0x32, 0x26, 0x2e, 0x4f, 0x8b, 0x30, 0x12, 0xfe, 0x2a, 0xc0, 0x01, 0x08, 0x5b, 0x07, 0x29,
    0x01, 0x36, 0xbe, 0xfe, 0x38, 0x59, 0xbf, 0xfe, 0x57, 0x0b, 0x87, 0x06, 0x76, 0x81, 0x31, 0x04,
    0x2f, 0xfd, 0x7e, 0xe0, 0x1e, 0x6e, 0x03, 0x12, 0xfb, 0xc6, 0xeb, 0xbe, 0x00, 0x01, 0x00, 0x93,
    0x00, 0x00, 0x04, 0x2c, 0x04, 0x3a, 0x00, 0x09, 0x00, 0x35, 0x40, 0x1a, 0x07, 0x03, 0x01, 0x08,
    0x02, 0x06, 0x01, 0x06, 0x0a, 0x0b, 0x06, 0x03, 0x04, 0x03, 0x50, 0x59, 0x04, 0x0f, 0x01, 0x07,
    0x00, 0x07, 0x50, 0x59, 0x00, 0x15, 0x00, 0x3f, 0x2b, 0x11, 0x00, 0x33, 0x18, 0x3f, 0x2b, 0x11,
    0x00, 0x33, 0x11, 0x12, 0x01, 0x39, 0x39, 0x11, 0x33, 0x33, 0x11, 0x33, 0x33, 0x31, 0x30, 0x33,
    0x35, 0x01, 0x21, 0x35, 0x21, 0x15, 0x01, 0x21, 0x15, 0x93, 0x02, 0xa9, 0xfd, 0x7f, 0x03, 0x4c,
    0xfd, 0x56, 0x02, 0xcf, 0x89, 0x03, 0x26, 0x8b, 0x89, 0xfc, 0xda, 0x8b, 0x00, 0x01, 0x00, 0xe3,
    0xfe, 0x57, 0x04, 0x25, 0x05, 0xcc, 0x00, 0x23, 0x00, 0x56, 0x40, 0x32, 0x10, 0x23, 0x16, 0x1e,
    0x08, 0x0b, 0x1e, 0x23, 0x19, 0x05, 0x03, 0x03, 0x24, 0x25, 0x19, 0x08, 0x07, 0x08, 0x07, 0xf5,
    0x59, 0x0f, 0x08, 0x2f, 0x08, 0x8f, 0x08, 0xcf, 0x08, 0xef, 0x08, 0x05, 0x11, 0x03, 0x08, 0x08,
    0x10, 0x23, 0x10, 0x11, 0xf5, 0x59, 0x10, 0x00, 0x00, 0x22, 0xf5, 0x59, 0x00, 0x1b, 0x00, 0x3f,
    0x2b, 0x00, 0x18, 0x3f, 0x2b, 0x11, 0x12, 0x00, 0x39, 0x18, 0x2f, 0x5f, 0x5e, 0x5d, 0x2b, 0x11,
    0x12, 0x00, 0x39, 0x11, 0x12, 0x01, 0x39, 0x11, 0x17, 0x33, 0x11, 0x33, 0x11, 0x33, 0x31, 0x30,
    0x01, 0x22, 0x26, 0x35, 0x11, 0x34, 0x26, 0x27, 0x35, 0x3e, 0x01, 0x35, 0x11, 0x34, 0x36, 0x33,
    0x21, 0x15, 0x23, 0x22, 0x06, 0x15, 0x11, 0x14, 0x06, 0x07, 0x15, 0x1e, 0x01, 0x15, 0x11, 0x14,
    0x16, 0x3b, 0x01, 0x15, 0x03, 0x1c, 0x82, 0xa4, 0x92, 0x81, 0x82, 0x91, 0xa2, 0x84, 0x01, 0x09,
    0xd5, 0x5b, 0x50, 0x80, 0x67, 0x66, 0x81, 0x50, 0x5b, 0xd5, 0xfe, 0x57, 0xa9, 0x86, 0x01, 0x5f,
    0x6b, 0x78, 0x05, 0x89, 0x05, 0x7a, 0x68, 0x01, 0x60, 0x89, 0xa6, 0x8b, 0x58, 0x6b, 0xfe, 0xa6,
    0x62, 0x95, 0x19, 0x02, 0x18, 0x93, 0x67, 0xfe, 0xa5, 0x6a, 0x59, 0x8b, 0x00, 0x01, 0x02, 0x13,
    0xfe, 0x57, 0x02, 0xb9, 0x05, 0xcc, 0x00, 0x03, 0x00, 0x16, 0x40, 0x09, 0x03, 0x00, 0x00, 0x04,
    0x05, 0x01, 0x00, 0x00, 0x1b, 0x00, 0x3f, 0x3f, 0x11, 0x12, 0x01, 0x39, 0x11, 0x33, 0x31, 0x30,
    0x01, 0x11, 0x33, 0x11, 0x02, 0x13, 0xa6, 0xfe, 0x57, 0x07, 0x75, 0xf8, 0x8b, 0x00, 0x00, 0x01,
    0x00, 0xa7, 0xfe, 0x57, 0x03, 0xe9, 0x05, 0xcc, 0x00, 0x23, 0x00, 0x5a, 0x40, 0x35, 0x09, 0x18,
    0x1b, 0x03, 0x20, 0x13, 0x00, 0x0d, 0x00, 0x20, 0x03, 0x05, 0x05, 0x24, 0x25, 0x09, 0x1b, 0x1c,
    0x1b, 0x1c, 0xf5, 0x59, 0x0f, 0x1b, 0x2f, 0x1b, 0x8f, 0x1b, 0xaf, 0x1b, 0xcf, 0x1b, 0xef, 0x1b,
    0x06, 0x11, 0x03, 0x1b, 0x1b, 0x13, 0x00, 0x13, 0x12, 0xf5, 0x59, 0x13, 0x00, 0x00, 0x01, 0xf5,
    0x59, 0x00, 0x1b, 0x00, 0x3f, 0x2b, 0x00, 0x18, 0x3f, 0x2b, 0x11, 0x12, 0x00, 0x39, 0x18, 0x2f,
    0x5f, 0x5e, 0x5d, 0x2b, 0x11, 0x12, 0x00, 0x39, 0x11, 0x12, 0x01, 0x39, 0x11, 0x17, 0x33, 0x11,
    0x33, 0x11, 0x17, 0x33, 0x31, 0x30, 0x13, 0x35, 0x33, 0x32, 0x36, 0x35, 0x11, 0x34, 0x36, 0x37,
    0x35, 0x2e, 0x01, 0x35, 0x11, 0x34, 0x26, 0x2b, 0x01, 0x35, 0x21, 0x32, 0x16, 0x15, 0x11, 0x14,
    0x16, 0x17, 0x15, 0x0e, 0x01, 0x15, 0x11, 0x14, 0x06, 0x23, 0xa7, 0xd5, 0x5b, 0x51, 0x80, 0x66,
    0x66, 0x80, 0x50, 0x5c, 0xd5, 0x01, 0x09, 0x85, 0xa1, 0x92, 0x81, 0x82, 0x91, 0xa4, 0x82, 0xfe,
    0x57, 0x8b, 0x59, 0x6a, 0x01, 0x5b, 0x66, 0x94, 0x18, 0x02, 0x19, 0x96, 0x61, 0x01, 0x5a, 0x69,
    0x5a, 0x8b, 0xa6, 0x89, 0xfe, 0xa0, 0x69, 0x79, 0x05, 0x89, 0x05, 0x79, 0x6a, 0xfe, 0xa1, 0x87,
    0xa8, 0x00, 0x00, 0x01, 0x00, 0x6c, 0x02, 0x29, 0x04, 0x60, 0x03, 0x27, 0x00, 0x15, 0x00, 0x38,
    0x40, 0x20, 0x13, 0x07, 0x16, 0x17, 0x00, 0x10, 0xad, 0x59, 0x07, 0x00, 0x40, 0x17, 0x1c, 0x48,
    0x00, 0x40, 0x09, 0x0c, 0x48, 0x00, 0x0b, 0x40, 0x13, 0x0b, 0x0b, 0x05, 0xad, 0x59, 0x0f, 0x0b,
    0x01, 0x0b, 0x00, 0x2f, 0x5d, 0x2b, 0x11, 0x00, 0x33, 0x1a, 0x18, 0x10, 0xcd, 0x2b, 0x2b, 0x32,
    0x2b, 0x11, 0x12, 0x01, 0x39, 0x39, 0x31, 0x30, 0x01, 0x32, 0x17, 0x1e, 0x01, 0x33, 0x32, 0x37,
    0x15, 0x0e, 0x01, 0x23, 0x22, 0x26, 0x27, 0x26, 0x23, 0x22, 0x06, 0x07, 0x35, 0x36, 0x01, 0x73,
    0x66, 0x85, 0x93, 0x57, 0x24, 0x82, 0x72, 0x3c, 0x73, 0x55, 0x45, 0x91, 0x49, 0x81, 0x58, 0x43,
    0x74, 0x41, 0x6f, 0x03, 0x27, 0x2e, 0x33, 0x14, 0x5c, 0x95, 0x2a, 0x26, 0x2c, 0x1a, 0x2d, 0x29,
    0x2f, 0x8f, 0x54, 0x00, 0xff, 0xff, 0x00, 0x00, 0x00, 0x00, 0x00, 0x00, 0x00, 0x00, 0x10, 0x06,
    0x00, 0x01, 0x00, 0x00, 0x00, 0x02, 0x02, 0x03, 0xfe, 0xf6, 0x02, 0xc9, 0x04, 0x3a, 0x00, 0x03,
    0x00, 0x07, 0x00, 0x2d, 0x40, 0x13, 0x02, 0x04, 0x04, 0x03, 0x07, 0x07, 0x08, 0x09, 0x00, 0x00,
    0x07, 0x03, 0x07, 0x06, 0x9d, 0x5b, 0x07, 0x0f, 0x03, 0xb8, 0x01, 0x0e, 0x00, 0x3f, 0x3f, 0x2b,
    0x11, 0x12, 0x00, 0x39, 0x18, 0x2f, 0x11, 0x12, 0x01, 0x39, 0x11, 0x33, 0x33, 0x11, 0x33, 0x31,
    0x30, 0x01, 0x33, 0x13, 0x23, 0x13, 0x15, 0x23, 0x35, 0x02, 0x1b, 0x94, 0x18, 0xc4, 0xc6, 0xc2,
    0x02, 0xad, 0xfc, 0x49, 0x05, 0x44, 0xc9, 0xc9, 0x00, 0x03, 0xff, 0xcc, 0xff, 0xc3, 0x04, 0x46,
    0x05, 0xc3, 0x00, 0x00, 0x00, 0x09, 0x00, 0x2a, 0x00, 0x00, 0x03, 0x01, 0x06, 0x07, 0x06, 0x15,
    0x14, 0x17, 0x16, 0x17, 0x11, 0x23, 0x35, 0x26, 0x02, 0x35, 0x34, 0x12, 0x37, 0x35, 0x37, 0x15,
    0x33, 0x15, 0x1e, 0x01, 0x17, 0x07, 0x26, 0x27, 0x26, 0x27, 0x11, 0x36, 0x37, 0x36, 0x37, 0x17,
    0x0e, 0x01, 0x07, 0x15, 0x23, 0x34, 0x02, 0x6e, 0x6e, 0x40, 0x50, 0x54, 0x41, 0x6a, 0x01, 0xd0,
    0xe5, 0xe8, 0xcd, 0x7f, 0x01, 0x9d, 0xcc, 0x1d, 0xb9, 0x11, 0x42, 0x2f, 0x4c, 0x49, 0x34, 0x4a,
    0x10, 0xb6, 0x15, 0xd6, 0xa1, 0x01, 0x05, 0xc3, 0xfe, 0x5a, 0x11, 0x4e, 0x64, 0xbe, 0xc6, 0x64,
    0x4e, 0x12, 0xfe, 0xb1, 0xc3, 0x0f, 0x01, 0x13, 0xe8, 0xf0, 0x01, 0x19, 0x12, 0xb8, 0x02, 0x02,
    0xb8, 0x0d, 0xa9, 0x8c, 0x0e, 0x5b, 0x36, 0x27, 0x0b, 0xfc, 0xf4, 0x0c, 0x27, 0x38, 0x69, 0x0c,
    0x8e, 0xb8, 0x0e, 0xc3, 0x00, 0x01, 0x00, 0x38, 0x00, 0x00, 0x04, 0x93, 0x05, 0x5a, 0x00, 0x26,
    0x00, 0x6e, 0x40, 0x3b, 0x26, 0x00, 0x00, 0x14, 0x13, 0x22, 0x03, 0x1b, 0x1f, 0x0c, 0x1f, 0x03,
    0x03, 0x08, 0x13, 0x08, 0x27, 0x28, 0x1e, 0x0a, 0x0b, 0x0a, 0x73, 0x59, 0x1b, 0x0f, 0x0b, 0x01,
    0x0c, 0x03, 0x0b, 0x0b, 0x03, 0x10, 0x10, 0x17, 0x73, 0x59, 0x00, 0x14, 0x10, 0x14, 0x02, 0x09,
    0x03, 0x14, 0x14, 0x10, 0x07, 0x04, 0x22, 0x03, 0x22, 0x73, 0x59, 0x26, 0x26, 0x03, 0x18, 0x00,
    0x3f, 0x33, 0x2f, 0x2b, 0x11, 0x00, 0x33, 0x18, 0x3f, 0x33, 0x2f, 0x5f, 0x5e, 0x5d, 0x2b, 0x11,
    0x12, 0x00, 0x39, 0x18, 0x2f, 0x5f, 0x5e, 0x5d, 0x33, 0x2b, 0x11, 0x00, 0x33, 0x11, 0x12, 0x01,
    0x39, 0x39, 0x11, 0x17, 0x33, 0x11, 0x33, 0x11, 0x33, 0x11, 0x33, 0x33, 0x11, 0x33, 0x31, 0x30,
    0x25, 0x06, 0x23, 0x21, 0x35, 0x3e, 0x02, 0x3d, 0x01, 0x23, 0x35, 0x33, 0x35, 0x34, 0x36, 0x33,
    0x32, 0x16, 0x17, 0x07, 0x2e, 0x01, 0x23, 0x22, 0x06, 0x1d, 0x01, 0x21, 0x15, 0x21, 0x15, 0x14,
    0x06, 0x07, 0x21, 0x32, 0x36, 0x37, 0x04, 0x93, 0x32, 0xb8, 0xfc, 0x8f, 0x57, 0x47, 0x25, 0xba,
    0xba, 0xd9, 0xcd, 0x99, 0xcc, 0x22, 0xae, 0x16, 0x75, 0x4e, 0x7a, 0x78, 0x01, 0x98, 0xfe, 0x68,
    0x48, 0x53, 0x02, 0x58, 0x3b, 0x39, 0x0b, 0xf0, 0xf0, 0x9a, 0x2c, 0x4e, 0x71, 0x52, 0x8d, 0x8e,
    0xdc, 0xc2, 0xca, 0x79, 0x6d, 0x39, 0x3f, 0x40, 0x73, 0x7d, 0xd8, 0x8e, 0x8b, 0x80, 0x8f, 0x2c,
    0x35, 0x35, 0x00, 0x02, 0x00, 0x9e, 0x00, 0xe1, 0x04, 0x2f, 0x04, 0x73, 0x00, 0x1b, 0x00, 0x27,
    0x00, 0x61, 0x40, 0x33, 0x1c, 0x00, 0x22, 0x0e, 0x00, 0x0e, 0x28, 0x29, 0x12, 0x18, 0x18, 0x15,
    0x09, 0x05, 0x0c, 0x02, 0x10, 0x1a, 0x13, 0x17, 0x17, 0x1a, 0x02, 0x05, 0x04, 0x07, 0x15, 0x15,
    0x1f, 0xb0, 0x59, 0x10, 0x15, 0x30, 0x15, 0x02, 0x0f, 0x15, 0x01, 0x0c, 0x03, 0x15, 0x0a, 0x04,
    0x04, 0x07, 0x07, 0x25, 0xb0, 0x59, 0x07, 0x00, 0x2f, 0x2b, 0x11, 0x00, 0x33, 0x18, 0x2f, 0x33,
    0x2f, 0x5f, 0x5e, 0x5d, 0x5d, 0x2b, 0x11, 0x12, 0x00, 0x17, 0x39, 0x11, 0x33, 0x11, 0x33, 0x11,
    0x33, 0x11, 0x33, 0x11, 0x33, 0x18, 0x2f, 0x33, 0x11, 0x12, 0x01, 0x39, 0x39, 0x11, 0x33, 0x11,
    0x33, 0x31, 0x30, 0x13, 0x34, 0x37, 0x27, 0x37, 0x17, 0x36, 0x33, 0x32, 0x17, 0x37, 0x17, 0x07,
    0x16, 0x15, 0x14, 0x07, 0x17, 0x07, 0x27, 0x06, 0x23, 0x22, 0x27, 0x07, 0x27, 0x37, 0x26, 0x37,
    0x14, 0x16, 0x33, 0x32, 0x36, 0x35, 0x34, 0x26, 0x23, 0x22, 0x06, 0xb6, 0x4e, 0x64, 0x68, 0x63,
    0x72, 0x8c, 0x89, 0x72, 0x61, 0x68, 0x60, 0x50, 0x52, 0x64, 0x66, 0x65, 0x72, 0x89, 0x8f, 0x6d,
    0x69, 0x66, 0x66, 0x4e, 0x9a, 0xa4, 0x75, 0x72, 0xa6, 0xa5, 0x73, 0x75, 0xa4, 0x02, 0xac, 0x8a,
    0x72, 0x64, 0x67, 0x65, 0x52, 0x50, 0x61, 0x69, 0x60, 0x75, 0x87, 0x8a, 0x72, 0x64, 0x69, 0x65,
    0x4e, 0x50, 0x69, 0x69, 0x66, 0x72, 0x8c, 0x72, 0xa6, 0xa2, 0x76, 0x74, 0xa5, 0xa7, 0x00, 0x01,
    0x00, 0x34, 0x00, 0x00, 0x04, 0x98, 0x05, 0x45, 0x00, 0x16, 0x00, 0x5a, 0x40, 0x2f, 0x13, 0x12,
    0x12, 0x15, 0x16, 0x14, 0x09, 0x00, 0x04, 0x16, 0x03, 0x08, 0x0d, 0x11, 0x08, 0x03, 0x09, 0x09,
    0x17, 0x18, 0x07, 0x0b, 0x0c, 0x0b, 0x60, 0x59, 0x04, 0x0c, 0x03, 0x0f, 0x10, 0x0f, 0x60, 0x59,
    0x14, 0x00, 0x10, 0x0c, 0x10, 0x0c, 0x10, 0x08, 0x15, 0x12, 0x03, 0x08, 0x12, 0x00, 0x3f, 0x3f,
    0x33, 0x12, 0x39, 0x39, 0x2f, 0x2f, 0x11, 0x33, 0x33, 0x2b, 0x11, 0x00, 0x33, 0x11, 0x33, 0x2b,
    0x11, 0x00, 0x33, 0x11, 0x12, 0x01, 0x39, 0x11, 0x17, 0x33, 0x11, 0x17, 0x33, 0x12, 0x39, 0x11,
    0x33, 0x32, 0x11, 0x33, 0x31, 0x30, 0x01, 0x21, 0x15, 0x21, 0x15, 0x21, 0x15, 0x21, 0x11, 0x23,
    0x11, 0x21, 0x35, 0x21, 0x37, 0x21, 0x35, 0x21, 0x01, 0x33, 0x09, 0x01, 0x33, 0x02, 0xfc, 0x01,
    0x41, 0xfe, 0x81, 0x01, 0x7f, 0xfe, 0x81, 0xb2, 0xfe, 0x83, 0x01, 0x7d, 0x02, 0xfe, 0x81, 0x01,
    0x40, 0xfe, 0x65, 0xc7, 0x01, 0x69, 0x01, 0x6d, 0xc7, 0x02, 0xa7, 0x8e, 0x89, 0x90, 0xff, 0x00,
    0x01, 0x00, 0x90, 0x89, 0x8e, 0x02, 0x9e, 0xfd, 0x97, 0x02, 0x69, 0x00, 0x00, 0x02, 0x02, 0x13,
    0xfe, 0x39, 0x02, 0xb9, 0x05, 0xae, 0x00, 0x03, 0x00, 0x07, 0x00, 0x26, 0x40, 0x11, 0x03, 0x07,
    0x07, 0x00, 0x04, 0x04, 0x08, 0x09, 0x05, 0x00, 0x05, 0x00, 0x01, 0x04, 0x1b, 0x01, 0x00, 0x00,
    0x3f, 0x3f, 0x12, 0x39, 0x39, 0x2f, 0x2f, 0x11, 0x12, 0x01, 0x39, 0x11, 0x33, 0x33, 0x11, 0x33,
    0x31, 0x30, 0x01, 0x11, 0x33, 0x11, 0x03, 0x11, 0x33, 0x11, 0x02, 0x13, 0xa6, 0xa6, 0xa6, 0x02,
    0xa4, 0x03, 0x0a, 0xfc, 0xf6, 0xfb, 0x95, 0x03, 0x0b, 0xfc, 0xf5, 0x00, 0x00, 0x02, 0x00, 0x9f,
    0xff, 0x54, 0x04, 0x2c, 0x05, 0xcc, 0x00, 0x34, 0x00, 0x41, 0x00, 0x8a, 0x40, 0x49, 0x3f, 0x15,
    0x3b, 0x18, 0x3b, 0x2c, 0x2f, 0x38, 0x35, 0x0a, 0x32, 0x32, 0x2c, 0x1f, 0x1e, 0x1e, 0x2c, 0x35,
    0x12, 0x25, 0x18, 0x18, 0x12, 0x04, 0x03, 0x03, 0x12, 0x2c, 0x12, 0x42, 0x43, 0x38, 0x0e, 0x2f,
    0x3f, 0x29, 0x15, 0x14, 0x2f, 0x24, 0x2f, 0x02, 0x0d, 0x2f, 0x01, 0x0f, 0x04, 0x2f, 0x15, 0x00,
    0x1b, 0x1b, 0x22, 0x51, 0x59, 0x00, 0x1f, 0x60, 0x1f, 0x02, 0x0b, 0x03, 0x1f, 0x1f, 0x1b, 0x00,
    0x07, 0x51, 0x59, 0x04, 0x04, 0x00, 0x00, 0x00, 0x3f, 0x32, 0x2f, 0x2b, 0x00, 0x18, 0x2f, 0x33,
    0x2f, 0x5f, 0x5e, 0x5d, 0x2b, 0x11, 0x12, 0x00, 0x39, 0x39, 0x5f, 0x5e, 0x5d, 0x5d, 0x11, 0x33,
    0x33, 0x11, 0x33, 0x33, 0x11, 0x12, 0x01, 0x39, 0x39, 0x11, 0x33, 0x11, 0x33, 0x11, 0x33, 0x11,
    0x33, 0x11, 0x33, 0x11, 0x33, 0x11, 0x33, 0x11, 0x33, 0x11, 0x33, 0x12, 0x39, 0x39, 0x11, 0x33,
    0x11, 0x12, 0x39, 0x39, 0x31, 0x30, 0x01, 0x32, 0x16, 0x17, 0x07, 0x2e, 0x01, 0x23, 0x22, 0x06,
    0x15, 0x14, 0x1e, 0x01, 0x17, 0x1e, 0x02, 0x15, 0x14, 0x06, 0x07, 0x1e, 0x01, 0x15, 0x14, 0x06,
    0x23, 0x22, 0x26, 0x27, 0x37, 0x1e, 0x01, 0x33, 0x32, 0x36, 0x35, 0x34, 0x2e, 0x01, 0x27, 0x2e,
    0x01, 0x35, 0x34, 0x36, 0x37, 0x2e, 0x01, 0x35, 0x34, 0x36, 0x01, 0x34, 0x26, 0x27, 0x0e, 0x01,
    0x15, 0x14, 0x1e, 0x01, 0x17, 0x3e, 0x01, 0x02, 0x78, 0xad, 0xd5, 0x1b, 0xa1, 0x0e, 0x81, 0x6d,
    0x7d, 0x81, 0x3c, 0x6f, 0x82, 0x93, 0x9c, 0x56, 0x77, 0x64, 0x70, 0x65, 0xe7, 0xd2, 0xd1, 0xdb,
    0x22, 0xa1, 0x14, 0x8f, 0x8a, 0x83, 0x96, 0x40, 0x75, 0x9f, 0xc3, 0xaa, 0x7b, 0x69, 0x60, 0x6f,
    0xd3, 0x01, 0xe1, 0x8b, 0xb0, 0x6d, 0x81, 0x3b, 0x6f, 0x81, 0x77, 0x87, 0x05, 0xcc, 0x85, 0x7f,
    0x14, 0x4f, 0x51, 0x59, 0x47, 0x30, 0x46, 0x34, 0x1f, 0x23, 0x53, 0x76, 0x51, 0x63, 0x96, 0x18,
    0x30, 0x81, 0x5b, 0x94, 0xa9, 0x85, 0x8b, 0x1f, 0x5d, 0x5a, 0x60, 0x55, 0x38, 0x4e, 0x38, 0x27,
    0x2d, 0x9c, 0x70, 0x59, 0x94, 0x1e, 0x20, 0x86, 0x56, 0x8b, 0x9b, 0xfc, 0xcb, 0x48, 0x68, 0x29,
    0x06, 0x6a, 0x54, 0x31, 0x49, 0x36, 0x21, 0x02, 0x65, 0x00, 0x00, 0x02, 0x01, 0x4f, 0x04, 0xc3,
    0x03, 0x7c, 0x05, 0x7b, 0x00, 0x03, 0x00, 0x07, 0x00, 0x36, 0x40, 0x20, 0x03, 0x00, 0x00, 0x07,
    0x04, 0x04, 0x08, 0x09, 0x05, 0x01, 0x00, 0x01, 0x90, 0x5b, 0x04, 0x0f, 0x00, 0x3f, 0x00, 0x5f,
    0x00, 0xaf, 0x00, 0xbf, 0x00, 0x05, 0x00, 0x40, 0x16, 0x1e, 0x48, 0x00, 0x00, 0x2f, 0x2b, 0x5d,
    0x32, 0x2b, 0x11, 0x00, 0x33, 0x11, 0x12, 0x01, 0x39, 0x11, 0x33, 0x33, 0x11, 0x33, 0x31, 0x30,
    0x01, 0x35, 0x33, 0x15, 0x21, 0x35, 0x33, 0x15, 0x02, 0xd9, 0xa3, 0xfd, 0xd3, 0xa5, 0x04, 0xc3,
    0xb8, 0xb8, 0xb8, 0xb8, 0x00, 0x03, 0x00, 0x1f, 0x00, 0x26, 0x04, 0xad, 0x05, 0xcc, 0x00, 0x18,
    0x00, 0x28, 0x00, 0x35, 0x00, 0x9e, 0x40, 0x65, 0x30, 0x00, 0x0d, 0x06, 0x13, 0x13, 0x07, 0x12,
    0x0d, 0x12, 0x21, 0x29, 0x19, 0x21, 0x19, 0x36, 0x37, 0x00, 0x06, 0x10, 0x06, 0x80, 0x06, 0x90,
    0x06, 0xa0, 0x06, 0x05, 0x00, 0x06, 0x80, 0x06, 0x90, 0x06, 0x03, 0x0c, 0x03, 0x06, 0x06, 0x0a,
    0x0a, 0x03, 0xc9, 0x59, 0x10, 0x16, 0xc9, 0x59, 0x13, 0x13, 0x10, 0x5f, 0x0a, 0x01, 0x0f, 0x0a,
    0x1f, 0x0a, 0x7f, 0x0a, 0x8f, 0x0a, 0xef, 0x0a, 0xff, 0x0a, 0x06, 0xb0, 0x10, 0xc0, 0x10, 0x02,
    0x00, 0x10, 0x10, 0x10, 0x70, 0x10, 0x80, 0x10, 0x04, 0x09, 0x03, 0x0a, 0x10, 0x0a, 0x10, 0x1d,
    0x25, 0x25, 0x2c, 0xc8, 0x59, 0x25, 0x00, 0x1d, 0x33, 0xc8, 0x59, 0x1d, 0xd0, 0x00, 0x3f, 0x2b,
    0x00, 0x18, 0x3f, 0x2b, 0x11, 0x12, 0x00, 0x39, 0x39, 0x18, 0x2f, 0x2f, 0x5f, 0x5e, 0x5d, 0x71,
    0x5d, 0x71, 0x11, 0x33, 0x2f, 0x2b, 0x2b, 0x11, 0x00, 0x33, 0x18, 0x2f, 0x5f, 0x5e, 0x5d, 0x71,
    0x11, 0x12, 0x01, 0x39, 0x39, 0x11, 0x33, 0x12, 0x39, 0x39, 0x11, 0x33, 0x33, 0x11, 0x33, 0x11,
    0x33, 0x32, 0x31, 0x30, 0x01, 0x14, 0x16, 0x33, 0x32, 0x36, 0x37, 0x17, 0x0e, 0x01, 0x23, 0x22,
    0x26, 0x35, 0x34, 0x36, 0x33, 0x32, 0x17, 0x07, 0x2e, 0x01, 0x23, 0x22, 0x06, 0x05, 0x14, 0x02,
    0x04, 0x23, 0x22, 0x24, 0x02, 0x35, 0x34, 0x12, 0x24, 0x33, 0x32, 0x04, 0x12, 0x07, 0x10, 0x00,
    0x23, 0x22, 0x06, 0x02, 0x15, 0x10, 0x00, 0x33, 0x32, 0x00, 0x01, 0x8e, 0x76, 0x6a, 0x41, 0x60,
    0x23, 0x73, 0x34, 0x99, 0x6a, 0xa8, 0xb9, 0xb2, 0xa8, 0xd9, 0x56, 0x72, 0x1a, 0x61, 0x40, 0x6b,
    0x70, 0x03, 0x1f, 0x8e, 0xfe, 0xf8, 0xb1, 0xb1, 0xfe, 0xf9, 0x8f, 0x8e, 0x01, 0x09, 0xb0, 0xb0,
    0x01, 0x09, 0x8e, 0x5c, 0xfe, 0xfc, 0xe7, 0x97, 0xdb, 0x76, 0x00, 0xff, 0xe9, 0xe9, 0x01, 0x02,
    0x02, 0xfb, 0x99, 0xad, 0x4a, 0x52, 0x23, 0x76, 0x6b, 0xe3, 0xcb, 0xca, 0xde, 0xd1, 0x21, 0x43,
    0x46, 0xa1, 0xa0, 0xe3, 0xfe, 0xb9, 0xa9, 0xab, 0x01, 0x46, 0xe2, 0xe2, 0x01, 0x46, 0xab, 0xaa,
    0xfe, 0xbb, 0xe4, 0x01, 0x2d, 0x01, 0x47, 0x91, 0xfe, 0xe5, 0xc8, 0xfe, 0xd5, 0xfe, 0xb6, 0x01,
    0x48, 0x00, 0x00, 0x02, 0x00, 0xce, 0x02, 0x8b, 0x03, 0xfd, 0x05, 0x98, 0x00, 0x22, 0x00, 0x2e,
    0x00, 0x62, 0x40, 0x1e, 0x0a, 0x0b, 0x0b, 0x23, 0x00, 0x1c, 0x04, 0x2a, 0x2a, 0x12, 0x00, 0x12,
    0x2f, 0x30, 0x15, 0x26, 0x20, 0x26, 0xe4, 0x59, 0x03, 0x2b, 0xe4, 0x59, 0x03, 0x03, 0x0e, 0x1c,
    0x1a, 0x20, 0xb8, 0x01, 0x16, 0x40, 0x12, 0x0f, 0x0a, 0x01, 0x16, 0x03, 0x0a, 0x40, 0x0e, 0x11,
    0x48, 0x0a, 0x0a, 0x0e, 0x0e, 0x07, 0xe4, 0x59, 0x0e, 0xb8, 0x01, 0x15, 0x00, 0x3f, 0x2b, 0x11,
    0x00, 0x33, 0x18, 0x2f, 0x2b, 0x5f, 0x5e, 0x5d, 0x3f, 0x33, 0x33, 0x12, 0x39, 0x2f, 0x2b, 0x2b,
    0x11, 0x00, 0x33, 0x11, 0x12, 0x01, 0x39, 0x39, 0x11, 0x33, 0x11, 0x33, 0x33, 0x11, 0x33, 0x33,
    0x11, 0x33, 0x31, 0x30, 0x13, 0x34, 0x36, 0x3f, 0x01, 0x35, 0x34, 0x23, 0x22, 0x06, 0x07, 0x27,
    0x3e, 0x01, 0x33, 0x32, 0x16, 0x15, 0x11, 0x14, 0x16, 0x33, 0x32, 0x37, 0x15, 0x06, 0x23, 0x22,
    0x27, 0x23, 0x0e, 0x01, 0x23, 0x22, 0x26, 0x37, 0x14, 0x16, 0x33, 0x32, 0x3e, 0x01, 0x3d, 0x01,
    0x07, 0x0e, 0x01, 0xce, 0xb4, 0xb2, 0xbf, 0xb4, 0x54, 0x5c, 0x0b, 0x95, 0x12, 0xb0, 0x92, 0x99,
    0xa6, 0x1f, 0x2b, 0x19, 0x18, 0x32, 0x34, 0x9a, 0x06, 0x04, 0x2b, 0x92, 0x66, 0x79, 0x89, 0x93,
    0x52, 0x46, 0x45, 0x73, 0x42, 0x9a, 0x82, 0x76, 0x03, 0x66, 0x75, 0x7b, 0x02, 0x04, 0x2b, 0xb6,
    0x44, 0x4d, 0x0a, 0x6a, 0x78, 0x86, 0x85, 0xfe, 0xdd, 0x3a, 0x3c, 0x08, 0x5e, 0x0d, 0xa0, 0x4d,
    0x59, 0x72, 0x7d, 0x40, 0x4a, 0x44, 0x6d, 0x36, 0x33, 0x04, 0x03, 0x43, 0x00, 0x02, 0x00, 0x7f,
    0x00, 0x8d, 0x04, 0x60, 0x03, 0xac, 0x00, 0x08, 0x00, 0x11, 0x00, 0x54, 0x40, 0x29, 0x00, 0x08,
    0x08, 0x03, 0x04, 0x04, 0x06, 0x01, 0x09, 0x11, 0x11, 0x0c, 0x0d, 0x0f, 0x0d, 0x01, 0x03, 0x0a,
    0x0a, 0x12, 0x13, 0x0b, 0x02, 0x02, 0x06, 0x0a, 0x01, 0x01, 0x0f, 0x06, 0x06, 0x00, 0x0c, 0x03,
    0x00, 0x03, 0xef, 0x5b, 0x09, 0x00, 0xee, 0x00, 0x3f, 0x32, 0x2b, 0x11, 0x00, 0x33, 0x12, 0x39,
    0x3d, 0x2f, 0x33, 0x33, 0x11, 0x33, 0x11, 0x33, 0x11, 0x33, 0x11, 0x12, 0x01, 0x39, 0x11, 0x17,
    0x33, 0x11, 0x33, 0x33, 0x11, 0x33, 0x11, 0x33, 0x33, 0x11, 0x33, 0x33, 0x11, 0x33, 0x31, 0x30,
    0x25, 0x01, 0x35, 0x01, 0x33, 0x15, 0x09, 0x01, 0x15, 0x21, 0x01, 0x35, 0x01, 0x33, 0x15, 0x09,
    0x01, 0x15, 0x03, 0xac, 0xfe, 0xae, 0x01, 0x52, 0xb2, 0xfe, 0xae, 0x01, 0x54, 0xfd, 0x6f, 0xfe,
    0xb0, 0x01, 0x50, 0xb1, 0xfe, 0xb1, 0x01, 0x51, 0x8d, 0x01, 0x6d, 0x3f, 0x01, 0x73, 0x1f, 0xfe,
    0x8c, 0xfe, 0x91, 0x1d, 0x01, 0x6d, 0x3f, 0x01, 0x73, 0x1f, 0xfe, 0x8c, 0xfe, 0x91, 0x1d, 0x00,
    0x00, 0x01, 0x00, 0x74, 0x00, 0xb4, 0x04, 0x57, 0x02, 0xf2, 0x00, 0x05, 0x00, 0x28, 0x40, 0x13,
    0x01, 0x04, 0x03, 0x04, 0x06, 0x07, 0x0f, 0x00, 0x01, 0x0c, 0x03, 0x00, 0x02, 0x03, 0x02, 0xad,
    0x59, 0x03, 0xb3, 0x00, 0x3f, 0x2b, 0x00, 0x18, 0x10, 0xc6, 0x5f, 0x5e, 0x5d, 0x11, 0x12, 0x01,
    0x39, 0x39, 0x11, 0x33, 0x31, 0x30, 0x25, 0x11, 0x21, 0x35, 0x21, 0x11, 0x03, 0xc6, 0xfc, 0xae,
    0x03, 0xe3, 0xb4, 0x01, 0xac, 0x92, 0xfd, 0xc2, 0xff, 0xff, 0x01, 0x4e, 0x01, 0xd0, 0x03, 0x7e,
    0x02, 0x70, 0x10, 0x06, 0x00, 0x0e, 0x00, 0x00, 0x00, 0x04, 0x00, 0x1f, 0x00, 0x26, 0x04, 0xad,
    0x05, 0xcc, 0x00, 0x0f, 0x00, 0x1c, 0x00, 0x2a, 0x00, 0x33, 0x00, 0x7d, 0x40, 0x45, 0x17, 0x08,
    0x29, 0x1e, 0x1e, 0x26, 0x30, 0x20, 0x20, 0x21, 0x1d, 0x2a, 0x2a, 0x2b, 0x26, 0x21, 0x26, 0x08,
    0x10, 0x00, 0x08, 0x00, 0x34, 0x35, 0x1d, 0x21, 0x29, 0x1f, 0x30, 0x1f, 0xc8, 0x59, 0x22, 0x2f,
    0xc8, 0x59, 0x00, 0x22, 0x10, 0x22, 0x02, 0x0f, 0x21, 0x1f, 0x21, 0x02, 0x09, 0x03, 0x21, 0x30,
    0x22, 0x22, 0x30, 0x21, 0x03, 0x04, 0x0c, 0x0c, 0x13, 0xc8, 0x59, 0x0c, 0x00, 0x04, 0x1a, 0xc8,
    0x59, 0x04, 0xd0, 0x00, 0x3f, 0x2b, 0x00, 0x18, 0x3f, 0x2b, 0x11, 0x12, 0x00, 0x17, 0x39, 0x18,
    0x2f, 0x2f, 0x2f, 0x5f, 0x5e, 0x5d, 0x5d, 0x2b, 0x2b, 0x11, 0x00, 0x33, 0x11, 0x33, 0x11, 0x12,
    0x01, 0x39, 0x39, 0x11, 0x33, 0x12, 0x39, 0x39, 0x11, 0x33, 0x33, 0x11, 0x33, 0x11, 0x33, 0x11,
    0x33, 0x12, 0x39, 0x11, 0x33, 0x11, 0x33, 0x31, 0x30, 0x01, 0x14, 0x02, 0x04, 0x23, 0x22, 0x24,
    0x02, 0x35, 0x34, 0x12, 0x24, 0x33, 0x32, 0x04, 0x12, 0x07, 0x10, 0x00, 0x23, 0x22, 0x06, 0x02,
    0x15, 0x10, 0x00, 0x33, 0x32, 0x00, 0x05, 0x03, 0x23, 0x11, 0x23, 0x11, 0x21, 0x32, 0x16, 0x15,
    0x14, 0x06, 0x07, 0x13, 0x03, 0x34, 0x26, 0x2b, 0x01, 0x11, 0x33, 0x32, 0x36, 0x04, 0xad, 0x8e,
    0xfe, 0xf8, 0xb1, 0xb1, 0xfe, 0xf9, 0x8f, 0x8e, 0x01, 0x09, 0xb0, 0xb0, 0x01, 0x09, 0x8e, 0x5c,
    0xfe, 0xfc, 0xe7, 0x97, 0xdb, 0x76, 0x00, 0xff, 0xe9, 0xe9, 0x01, 0x02, 0xfe, 0xde, 0xc7, 0xa1,
    0x7f, 0x01, 0x33, 0x8e, 0x97, 0x68, 0x55, 0xdd, 0x9f, 0x5f, 0x51, 0xaa, 0xb6, 0x50, 0x54, 0x02,
    0xf9, 0xe3, 0xfe, 0xb9, 0xa9, 0xab, 0x01, 0x46, 0xe2, 0xe2, 0x01, 0x46, 0xab, 0xaa, 0xfe, 0xbb,
    0xe4, 0x01, 0x2d, 0x01, 0x47, 0x91, 0xfe, 0xe5, 0xc8, 0xfe, 0xd5, 0xfe, 0xb6, 0x01, 0x48, 0x75,
    0x01, 0x50, 0xfe, 0xb0, 0x03, 0x3f, 0x7e, 0x6f, 0x66, 0x7b, 0x13, 0xfe, 0xa2, 0x02, 0x50, 0x45,
    0x48, 0xfe, 0xd3, 0x55, 0xff, 0xff, 0xff, 0xfb, 0x05, 0xf2, 0x04, 0xd1, 0x06, 0x52, 0x12, 0x07,
    0x00, 0x40, 0x00, 0x00, 0x06, 0xce, 0x00, 0x02, 0x01, 0x47, 0x03, 0x20, 0x03, 0x85, 0x05, 0x5a,
    0x00, 0x0b, 0x00, 0x17, 0x00, 0x33, 0x40, 0x1a, 0x0c, 0x00, 0x00, 0x12, 0x06, 0x06, 0x18, 0x19,
    0x03, 0x15, 0xaf, 0x59, 0x00, 0x03, 0x01, 0x09, 0x03, 0x03, 0x03, 0x09, 0x09, 0x0f, 0xaf, 0x59,
    0x09, 0x04, 0x00, 0x3f, 0x2b, 0x11, 0x00, 0x33, 0x18, 0x2f, 0x5f, 0x5e, 0x5d, 0x2b, 0x11, 0x12,
    0x01, 0x39, 0x11, 0x33, 0x33, 0x11, 0x33, 0x31, 0x30, 0x01, 0x14, 0x06, 0x23, 0x22, 0x26, 0x35,
    0x34, 0x36, 0x33, 0x32, 0x16, 0x07, 0x34, 0x26, 0x23, 0x22, 0x06, 0x15, 0x14, 0x16, 0x33, 0x32,
    0x36, 0x03, 0x85, 0xa9, 0x76, 0x76, 0xa9, 0xa7, 0x78, 0x78, 0xa7, 0x6d, 0x67, 0x4b, 0x4b, 0x67,
    0x69, 0x49, 0x4a, 0x68, 0x04, 0x3d, 0x77, 0xa6, 0xa8, 0x75, 0x75, 0xa8, 0xa6, 0x77, 0x4c, 0x68,
    0x6a, 0x4a, 0x4a, 0x6a, 0x69, 0x00, 0x00, 0x02, 0x00, 0x74, 0x00, 0x00, 0x04, 0x57, 0x04, 0xc3,
    0x00, 0x0b, 0x00, 0x0f, 0x00, 0x68, 0x40, 0x37, 0x09, 0x00, 0x00, 0x06, 0x03, 0x03, 0x04, 0x0f,
    0x0b, 0x0c, 0x04, 0x0b, 0x04, 0x10, 0x11, 0x0c, 0x0d, 0xad, 0x59, 0x0c, 0x04, 0x02, 0x0e, 0x59,
    0x07, 0x05, 0x0e, 0x0f, 0x07, 0x01, 0x0f, 0x07, 0x1f, 0x07, 0x5f, 0x07, 0x6f, 0x07, 0xaf, 0x07,
    0xbf, 0x07, 0x06, 0x11, 0x03, 0x07, 0x05, 0x00, 0x04, 0x05, 0x04, 0xad, 0x59, 0x09, 0x05, 0xb8,
    0xff, 0xc0, 0xb3, 0x13, 0x16, 0x48, 0x05, 0x00, 0x2f, 0x2b, 0x33, 0x2b, 0x11, 0x00, 0x33, 0x18,
    0x10, 0xc6, 0x5f, 0x5e, 0x5d, 0x71, 0x2b, 0x2b, 0x00, 0x18, 0x2f, 0x2b, 0x11, 0x12, 0x01, 0x39,
    0x39, 0x11, 0x33, 0x11, 0x33, 0x12, 0x39, 0x11, 0x33, 0x33, 0x11, 0x33, 0x31, 0x30, 0x01, 0x11,
    0x23, 0x11, 0x21, 0x35, 0x21, 0x11, 0x33, 0x11, 0x21, 0x15, 0x01, 0x35, 0x21, 0x15, 0x02, 0xaf,
    0x93, 0xfe, 0x58, 0x01, 0xa8, 0x93, 0x01, 0xa8, 0xfc, 0x1d, 0x03, 0xe3, 0x02, 0xa8, 0xfe, 0x75,
    0x01, 0x8b, 0x91, 0x01, 0x8a, 0xfe, 0x76, 0x91, 0xfd, 0x58, 0x91, 0x91, 0x00, 0x01, 0x01, 0x38,
    0x02, 0x33, 0x03, 0x94, 0x05, 0x8d, 0x00, 0x1c, 0x00, 0x44, 0x40, 0x22, 0x0d, 0x0e, 0x0e, 0x1a,
    0x00, 0x1b, 0x07, 0x14, 0x00, 0x14, 0x1d, 0x1e, 0x0f, 0x0d, 0x01, 0x0d, 0x03, 0x0d, 0x0d, 0x11,
    0x11, 0x0a, 0xe4, 0x59, 0x11, 0xde, 0x01, 0x1a, 0x00, 0x1a, 0xe4, 0x59, 0x00, 0xdd, 0x00, 0x3f,
    0x2b, 0x11, 0x00, 0x33, 0x18, 0x3f, 0x2b, 0x11, 0x00, 0x33, 0x18, 0x2f, 0x5f, 0x5e, 0x5d, 0x11,
    0x12, 0x01, 0x39, 0x39, 0x11, 0x33, 0x33, 0x11, 0x33, 0x33, 0x11, 0x33, 0x31, 0x30, 0x01, 0x27,
    0x3e, 0x01, 0x37, 0x3e, 0x01, 0x35, 0x34, 0x26, 0x23, 0x22, 0x06, 0x07, 0x27, 0x3e, 0x01, 0x33,
    0x32, 0x16, 0x15, 0x14, 0x06, 0x07, 0x0e, 0x01, 0x07, 0x21, 0x17, 0x01, 0x3a, 0x02, 0x1f, 0x80,
    0x6c, 0x61, 0x58, 0x47, 0x4a, 0x44, 0x58, 0x08, 0x85, 0x0d, 0xa4, 0x7e, 0x83, 0x91, 0x5e, 0x60,
    0x84, 0x64, 0x18, 0x01, 0xcb, 0x02, 0x02, 0x33, 0x67, 0x45, 0x80, 0x4b, 0x42, 0x72, 0x3c, 0x3e,
    0x4b, 0x49, 0x44, 0x08, 0x6c, 0x83, 0x7f, 0x70, 0x4b, 0x86, 0x44, 0x5d, 0x5c, 0x32, 0x6b, 0x00,
    0x00, 0x01, 0x01, 0x32, 0x02, 0x27, 0x03, 0x99, 0x05, 0x8d, 0x00, 0x25, 0x00, 0x7e, 0x40, 0x47,
    0x22, 0x1f, 0x0e, 0x0e, 0x05, 0x00, 0x18, 0x19, 0x19, 0x06, 0x05, 0x12, 0x1f, 0x1f, 0x0a, 0x00,
    0x05, 0x00, 0x26, 0x27, 0x22, 0x0e, 0x0d, 0x0e, 0x0d, 0xe4, 0x59, 0x5f, 0x0e, 0x6f, 0x0e, 0x02,
    0x0c, 0x0e, 0x1c, 0x0e, 0x02, 0x09, 0x0e, 0x0e, 0x03, 0x1c, 0x0f, 0x18, 0x1f, 0x18, 0x2f, 0x18,
    0x03, 0x0d, 0x03, 0x18, 0x18, 0x1c, 0x1c, 0x15, 0xe4, 0x59, 0x1c, 0xde, 0x03, 0x08, 0xe4, 0x59,
    0x40, 0x06, 0x01, 0x06, 0x06, 0x03, 0xdf, 0x00, 0x3f, 0x33, 0x2f, 0x5d, 0x2b, 0x00, 0x18, 0x3f,
    0x2b, 0x11, 0x00, 0x33, 0x18, 0x2f, 0x5f, 0x5e, 0x5d, 0x11, 0x12, 0x39, 0x2f, 0x5e, 0x5d, 0x5d,
    0x2b, 0x11, 0x12, 0x00, 0x39, 0x11, 0x12, 0x01, 0x39, 0x39, 0x11, 0x33, 0x33, 0x11, 0x33, 0x11,
    0x33, 0x33, 0x11, 0x33, 0x11, 0x12, 0x39, 0x11, 0x12, 0x39, 0x31, 0x30, 0x01, 0x14, 0x06, 0x23,
    0x20, 0x27, 0x37, 0x16, 0x33, 0x32, 0x35, 0x34, 0x2b, 0x01, 0x35, 0x33, 0x32, 0x36, 0x35, 0x34,
    0x26, 0x23, 0x22, 0x06, 0x07, 0x27, 0x3e, 0x01, 0x33, 0x32, 0x16, 0x15, 0x14, 0x06, 0x07, 0x15,
    0x1e, 0x01, 0x03, 0x99, 0x9b, 0x8e, 0xfe, 0xe2, 0x20, 0x88, 0x12, 0xa4, 0xa0, 0xbd, 0x3d, 0x39,
    0x50, 0x5c, 0x4a, 0x47, 0x44, 0x54, 0x06, 0x87, 0x0d, 0x9d, 0x7f, 0x82, 0x94, 0x56, 0x5a, 0x5b,
    0x6a, 0x03, 0x1b, 0x74, 0x80, 0xe3, 0x0d, 0x88, 0x94, 0x89, 0x6d, 0x48, 0x41, 0x3c, 0x45, 0x46,
    0x41, 0x0c, 0x6d, 0x78, 0x77, 0x62, 0x4b, 0x6e, 0x14, 0x02, 0x09, 0x69, 0x00, 0x01, 0x01, 0x92,
    0x04, 0xb1, 0x03, 0x3a, 0x05, 0xb4, 0x00, 0x05, 0x00, 0x18, 0x40, 0x0b, 0x03, 0x00, 0x00, 0x06,
    0x07, 0x05, 0x02, 0x8c, 0x5b, 0x05, 0x93, 0x00, 0x3f, 0x2b, 0x11, 0x12, 0x01, 0x39, 0x11, 0x33,
    0x31, 0x30, 0x01, 0x35, 0x37, 0x33, 0x15, 0x05, 0x01, 0x92, 0xe3, 0xc5, 0xfe, 0xd4, 0x04, 0xb1,
    0x14, 0xef, 0x1d, 0xe6, 0x00, 0x01, 0x00, 0x90, 0xfe, 0x77, 0x04, 0x3c, 0x04, 0x3a, 0x00, 0x1b,
    0x00, 0x39, 0x40, 0x1c, 0x11, 0x0a, 0x0d, 0x0d, 0x0e, 0x03, 0x17, 0x17, 0x18, 0x0e, 0x18, 0x1c,
    0x1d, 0x17, 0x0f, 0x0f, 0x0e, 0x1b, 0x06, 0x13, 0x50, 0x59, 0x09, 0x03, 0x06, 0x16, 0x00, 0x15,
    0x00, 0x3f, 0x3f, 0x33, 0x33, 0x2b, 0x00, 0x18, 0x3f, 0x3f, 0x33, 0x11, 0x12, 0x01, 0x39, 0x39,
    0x11, 0x33, 0x11, 0x33, 0x11, 0x33, 0x11, 0x33, 0x33, 0x31, 0x30, 0x21, 0x2e, 0x01, 0x35, 0x23,
    0x06, 0x23, 0x22, 0x26, 0x27, 0x23, 0x16, 0x15, 0x11, 0x23, 0x11, 0x33, 0x11, 0x10, 0x21, 0x32,
    0x36, 0x35, 0x11, 0x33, 0x11, 0x14, 0x17, 0x03, 0x94, 0x02, 0x08, 0x04, 0x6a, 0xe4, 0x52, 0x80,
    0x20, 0x04, 0x04, 0xb6, 0xb6, 0x01, 0x08, 0x83, 0xb0, 0xb5, 0x06, 0x0b, 0xa2, 0x1a, 0xdb, 0x40,
    0x3a, 0x2b, 0x4f, 0xfe, 0x8b, 0x05, 0xc3, 0xfd, 0x7c, 0xfe, 0xc3, 0xc1, 0x97, 0x02, 0x69, 0xfc,
    0xaf, 0xbf, 0x2a, 0x00, 0x00, 0x01, 0x00, 0x7f, 0xfe, 0xbc, 0x04, 0x38, 0x05, 0x45, 0x00, 0x0f,
    0x00, 0x36, 0x40, 0x0f, 0x05, 0x06, 0x06, 0x02, 0x0a, 0x02, 0x01, 0x0a, 0x01, 0x10, 0x11, 0x04,
    0x0f, 0x0e, 0x0f, 0xb8, 0x01, 0x10, 0xb7, 0x59, 0x07, 0x07, 0x01, 0x0e, 0x03, 0x06, 0x01, 0x00,
    0x2f, 0x33, 0x3f, 0x12, 0x39, 0x2f, 0x2b, 0x11, 0x00, 0x33, 0x11, 0x12, 0x01, 0x39, 0x39, 0x11,
    0x33, 0x11, 0x12, 0x39, 0x11, 0x33, 0x31, 0x30, 0x01, 0x11, 0x23, 0x11, 0x23, 0x11, 0x23, 0x11,
    0x22, 0x26, 0x35, 0x34, 0x36, 0x33, 0x21, 0x15, 0x03, 0xb7, 0x84, 0xc5, 0x85, 0xa8, 0xc2, 0xc5,
    0xad, 0x02, 0x47, 0x04, 0xcb, 0xf9, 0xf1, 0x06, 0x0f, 0xf9, 0xf1, 0x03, 0xbe, 0xb9, 0xaa, 0xa9,
    0xbf, 0x7a, 0xff, 0xff, 0x01, 0xf0, 0x01, 0xa4, 0x02, 0xdb, 0x02, 0xcf, 0x12, 0x06, 0x00, 0xc5,
    0x00, 0x00, 0x00, 0x01, 0x00, 0x77, 0xfe, 0x44, 0x01, 0xe3, 0x00, 0x00, 0x00, 0x13, 0x00, 0x3f,
    0x40, 0x21, 0x10, 0x11, 0x11, 0x0f, 0x0e, 0x0e, 0x04, 0x09, 0x09, 0x04, 0x00, 0x00, 0x14, 0x15,
    0x11, 0x0c, 0x92, 0x59, 0x11, 0x40, 0x0d, 0x10, 0x48, 0x11, 0x11, 0x07, 0x0f, 0x02, 0x07, 0x8d,
    0x59, 0x02, 0x95, 0x00, 0x3f, 0x2b, 0x00, 0x18, 0x2f, 0x12, 0x39, 0x2f, 0x2b, 0x2b, 0x11, 0x12,
    0x01, 0x39, 0x11, 0x33, 0x33, 0x11, 0x12, 0x39, 0x11, 0x33, 0x33, 0x11, 0x33, 0x31, 0x30, 0x01,
    0x14, 0x21, 0x22, 0x27, 0x35, 0x16, 0x33, 0x32, 0x35, 0x34, 0x26, 0x23, 0x22, 0x07, 0x37, 0x33,
    0x07, 0x1e, 0x01, 0x01, 0xe3, 0xfe, 0xee, 0x39, 0x21, 0x32, 0x24, 0x93, 0x3d, 0x48, 0x2b, 0x0e,
    0x41, 0x6b, 0x27, 0x5e, 0x5e, 0xfe, 0xfe, 0xba, 0x04, 0x62, 0x06, 0x56, 0x28, 0x2a, 0x02, 0xb6,
    0x64, 0x03, 0x53, 0x00, 0x00, 0x01, 0x01, 0x1d, 0x02, 0x33, 0x03, 0x9b, 0x05, 0x82, 0x00, 0x0e,
    0x00, 0x35, 0x40, 0x1c, 0x0d, 0x0c, 0x01, 0x06, 0x0a, 0x0c, 0x04, 0x02, 0x02, 0x0f, 0x10, 0x07,
    0x06, 0xe4, 0x59, 0x07, 0x07, 0x03, 0x0a, 0xdc, 0x0c, 0x01, 0x00, 0x01, 0xe4, 0x59, 0x00, 0xdd,
    0x00, 0x3f, 0x2b, 0x11, 0x00, 0x33, 0x18, 0x3f, 0x33, 0x33, 0x2f, 0x2b, 0x11, 0x12, 0x01, 0x39,
    0x11, 0x17, 0x33, 0x11, 0x33, 0x31, 0x30, 0x01, 0x35, 0x21, 0x11, 0x0e, 0x01, 0x23, 0x35, 0x32,
    0x36, 0x37, 0x33, 0x11, 0x33, 0x15, 0x01, 0x23, 0x01, 0x09, 0x19, 0x9e, 0x58, 0x63, 0x95, 0x21,
    0x79, 0xec, 0x02, 0x33, 0x6b, 0x02, 0x62, 0x32, 0x41, 0x6d, 0x49, 0x3f, 0xfd, 0x1c, 0x6b, 0x00,
    0x00, 0x02, 0x00, 0xe2, 0x02, 0x8b, 0x03, 0xea, 0x05, 0x98, 0x00, 0x0b, 0x00, 0x16, 0x00, 0x2d,
    0x40, 0x0d, 0x11, 0x06, 0x0c, 0x00, 0x06, 0x00, 0x17, 0x18, 0x09, 0x0f, 0xe4, 0x59, 0x09, 0xb8,
    0x01, 0x15, 0xb4, 0x03, 0x14, 0xe4, 0x59, 0x03, 0xb8, 0x01, 0x16, 0x00, 0x3f, 0x2b, 0x00, 0x18,
    0x3f, 0x2b, 0x11, 0x12, 0x01, 0x39, 0x39, 0x11, 0x33, 0x11, 0x33, 0x31, 0x30, 0x01, 0x14, 0x06,
    0x23, 0x22, 0x26, 0x35, 0x34, 0x36, 0x33, 0x32, 0x16, 0x07, 0x34, 0x26, 0x23, 0x22, 0x11, 0x14,
    0x16, 0x33, 0x32, 0x36, 0x03, 0xea, 0xcd, 0xba, 0xb6, 0xcb, 0xce, 0xb7, 0xbd, 0xc6, 0x95, 0x78,
    0x72, 0xf1, 0x76, 0x71, 0x75, 0x7f, 0x04, 0x12, 0xb7, 0xd0, 0xd6, 0xb1, 0xb6, 0xd0, 0xc9, 0xbd,
    0x97, 0x86, 0xfe, 0xe3, 0x8c, 0x92, 0x85, 0x00, 0x00, 0x02, 0x00, 0x6b, 0x00, 0x8d, 0x04, 0x4c,
    0x03, 0xac, 0x00, 0x08, 0x00, 0x11, 0x00, 0x56, 0x40, 0x2b, 0x03, 0x07, 0x06, 0x05, 0x00, 0x05,
    0x07, 0x03, 0x01, 0x01, 0x0a, 0x0c, 0x10, 0x0f, 0x0e, 0x09, 0x0e, 0x10, 0x03, 0x0a, 0x0a, 0x12,
    0x13, 0x11, 0x08, 0x08, 0x03, 0x10, 0x07, 0x07, 0x0c, 0x03, 0x03, 0x00, 0x0f, 0x06, 0x00, 0x06,
    0xef, 0x5b, 0x09, 0x00, 0xee, 0x00, 0x3f, 0x32, 0x2b, 0x11, 0x00, 0x33, 0x12, 0x39, 0x3d, 0x2f,
    0x33, 0x33, 0x11, 0x33, 0x11, 0x33, 0x11, 0x33, 0x11, 0x12, 0x01, 0x39, 0x11, 0x17, 0x33, 0x11,
    0x33, 0x11, 0x33, 0x11, 0x33, 0x11, 0x17, 0x33, 0x11, 0x33, 0x11, 0x33, 0x31, 0x30, 0x25, 0x23,
    0x35, 0x09, 0x01, 0x35, 0x33, 0x01, 0x15, 0x01, 0x23, 0x35, 0x09, 0x01, 0x35, 0x33, 0x01, 0x15,
    0x02, 0xfa, 0xb2, 0x01, 0x52, 0xfe, 0xb0, 0xb0, 0x01, 0x52, 0xfc, 0xd3, 0xb4, 0x01, 0x52, 0xfe,
    0xb0, 0xb2, 0x01, 0x4f, 0x8d, 0x1d, 0x01, 0x6f, 0x01, 0x74, 0x1f, 0xfe, 0x8d, 0x3f, 0xfe, 0x93,
    0x1d, 0x01, 0x6f, 0x01, 0x74, 0x1f, 0xfe, 0x8d, 0x3f, 0x00, 0xff, 0xff, 0x00, 0x1b, 0x00, 0x00,
    0x04, 0xcd, 0x05, 0x45, 0x10, 0x27, 0x00, 0xc6, 0xfe, 0xf6, 0x00, 0x00, 0x10, 0x26, 0x00, 0xc4,
    0x00, 0x00, 0x11, 0x07, 0x00, 0xc9, 0x01, 0x98, 0xfd, 0xb6, 0x00, 0x28, 0x40, 0x17, 0x03, 0x02,
    0x14, 0x18, 0x03, 0x02, 0x50, 0x15, 0x01, 0x40, 0x15, 0x01, 0x15, 0x01, 0x60, 0x10, 0x01, 0x10,
    0x00, 0x20, 0x00, 0x01, 0x00, 0x11, 0x5d, 0x35, 0x11, 0x5d, 0x35, 0x11, 0x5d, 0x5d, 0x35, 0x35,
    0x00, 0x3f, 0x35, 0x35, 0xff, 0xff, 0x00, 0x11, 0x00, 0x00, 0x04, 0xb0, 0x05, 0x45, 0x10, 0x27,
    0x00, 0xc6, 0xfe, 0xec, 0x00, 0x00, 0x10, 0x26, 0x00, 0xc4, 0xf0, 0x00, 0x11, 0x07, 0x00, 0xc7,
    0x01, 0xac, 0xfd, 0xb4, 0x00, 0x18, 0x40, 0x0d, 0x02, 0x13, 0x18, 0x01, 0x60, 0x10, 0x01, 0x10,
    0x00, 0x20, 0x00, 0x01, 0x00, 0x11, 0x5d, 0x35, 0x11, 0x5d, 0x35, 0x00, 0x3f, 0x35, 0xff, 0xff,
    0x00, 0x0b, 0x00, 0x00, 0x04, 0xcd, 0x05, 0x51, 0x10, 0x27, 0x00, 0xc8, 0xff, 0x21, 0x00, 0x00,
    0x10, 0x26, 0x00, 0xc4, 0x19, 0x00, 0x11, 0x07, 0x00, 0xc9, 0x01, 0x98, 0xfd, 0xb6, 0x00, 0x20,
    0x40, 0x12, 0x03, 0x02, 0x2a, 0x18, 0x03, 0x02, 0x50, 0x2f, 0x01, 0x40, 0x2f, 0x01, 0x2f, 0x00,
    0x40, 0x00, 0x01, 0x00, 0x11, 0x5d, 0x35, 0x11, 0x5d, 0x5d, 0x35, 0x35, 0x00, 0x3f, 0x35, 0x35,
    0x00, 0x02, 0x00, 0x99, 0xfe, 0xdf, 0x04, 0x6c, 0x04, 0x39, 0x00, 0x1d, 0x00, 0x21, 0x00, 0x48,
    0x40, 0x21, 0x09, 0x1e, 0x1e, 0x08, 0x21, 0x21, 0x18, 0x11, 0x00, 0x17, 0x18, 0x00, 0x18, 0x22,
    0x23, 0x08, 0x08, 0x21, 0x1b, 0x21, 0x20, 0x9d, 0x5b, 0x21, 0x0f, 0x17, 0x17, 0x1b, 0x1b, 0x14,
    0x5f, 0x59, 0x1b, 0xb8, 0x01, 0x0f, 0x00, 0x3f, 0x2b, 0x11, 0x00, 0x33, 0x18, 0x2f, 0x3f, 0x2b,
    0x11, 0x12, 0x00, 0x39, 0x18, 0x2f, 0x11, 0x12, 0x01, 0x39, 0x39, 0x11, 0x33, 0x11, 0x33, 0x12,
    0x39, 0x11, 0x33, 0x33, 0x11, 0x33, 0x31, 0x30, 0x37, 0x34, 0x3e, 0x01, 0x37, 0x3e, 0x02, 0x37,
    0x33, 0x0e, 0x02, 0x07, 0x0e, 0x02, 0x15, 0x14, 0x16, 0x33, 0x32, 0x36, 0x37, 0x17, 0x06, 0x04,
    0x23, 0x22, 0x24, 0x01, 0x15, 0x23, 0x35, 0x99, 0x2c, 0x53, 0x5c, 0x6e, 0x47, 0x29, 0x01, 0xaf,
    0x02, 0x2d, 0x4f, 0x5f, 0x6b, 0x43, 0x28, 0x9f, 0x88, 0x87, 0xa9, 0x0e, 0xb8, 0x1a, 0xfe, 0xf5,
    0xcf, 0xdf, 0xff, 0x00, 0x02, 0x71, 0xc3, 0x4f, 0x49, 0x72, 0x61, 0x43, 0x4f, 0x4a, 0x56, 0x37,
    0x46, 0x6f, 0x5d, 0x46, 0x4f, 0x4a, 0x55, 0x37, 0x6d, 0x75, 0x92, 0x7e, 0x0c, 0xc5, 0xd5, 0xc1,
    0x04, 0x99, 0xc9, 0xc9, 0xff, 0xff, 0x00, 0x00, 0x00, 0x00, 0x04, 0xcc, 0x06, 0xa7, 0x12, 0x26,
    0x00, 0x22, 0x00, 0x00, 0x11, 0x07, 0x00, 0x41, 0xff, 0xa3, 0x00, 0xf3, 0x00, 0x15, 0xb4, 0x02,
    0x0e, 0x05, 0x26, 0x02, 0xb8, 0xff, 0xa3, 0xb4, 0x0f, 0x12, 0x04, 0x07, 0x25, 0x01, 0x2b, 0x35,
    0x00, 0x2b, 0x35, 0x00, 0xff, 0xff, 0x00, 0x00, 0x00, 0x00, 0x04, 0xcc, 0x06, 0xa8, 0x12, 0x26,
    0x00, 0x22, 0x00, 0x00, 0x11, 0x07, 0x00, 0x74, 0x00, 0x5d, 0x00, 0xf4, 0x00, 0x13, 0x40, 0x0b,
    0x02, 0x0e, 0x05, 0x26, 0x02, 0x5d, 0x0e, 0x11, 0x04, 0x07, 0x25, 0x01, 0x2b, 0x35, 0x00, 0x2b,
    0x35, 0x00, 0xff, 0xff, 0x00, 0x00, 0x00, 0x00, 0x04, 0xcc, 0x06, 0xa8, 0x12, 0x26, 0x00, 0x22,
    0x00, 0x00, 0x11, 0x07, 0x00, 0xc1, 0x00, 0x00, 0x00, 0xf4, 0x00, 0x13, 0x40, 0x0b, 0x02, 0x0f,
    0x05, 0x26, 0x02, 0x00, 0x14, 0x0e, 0x04, 0x07, 0x25, 0x01, 0x2b, 0x35, 0x00, 0x2b, 0x35, 0x00,
    0xff, 0xff, 0x00, 0x00, 0x00, 0x00, 0x04, 0xcc, 0x06, 0x9d, 0x12, 0x26, 0x00, 0x22, 0x00, 0x00,
    0x11, 0x07, 0x00, 0xc3, 0x00, 0x00, 0x00, 0xf4, 0x00, 0x13, 0x40, 0x0b, 0x02, 0x0e, 0x05, 0x26,
    0x02, 0x00, 0x18, 0x25, 0x04, 0x07, 0x25, 0x01, 0x2b, 0x35, 0x00, 0x2b, 0x35, 0x00, 0xff, 0xff,
    0x00, 0x00, 0x00, 0x00, 0x04, 0xcc, 0x06, 0x5d, 0x12, 0x26, 0x00, 0x22, 0x00, 0x00, 0x11, 0x07,
    0x00, 0x68, 0x00, 0x00, 0x00, 0xe2, 0x00, 0x17, 0x40, 0x0d, 0x03, 0x02, 0x0e, 0x05, 0x26, 0x03,
    0x02, 0x00, 0x12, 0x10, 0x04, 0x07, 0x25, 0x01, 0x2b, 0x35, 0x35, 0x00, 0x2b, 0x35, 0x35, 0x00,
    0xff, 0xff, 0x00, 0x00, 0x00, 0x00, 0x04, 0xcc, 0x06, 0x60, 0x12, 0x26, 0x00, 0x22, 0x00, 0x00,
    0x11, 0x06, 0x00, 0xc2, 0x03, 0x55, 0x00, 0x16, 0x40, 0x0c, 0x03, 0x02, 0x23, 0x03, 0x03, 0x02,
    0x03, 0x14, 0x0e, 0x04, 0x07, 0x25, 0x01, 0x2b, 0x35, 0x35, 0x00, 0x3f, 0x35, 0x35, 0x00, 0x02,
    0x00, 0x01, 0x00, 0x00, 0x04, 0xab, 0x05, 0x45, 0x00, 0x0f, 0x00, 0x15, 0x00, 0x82, 0x40, 0x4c,
    0x0a, 0x0d, 0x0f, 0x14, 0x01, 0x11, 0x02, 0x11, 0x04, 0x0f, 0x03, 0x06, 0x0e, 0x08, 0x0c, 0x0c,
    0x15, 0x0f, 0x0f, 0x0d, 0x03, 0x0e, 0x03, 0x17, 0x16, 0x14, 0x01, 0x5f, 0x59, 0x08, 0x0b, 0x5f,
    0x59, 0x1f, 0x08, 0x2f, 0x08, 0x02, 0x0f, 0x08, 0x2f, 0x08, 0x3f, 0x08, 0x5f, 0x08, 0x7f, 0x08,
    0xaf, 0x08, 0xdf, 0x08, 0x07, 0x1f, 0x03, 0x14, 0x08, 0x14, 0x08, 0x0f, 0x04, 0x11, 0x07, 0x04,
    0x07, 0x5f, 0x59, 0x04, 0x03, 0x0f, 0x0c, 0x5f, 0x59, 0x03, 0x0f, 0x12, 0x00, 0x3f, 0x33, 0x2b,
    0x00, 0x18, 0x3f, 0x2b, 0x11, 0x00, 0x33, 0x11, 0x12, 0x39, 0x39, 0x18, 0x2f, 0x2f, 0x5f, 0x5e,
    0x5d, 0x71, 0x2b, 0x2b, 0x11, 0x12, 0x01, 0x39, 0x39, 0x11, 0x12, 0x39, 0x11, 0x33, 0x33, 0x11,
    0x33, 0x11, 0x33, 0x11, 0x12, 0x39, 0x39, 0x11, 0x12, 0x39, 0x39, 0x11, 0x12, 0x39, 0x31, 0x30,
    0x01, 0x21, 0x03, 0x23, 0x01, 0x21, 0x15, 0x21, 0x11, 0x21, 0x15, 0x21, 0x11, 0x21, 0x15, 0x21,
    0x11, 0x23, 0x06, 0x02, 0x03, 0x21, 0x02, 0x86, 0xfe, 0xb1, 0x8e, 0xa8, 0x01, 0xe6, 0x02, 0x9b,
    0xfe, 0xaf, 0x01, 0x47, 0xfe, 0xb9, 0x01, 0x7a, 0xfd, 0xdb, 0x49, 0x04, 0x4d, 0x82, 0x01, 0x1c,
    0x01, 0x9c, 0xfe, 0x64, 0x05, 0x45, 0x98, 0xfe, 0x52, 0x96, 0xfe, 0x2f, 0x98, 0x04, 0xb2, 0x10,
    0xfe, 0xfc, 0xfe, 0x93, 0xff, 0xff, 0x00, 0x71, 0xfe, 0x44, 0x04, 0x76, 0x05, 0x5a, 0x12, 0x26,
    0x00, 0x24, 0x00, 0x00, 0x11, 0x07, 0x00, 0x78, 0x01, 0x62, 0x00, 0x00, 0x00, 0x0b, 0xb6, 0x01,
    0x1b, 0x1b, 0x17, 0x0c, 0x07, 0x25, 0x01, 0x2b, 0x35, 0x00, 0xff, 0xff, 0x00, 0xa2, 0x00, 0x00,
    0x04, 0x62, 0x06, 0xa8, 0x12, 0x26, 0x00, 0x26, 0x00, 0x00, 0x11, 0x07, 0x00, 0x41, 0xff, 0xb9,
    0x00, 0xf4, 0x00, 0x15, 0xb4, 0x01, 0x0c, 0x05, 0x26, 0x01, 0xb8, 0xff, 0x9d, 0xb4, 0x0d, 0x10,
    0x00, 0x0a, 0x25, 0x01, 0x2b, 0x35, 0x00, 0x2b, 0x35, 0x00, 0xff, 0xff, 0x00, 0xa2, 0x00, 0x00,
    0x04, 0x62, 0x06, 0xa8, 0x12, 0x26, 0x00, 0x26, 0x00, 0x00, 0x11, 0x07, 0x00, 0x74, 0x00, 0x5b,
    0x00, 0xf4, 0x00, 0x13, 0x40, 0x0b, 0x01, 0x0c, 0x05, 0x26, 0x01, 0x3f, 0x0c, 0x0f, 0x00, 0x0a,
    0x25, 0x01, 0x2b, 0x35, 0x00, 0x2b, 0x35, 0x00, 0xff, 0xff, 0x00, 0xa2, 0x00, 0x00, 0x04, 0x62,
    0x06, 0xa8, 0x12, 0x26, 0x00, 0x26, 0x00, 0x00, 0x11, 0x07, 0x00, 0xc1, 0x00, 0x00, 0x00, 0xf4,
    0x00, 0x15, 0xb4, 0x01, 0x0d, 0x05, 0x26, 0x01, 0xb8, 0xff, 0xe4, 0xb4, 0x12, 0x0c, 0x00, 0x0a,
    0x25, 0x01, 0x2b, 0x35, 0x00, 0x2b, 0x35, 0x00, 0xff, 0xff, 0x00, 0xa2, 0x00, 0x00, 0x04, 0x62,
    0x06, 0x5d, 0x12, 0x26, 0x00, 0x26, 0x00, 0x00, 0x11, 0x07, 0x00, 0x68, 0x00, 0x14, 0x00, 0xe2,
    0x00, 0x19, 0xb6, 0x02, 0x01, 0x0c, 0x05, 0x26, 0x02, 0x01, 0xb8, 0xff, 0xf8, 0xb4, 0x10, 0x0e,
    0x00, 0x0a, 0x25, 0x01, 0x2b, 0x35, 0x35, 0x00, 0x2b, 0x35, 0x35, 0x00, 0xff, 0xff, 0x00, 0xca,
    0x00, 0x00, 0x04, 0x01, 0x06, 0xa8, 0x12, 0x26, 0x00, 0x2a, 0x00, 0x00, 0x11, 0x07, 0x00, 0x41,
    0xff, 0xaf, 0x00, 0xf4, 0x00, 0x15, 0xb4, 0x01, 0x0c, 0x05, 0x26, 0x01, 0xb8, 0xff, 0xb0, 0xb4,
    0x0d, 0x10, 0x00, 0x01, 0x25, 0x01, 0x2b, 0x35, 0x00, 0x2b, 0x35, 0x00, 0xff, 0xff, 0x00, 0xca,
    0x00, 0x00, 0x04, 0x01, 0x06, 0xa8, 0x12, 0x26, 0x00, 0x2a, 0x00, 0x00, 0x11, 0x07, 0x00, 0x74,
    0x00, 0x67, 0x00, 0xf4, 0x00, 0x13, 0x40, 0x0b, 0x01, 0x0c, 0x05, 0x26, 0x01, 0x67, 0x0c, 0x0f,
    0x00, 0x01, 0x25, 0x01, 0x2b, 0x35, 0x00, 0x2b, 0x35, 0x00, 0xff, 0xff, 0x00, 0xca, 0x00, 0x00,
    0x04, 0x01, 0x06, 0xa8, 0x12, 0x26, 0x00, 0x2a, 0x00, 0x00, 0x11, 0x07, 0x00, 0xc1, 0x00, 0x00,
    0x00, 0xf4, 0x00, 0x13, 0x40, 0x0b, 0x01, 0x0d, 0x05, 0x26, 0x01, 0x00, 0x12, 0x0c, 0x00, 0x01,
    0x25, 0x01, 0x2b, 0x35, 0x00, 0x2b, 0x35, 0x00, 0xff, 0xff, 0x00, 0xca, 0x00, 0x00, 0x04, 0x01,
    0x06, 0x5d, 0x12, 0x26, 0x00, 0x2a, 0x00, 0x00, 0x11, 0x07, 0x00, 0x68, 0x00, 0x00, 0x00, 0xe2,
    0x00, 0x17, 0x40, 0x0d, 0x02, 0x01, 0x0c, 0x05, 0x26, 0x02, 0x01, 0x00, 0x10, 0x0e, 0x00, 0x01,
    0x25, 0x01, 0x2b, 0x35, 0x35, 0x00, 0x2b, 0x35, 0x35, 0x00, 0x00, 0x02, 0x00, 0x1b, 0x00, 0x00,
    0x04, 0x65, 0x05, 0x45, 0x00, 0x0c, 0x00, 0x19, 0x00, 0x5c, 0x40, 0x34, 0x19, 0x13, 0x18, 0x0f,
    0x0f, 0x08, 0x04, 0x13, 0x00, 0x04, 0x00, 0x1a, 0x1b, 0x0e, 0x06, 0x07, 0x06, 0x5f, 0x59, 0x18,
    0x3f, 0x07, 0x01, 0x0f, 0x07, 0x7f, 0x07, 0x8f, 0x07, 0xbf, 0x07, 0xef, 0x07, 0x05, 0x0c, 0x03,
    0x07, 0x07, 0x04, 0x09, 0x09, 0x17, 0x5f, 0x59, 0x09, 0x03, 0x04, 0x0f, 0x5f, 0x59, 0x04, 0x12,
    0x00, 0x3f, 0x2b, 0x00, 0x18, 0x3f, 0x2b, 0x11, 0x12, 0x00, 0x39, 0x18, 0x2f, 0x5f, 0x5e, 0x5d,
    0x71, 0x33, 0x2b, 0x11, 0x00, 0x33, 0x11, 0x12, 0x01, 0x39, 0x39, 0x11, 0x33, 0x11, 0x33, 0x33,
    0x11, 0x33, 0x12, 0x39, 0x31, 0x30, 0x01, 0x10, 0x00, 0x29, 0x01, 0x11, 0x23, 0x35, 0x33, 0x11,
    0x21, 0x20, 0x00, 0x01, 0x21, 0x11, 0x33, 0x32, 0x12, 0x11, 0x10, 0x26, 0x2b, 0x01, 0x11, 0x21,
    0x04, 0x65, 0xfe, 0xcd, 0xfe, 0xe2, 0xfe, 0x8e, 0x87, 0x87, 0x01, 0x37, 0x01, 0x49, 0x01, 0x43,
    0xfe, 0x1d, 0xfe, 0xdf, 0xa2, 0xd4, 0xce, 0xdc, 0xef, 0x79, 0x01, 0x21, 0x02, 0xb0, 0xfe, 0xb5,
    0xfe, 0x9b, 0x02, 0x55, 0x95, 0x02, 0x5b, 0xfe, 0xb7, 0xfe, 0x59, 0xfe, 0x47, 0x01, 0x0a, 0x01,
    0x0a, 0x01, 0x08, 0xf1, 0xfe, 0x41, 0xff, 0xff, 0x00, 0xa2, 0x00, 0x00, 0x04, 0x2a, 0x06, 0x9e,
    0x12, 0x26, 0x00, 0x2f, 0x00, 0x00, 0x11, 0x07, 0x00, 0xc3, 0x00, 0x00, 0x00, 0xf5, 0x00, 0x13,
    0x40, 0x0b, 0x01, 0x0e, 0x05, 0x26, 0x01, 0x00, 0x18, 0x25, 0x05, 0x0c, 0x25, 0x01, 0x2b, 0x35,
    0x00, 0x2b, 0x35, 0x00, 0xff, 0xff, 0x00, 0x66, 0xff, 0xec, 0x04, 0x66, 0x06, 0xa8, 0x12, 0x26,
    0x00, 0x30, 0x00, 0x00, 0x11, 0x07, 0x00, 0x41, 0xff, 0xaa, 0x00, 0xf4, 0x00, 0x15, 0xb4, 0x02,
    0x16, 0x05, 0x26, 0x02, 0xb8, 0xff, 0xaa, 0xb4, 0x17, 0x1a, 0x06, 0x00, 0x25, 0x01, 0x2b, 0x35,
    0x00, 0x2b, 0x35, 0x00, 0xff, 0xff, 0x00, 0x66, 0xff, 0xec, 0x04, 0x66, 0x06, 0xa8, 0x12, 0x26,
    0x00, 0x30, 0x00, 0x00, 0x11, 0x07, 0x00, 0x74, 0x00, 0x62, 0x00, 0xf4, 0x00, 0x13, 0x40, 0x0b,
    0x02, 0x16, 0x05, 0x26, 0x02, 0x62, 0x16, 0x19, 0x06, 0x00, 0x25, 0x01, 0x2b, 0x35, 0x00, 0x2b,
    0x35, 0x00, 0xff, 0xff, 0x00, 0x66, 0xff, 0xec, 0x04, 0x66, 0x06, 0xa8, 0x12, 0x26, 0x00, 0x30,
    0x00, 0x00, 0x11, 0x07, 0x00, 0xc1, 0x00, 0x00, 0x00, 0xf4, 0x00, 0x13, 0x40, 0x0b, 0x02, 0x17,
    0x05, 0x26, 0x02, 0x00, 0x1c, 0x16, 0x06, 0x00, 0x25, 0x01, 0x2b, 0x35, 0x00, 0x2b, 0x35, 0x00,
    0xff, 0xff, 0x00, 0x66, 0xff, 0xec, 0x04, 0x66, 0x06, 0x9d, 0x12, 0x26, 0x00, 0x30, 0x00, 0x00,
    0x11, 0x07, 0x00, 0xc3, 0x00, 0x00, 0x00, 0xf4, 0x00, 0x13, 0x40, 0x0b, 0x02, 0x16, 0x05, 0x26,
    0x02, 0x00, 0x20, 0x2d, 0x06, 0x00, 0x25, 0x01, 0x2b, 0x35, 0x00, 0x2b, 0x35, 0x00, 0xff, 0xff,
    0x00, 0x66, 0xff, 0xec, 0x04, 0x66, 0x06, 0x5d, 0x12, 0x26, 0x00, 0x30, 0x00, 0x00, 0x11, 0x07,
    0x00, 0x68, 0x00, 0x03, 0x00, 0xe2, 0x00, 0x17, 0x40, 0x0d, 0x03, 0x02, 0x16, 0x05, 0x26, 0x03,
    0x02, 0x02, 0x1a, 0x18, 0x06, 0x00, 0x25, 0x01, 0x2b, 0x35, 0x35, 0x00, 0x2b, 0x35, 0x35, 0x00,
    0x00, 0x01, 0x00, 0x9d, 0x00, 0xe1, 0x04, 0x2e, 0x04, 0x73, 0x00, 0x0b, 0x00, 0x24, 0x40, 0x0f,
    0x04, 0x0a, 0x0a, 0x08, 0x02, 0x00, 0x06, 0x08, 0x00, 0x08, 0x0c, 0x0d, 0x07, 0x01, 0xb2, 0x00,
    0x19, 0x3f, 0x33, 0x11, 0x12, 0x01, 0x39, 0x39, 0x11, 0x33, 0x11, 0x33, 0x12, 0x39, 0x11, 0x33,
    0x31, 0x30, 0x13, 0x09, 0x01, 0x37, 0x09, 0x01, 0x17, 0x09, 0x01, 0x07, 0x09, 0x01, 0x9d, 0x01,
    0x62, 0xfe, 0xa0, 0x68, 0x01, 0x5e, 0x01, 0x5e, 0x69, 0xfe, 0xa2, 0x01, 0x60, 0x66, 0xfe, 0x9f,
    0xfe, 0x9c, 0x01, 0x4a, 0x01, 0x62, 0x01, 0x60, 0x67, 0xfe, 0x9f, 0x01, 0x5f, 0x69, 0xfe, 0xa4,
    0xfe, 0xa0, 0x69, 0x01, 0x61, 0xfe, 0x9d, 0x00, 0x00, 0x03, 0x00, 0x38, 0xff, 0xda, 0x04, 0x92,
    0x05, 0x70, 0x00, 0x13, 0x00, 0x1b, 0x00, 0x22, 0x00, 0x59, 0x40, 0x32, 0x16, 0x1f, 0x17, 0x1e,
    0x04, 0x1c, 0x14, 0x12, 0x0f, 0x05, 0x08, 0x04, 0x00, 0x1c, 0x07, 0x0a, 0x14, 0x11, 0x00, 0x0a,
    0x00, 0x23, 0x24, 0x17, 0x1e, 0x16, 0x1f, 0x04, 0x21, 0x19, 0x0d, 0x21, 0x5f, 0x59, 0x05, 0x08,
    0x12, 0x0f, 0x04, 0x03, 0x10, 0x0d, 0x04, 0x03, 0x19, 0x5f, 0x59, 0x06, 0x03, 0x13, 0x00, 0x3f,
    0x33, 0x2b, 0x00, 0x18, 0x3f, 0x33, 0x12, 0x17, 0x39, 0x2b, 0x11, 0x12, 0x00, 0x17, 0x39, 0x11,
    0x12, 0x01, 0x39, 0x39, 0x11, 0x33, 0x33, 0x11, 0x33, 0x33, 0x12, 0x17, 0x39, 0x11, 0x12, 0x17,
    0x39, 0x31, 0x30, 0x01, 0x10, 0x00, 0x23, 0x22, 0x27, 0x07, 0x27, 0x37, 0x26, 0x11, 0x10, 0x00,
    0x33, 0x32, 0x17, 0x37, 0x17, 0x07, 0x16, 0x03, 0x34, 0x27, 0x01, 0x16, 0x33, 0x32, 0x12, 0x01,
    0x14, 0x17, 0x01, 0x26, 0x23, 0x20, 0x04, 0x66, 0xfe, 0xf7, 0xf8, 0xda, 0x80, 0x75, 0x5e, 0x8d,
    0x5f, 0x01, 0x04, 0xfd, 0xd9, 0x80, 0x74, 0x5e, 0x8c, 0x60, 0xc9, 0x1e, 0xfe, 0x00, 0x4f, 0x98,
    0xa3, 0x94, 0xfd, 0x92, 0x1e, 0x02, 0x00, 0x4d, 0x99, 0xfe, 0xc8, 0x02, 0xa9, 0xfe, 0xaf, 0xfe,
    0x94, 0x8a, 0x9c, 0x41, 0xbd, 0xae, 0x01, 0x23, 0x01, 0x51, 0x01, 0x60, 0x86, 0x9c, 0x41, 0xbb,
    0xaa, 0xfe, 0xdf, 0xa4, 0x72, 0xfd, 0x52, 0x8a, 0x01, 0x18, 0x01, 0x0a, 0xa6, 0x74, 0x02, 0xac,
    0x83, 0x00, 0xff, 0xff, 0x00, 0x8e, 0xff, 0xec, 0x04, 0x3d, 0x06, 0xa8, 0x12, 0x26, 0x00, 0x36,
    0x00, 0x00, 0x11, 0x07, 0x00, 0x41, 0xff, 0x9f, 0x00, 0xf4, 0x00, 0x15, 0xb4, 0x01, 0x12, 0x05,
    0x26, 0x01, 0xb8, 0xff, 0xa0, 0xb4, 0x13, 0x16, 0x06, 0x00, 0x25, 0x01, 0x2b, 0x35, 0x00, 0x2b,
    0x35, 0x00, 0xff, 0xff, 0x00, 0x8e, 0xff, 0xec, 0x04, 0x3d, 0x06, 0xa8, 0x12, 0x26, 0x00, 0x36,
    0x00, 0x00, 0x11, 0x07, 0x00, 0x74, 0x00, 0x56, 0x00, 0xf4, 0x00, 0x13, 0x40, 0x0b, 0x01, 0x12,
    0x05, 0x26, 0x01, 0x56, 0x12, 0x15, 0x06, 0x00, 0x25, 0x01, 0x2b, 0x35, 0x00, 0x2b, 0x35, 0x00,
    0xff, 0xff, 0x00, 0x8e, 0xff, 0xec, 0x04, 0x3d, 0x06, 0xa8, 0x12, 0x26, 0x00, 0x36, 0x00, 0x00,
    0x11, 0x07, 0x00, 0xc1, 0x00, 0x00, 0x00, 0xf4, 0x00, 0x13, 0x40, 0x0b, 0x01, 0x13, 0x05, 0x26,
    0x01, 0x00, 0x18, 0x12, 0x06, 0x00, 0x25, 0x01, 0x2b, 0x35, 0x00, 0x2b, 0x35, 0x00, 0xff, 0xff,
    0x00, 0x8e, 0xff, 0xec, 0x04, 0x3d, 0x06, 0x5d, 0x12, 0x26, 0x00, 0x36, 0x00, 0x00, 0x11, 0x07,
    0x00, 0x68, 0x00, 0x00, 0x00, 0xe2, 0x00, 0x17, 0x40, 0x0d, 0x02, 0x01, 0x12, 0x05, 0x26, 0x02,
    0x01, 0x00, 0x16, 0x14, 0x06, 0x00, 0x25, 0x01, 0x2b, 0x35, 0x35, 0x00, 0x2b, 0x35, 0x35, 0x00,
    0xff, 0xff, 0x00, 0x24, 0x00, 0x00, 0x04, 0xa8, 0x06, 0xa8, 0x12, 0x26, 0x00, 0x3a, 0x00, 0x00,
    0x11, 0x07, 0x00, 0x74, 0x00, 0x65, 0x00, 0xf4, 0x00, 0x13, 0x40, 0x0b, 0x01, 0x09, 0x05, 0x26,
    0x01, 0x65, 0x09, 0x0c, 0x04, 0x08, 0x25, 0x01, 0x2b, 0x35, 0x00, 0x2b, 0x35, 0x00, 0x00, 0x02,
    0x00, 0xa2, 0x00, 0x00, 0x04, 0x5f, 0x05, 0x45, 0x00, 0x0d, 0x00, 0x16, 0x00, 0x36, 0x40, 0x1c,
    0x13, 0x0a, 0x06, 0x06, 0x07, 0x0e, 0x00, 0x07, 0x00, 0x17, 0x18, 0x05, 0x13, 0x60, 0x59, 0x0a,
    0x12, 0x60, 0x59, 0x05, 0x0a, 0x05, 0x0a, 0x06, 0x08, 0x03, 0x06, 0x12, 0x00, 0x3f, 0x3f, 0x12,
    0x39, 0x39, 0x2f, 0x2f, 0x2b, 0x2b, 0x11, 0x12, 0x01, 0x39, 0x39, 0x11, 0x33, 0x11, 0x33, 0x11,
    0x33, 0x33, 0x31, 0x30, 0x01, 0x14, 0x0e, 0x01, 0x23, 0x21, 0x15, 0x23, 0x11, 0x33, 0x15, 0x21,
    0x32, 0x04, 0x07, 0x34, 0x26, 0x2b, 0x01, 0x11, 0x33, 0x32, 0x36, 0x04, 0x5f, 0x74, 0xdb, 0x96,
    0xfe, 0xe7, 0xbf, 0xbf, 0x01, 0x0d, 0xef, 0x01, 0x02, 0xc0, 0xa4, 0xa4, 0xf6, 0xfe, 0x99, 0xa7,
    0x02, 0xb4, 0x80, 0xc7, 0x6f, 0xfe, 0x05, 0x45, 0xeb, 0xde, 0xcc, 0x86, 0x95, 0xfd, 0xc0, 0x9b,
    0x00, 0x01, 0x00, 0x8e, 0xff, 0xe3, 0x04, 0x8f, 0x05, 0xcc, 0x00, 0x31, 0x00, 0x56, 0x40, 0x2f,
    0x06, 0x1f, 0x0c, 0x2c, 0x12, 0x18, 0x27, 0x12, 0x27, 0x00, 0x1f, 0x20, 0x0c, 0x00, 0x20, 0x00,
    0x32, 0x33, 0x0c, 0x2c, 0x18, 0x03, 0x24, 0x03, 0x24, 0x1b, 0x50, 0x59, 0x24, 0x00, 0x20, 0x15,
    0x03, 0x09, 0x50, 0x59, 0x60, 0x06, 0x70, 0x06, 0x80, 0x06, 0x03, 0x06, 0x06, 0x03, 0x16, 0x00,
    0x3f, 0x33, 0x2f, 0x5d, 0x2b, 0x00, 0x18, 0x3f, 0x3f, 0x2b, 0x11, 0x12, 0x00, 0x17, 0x39, 0x11,
    0x12, 0x01, 0x39, 0x39, 0x11, 0x33, 0x11, 0x33, 0x12, 0x39, 0x39, 0x11, 0x33, 0x11, 0x33, 0x11,
    0x12, 0x39, 0x31, 0x30, 0x01, 0x14, 0x06, 0x23, 0x22, 0x2f, 0x01, 0x1e, 0x01, 0x33, 0x32, 0x36,
    0x35, 0x34, 0x26, 0x27, 0x2e, 0x01, 0x35, 0x34, 0x36, 0x37, 0x3e, 0x01, 0x35, 0x34, 0x26, 0x23,
    0x22, 0x06, 0x15, 0x11, 0x23, 0x11, 0x34, 0x36, 0x33, 0x32, 0x16, 0x15, 0x14, 0x07, 0x0e, 0x01,
    0x15, 0x14, 0x16, 0x17, 0x1e, 0x01, 0x04, 0x8f, 0xbe, 0xa8, 0xab, 0x70, 0x02, 0x3a, 0x9a, 0x45,
    0x5c, 0x62, 0x52, 0x64, 0x5c, 0x5b, 0x39, 0x36, 0x3a, 0x35, 0x86, 0x6d, 0x94, 0x8b, 0xb4, 0xeb,
    0xe8, 0xbe, 0xe1, 0x71, 0x47, 0x2a, 0x42, 0x77, 0x59, 0x5f, 0x01, 0x27, 0x98, 0xac, 0x31, 0xa4,
    0x21, 0x24, 0x5f, 0x4f, 0x43, 0x69, 0x3d, 0x37, 0x7e, 0x52, 0x3d, 0x64, 0x2d, 0x30, 0x54, 0x32,
    0x4d, 0x5d, 0xa0, 0xa2, 0xfc, 0x03, 0x04, 0x03, 0xe3, 0xe6, 0xa1, 0x88, 0x8a, 0x65, 0x3f, 0x3c,
    0x22, 0x2a, 0x45, 0x50, 0x3c, 0x96, 0xff, 0xff, 0x00, 0x80, 0xff, 0xec, 0x04, 0x88, 0x05, 0xb4,
    0x12, 0x26, 0x00, 0x42, 0x00, 0x00, 0x11, 0x06, 0x00, 0x41, 0x8e, 0x00, 0x00, 0x15, 0xb4, 0x02,
    0x30, 0x11, 0x26, 0x02, 0xb8, 0xff, 0x70, 0xb4, 0x31, 0x34, 0x0f, 0x02, 0x25, 0x01, 0x2b, 0x35,
    0x00, 0x2b, 0x35, 0x00, 0xff, 0xff, 0x00, 0x80, 0xff, 0xec, 0x04, 0x88, 0x05, 0xb4, 0x12, 0x26,
    0x00, 0x42, 0x00, 0x00, 0x11, 0x06, 0x00, 0x74, 0x4d, 0x00, 0x00, 0x13, 0x40, 0x0b, 0x02, 0x30,
    0x11, 0x26, 0x02, 0x2f, 0x30, 0x33, 0x0f, 0x02, 0x25, 0x01, 0x2b, 0x35, 0x00, 0x2b, 0x35, 0x00,
    0xff, 0xff, 0x00, 0x80, 0xff, 0xec, 0x04, 0x88, 0x05, 0xb4, 0x12, 0x26, 0x00, 0x42, 0x00, 0x00,
    0x11, 0x06, 0x00, 0xc1, 0xee, 0x00, 0x00, 0x19, 0xb7, 0x02, 0x31, 0x11, 0x26, 0x02, 0x20, 0x36,
    0x01, 0xb8, 0xff, 0xd0, 0xb4, 0x36, 0x30, 0x0f, 0x02, 0x25, 0x01, 0x2b, 0x5d, 0x35, 0x00, 0x2b,
    0x35, 0x00, 0xff, 0xff, 0x00, 0x80, 0xff, 0xec, 0x04, 0x88, 0x05, 0xa9, 0x12, 0x26, 0x00, 0x42,
    0x00, 0x00, 0x11, 0x06, 0x00, 0xc3, 0xf8, 0x00, 0x00, 0x22, 0x40, 0x0e, 0x02, 0x30, 0x11, 0x26,
    0x02, 0x30, 0x3a, 0x01, 0x20, 0x3a, 0x01, 0x10, 0x3a, 0x01, 0xb8, 0xff, 0xda, 0xb4, 0x3a, 0x47,
    0x0f, 0x02, 0x25, 0x01, 0x2b, 0x5d, 0x5d, 0x5d, 0x35, 0x00, 0x2b, 0x35, 0xff, 0xff, 0x00, 0x80,
    0xff, 0xec, 0x04, 0x88, 0x05, 0x7b, 0x12, 0x26, 0x00, 0x42, 0x00, 0x00, 0x11, 0x06, 0x00, 0x68,
    0xf0, 0x00, 0x00, 0x1e, 0x40, 0x0a, 0x03, 0x02, 0x30, 0x11, 0x26, 0x03, 0x02, 0x20, 0x34, 0x01,
    0xb8, 0xff, 0xd2, 0xb4, 0x34, 0x32, 0x0f, 0x02, 0x25, 0x01, 0x2b, 0x5d, 0x35, 0x35, 0x00, 0x2b,
    0x35, 0x35, 0xff, 0xff, 0x00, 0x80, 0xff, 0xec, 0x04, 0x88, 0x06, 0x0b, 0x12, 0x26, 0x00, 0x42,
    0x00, 0x00, 0x11, 0x06, 0x00, 0xc2, 0xf8, 0x00, 0x00, 0x17, 0x40, 0x0d, 0x03, 0x02, 0x33, 0x11,
    0x26, 0x03, 0x02, 0x12, 0x36, 0x30, 0x1a, 0x1f, 0x25, 0x01, 0x2b, 0x35, 0x35, 0x00, 0x2b, 0x35,
    0x35, 0x00, 0x00, 0x03, 0x00, 0x14, 0xff, 0xec, 0x04, 0xb8, 0x04, 0x4e, 0x00, 0x28, 0x00, 0x35,
    0x00, 0x3c, 0x00, 0x89, 0x40, 0x4a, 0x0c, 0x22, 0x31, 0x39, 0x00, 0x00, 0x15, 0x31, 0x31, 0x12,
    0x27, 0x1c, 0x1d, 0x1d, 0x29, 0x12, 0x06, 0x07, 0x07, 0x3a, 0x27, 0x12, 0x27, 0x3d, 0x3e, 0x36,
    0x19, 0x20, 0x19, 0x50, 0x59, 0x39, 0x00, 0x50, 0x59, 0x15, 0x31, 0x51, 0x59, 0x39, 0x15, 0x39,
    0x15, 0x0f, 0x24, 0x22, 0x20, 0x0f, 0x1c, 0x6f, 0x1c, 0x02, 0x0b, 0x03, 0x1c, 0x1c, 0x20, 0x10,
    0x03, 0x2c, 0x0f, 0x2c, 0x50, 0x59, 0x0c, 0x09, 0x0f, 0x80, 0x06, 0x01, 0x06, 0x06, 0x0f, 0x16,
    0x00, 0x3f, 0x33, 0x2f, 0x5d, 0x11, 0x33, 0x33, 0x2b, 0x11, 0x00, 0x33, 0x18, 0x3f, 0x33, 0x2f,
    0x5f, 0x5e, 0x5d, 0x11, 0x33, 0x33, 0x12, 0x39, 0x39, 0x2f, 0x2f, 0x2b, 0x2b, 0x2b, 0x11, 0x00,
    0x33, 0x11, 0x12, 0x01, 0x39, 0x39, 0x11, 0x33, 0x33, 0x11, 0x33, 0x11, 0x33, 0x33, 0x11, 0x33,
    0x11, 0x12, 0x39, 0x11, 0x33, 0x33, 0x11, 0x33, 0x12, 0x39, 0x39, 0x31, 0x30, 0x01, 0x15, 0x12,
    0x33, 0x32, 0x36, 0x37, 0x17, 0x02, 0x23, 0x22, 0x26, 0x27, 0x0e, 0x01, 0x23, 0x22, 0x26, 0x35,
    0x10, 0x25, 0x37, 0x35, 0x34, 0x26, 0x23, 0x22, 0x06, 0x07, 0x27, 0x3e, 0x01, 0x33, 0x32, 0x17,
    0x36, 0x33, 0x32, 0x12, 0x11, 0x15, 0x05, 0x14, 0x16, 0x33, 0x32, 0x3e, 0x01, 0x3d, 0x01, 0x07,
    0x0e, 0x02, 0x01, 0x22, 0x06, 0x07, 0x21, 0x2e, 0x01, 0x02, 0xa7, 0x05, 0xb4, 0x4b, 0x59, 0x10,
    0x8a, 0x44, 0xf6, 0x79, 0x89, 0x22, 0x34, 0x95, 0x61, 0x81, 0x81, 0x01, 0x4a, 0xa7, 0x40, 0x48,
    0x4a, 0x43, 0x07, 0xa8, 0x13, 0x9b, 0x8d, 0xb0, 0x47, 0x55, 0xa1, 0xa6, 0xa9, 0xfc, 0x05, 0x39,
    0x39, 0x40, 0x60, 0x36, 0x7a, 0x4f, 0x51, 0x2e, 0x02, 0x9e, 0x52, 0x5d, 0x03, 0x01, 0x69, 0x09,
    0x58, 0x01, 0xf7, 0x11, 0xfe, 0x8d, 0x5e, 0x48, 0x2d, 0xff, 0x00, 0x6e, 0x7a, 0x7a, 0x6e, 0xa4,
    0x9e, 0x01, 0x5d, 0x05, 0x04, 0x3b, 0x87, 0x6f, 0x51, 0x5b, 0x11, 0x97, 0x8d, 0x8b, 0x8b, 0xfe,
    0xe5, 0xfe, 0xdc, 0x18, 0xcc, 0x52, 0x64, 0x59, 0x97, 0x58, 0x59, 0x04, 0x02, 0x30, 0x64, 0x02,
    0x4d, 0xae, 0x9a, 0xab, 0x9d, 0x00, 0xff, 0xff, 0x00, 0x82, 0xfe, 0x44, 0x04, 0x38, 0x04, 0x4e,
    0x12, 0x26, 0x00, 0x44, 0x00, 0x00, 0x11, 0x07, 0x00, 0x78, 0x01, 0x51, 0x00, 0x00, 0x00, 0x0b,
    0xb6, 0x01, 0x21, 0x1f, 0x1b, 0x00, 0x14, 0x25, 0x01, 0x2b, 0x35, 0x00, 0xff, 0xff, 0x00, 0x85,
    0xff, 0xec, 0x04, 0x46, 0x05, 0xb4, 0x12, 0x26, 0x00, 0x46, 0x00, 0x00, 0x11, 0x06, 0x00, 0x41,
    0xb1, 0x00, 0x00, 0x15, 0xb4, 0x02, 0x1b, 0x11, 0x26, 0x02, 0xb8, 0xff, 0xb2, 0xb4, 0x1c, 0x1f,
    0x0d, 0x13, 0x25, 0x01, 0x2b, 0x35, 0x00, 0x2b, 0x35, 0x00, 0xff, 0xff, 0x00, 0x85, 0xff, 0xec,
    0x04, 0x46, 0x05, 0xb4, 0x12, 0x26, 0x00, 0x46, 0x00, 0x00, 0x11, 0x06, 0x00, 0x74, 0x6f, 0x00,
    0x00, 0x13, 0x40, 0x0b, 0x02, 0x1b, 0x11, 0x26, 0x02, 0x6f, 0x1b, 0x1e, 0x0d, 0x13, 0x25, 0x01,
    0x2b, 0x35, 0x00, 0x2b, 0x35, 0x00, 0xff, 0xff, 0x00, 0x85, 0xff, 0xec, 0x04, 0x46, 0x05, 0xb4,
    0x12, 0x26, 0x00, 0x46, 0x00, 0x00, 0x11, 0x06, 0x00, 0xc1, 0x07, 0x00, 0x00, 0x13, 0x40, 0x0b,
    0x02, 0x1c, 0x11, 0x26, 0x02, 0x07, 0x21, 0x1b, 0x0d, 0x13, 0x25, 0x01, 0x2b, 0x35, 0x00, 0x2b,
    0x35, 0x00, 0xff, 0xff, 0x00, 0x85, 0xff, 0xec, 0x04, 0x46, 0x05, 0x7b, 0x12, 0x26, 0x00, 0x46,
    0x00, 0x00, 0x11, 0x06, 0x00, 0x68, 0x08, 0x00, 0x00, 0x17, 0x40, 0x0d, 0x03, 0x02, 0x1b, 0x11,
    0x26, 0x03, 0x02, 0x08, 0x1f, 0x1d, 0x0d, 0x13, 0x25, 0x01, 0x2b, 0x35, 0x35, 0x00, 0x2b, 0x35,
    0x35, 0x00, 0xff, 0xff, 0x00, 0x8f, 0x00, 0x00, 0x04, 0x65, 0x05, 0xb4, 0x12, 0x26, 0x00, 0xc0,
    0x00, 0x00, 0x11, 0x06, 0x00, 0x41, 0xbd, 0x00, 0x00, 0x1e, 0x40, 0x0b, 0x01, 0x0a, 0x11, 0x26,
    0x01, 0x60, 0x0b, 0x01, 0x50, 0x0b, 0x01, 0xb8, 0xff, 0xa9, 0xb4, 0x0b, 0x0e, 0x03, 0x01, 0x25,
    0x01, 0x2b, 0x5d, 0x5d, 0x35, 0x00, 0x2b, 0x35, 0xff, 0xff, 0x00, 0x8f, 0x00, 0x00, 0x04, 0x65,
    0x05, 0xb4, 0x12, 0x26, 0x00, 0xc0, 0x00, 0x00, 0x11, 0x06, 0x00, 0x74, 0x68, 0x00, 0x00, 0x13,
    0x40, 0x0b, 0x01, 0x0a, 0x11, 0x26, 0x01, 0x54, 0x0a, 0x0d, 0x03, 0x01, 0x25, 0x01, 0x2b, 0x35,
    0x00, 0x2b, 0x35, 0x00, 0xff, 0xff, 0x00, 0x8f, 0x00, 0x00, 0x04, 0x65, 0x05, 0xb4, 0x12, 0x26,
    0x00, 0xc0, 0x00, 0x00, 0x11, 0x06, 0x00, 0xc1, 0x0a, 0x00, 0x00, 0x22, 0x40, 0x0e, 0x01, 0x0b,
    0x11, 0x26, 0x01, 0x60, 0x10, 0x01, 0x50, 0x10, 0x01, 0x30, 0x10, 0x01, 0xb8, 0xff, 0xf6, 0xb4,
    0x10, 0x0a, 0x03, 0x01, 0x25, 0x01, 0x2b, 0x5d, 0x5d, 0x5d, 0x35, 0x00, 0x2b, 0x35, 0xff, 0xff,
    0x00, 0x8f, 0x00, 0x00, 0x04, 0x65, 0x05, 0x7b, 0x12, 0x26, 0x00, 0xc0, 0x00, 0x00, 0x11, 0x06,
    0x00, 0x68, 0x29, 0x00, 0x00, 0x2f, 0x40, 0x1f, 0x02, 0x01, 0x0a, 0x11, 0x26, 0x02, 0x01, 0x90,
    0x0e, 0x01, 0x80, 0x0e, 0x01, 0x70, 0x0e, 0x01, 0x60, 0x0e, 0x01, 0x50, 0x0e, 0x01, 0x40, 0x0e,
    0x01, 0x00, 0x0e, 0x0c, 0x06, 0x09, 0x25, 0x01, 0x2b, 0x5d, 0x5d, 0x5d, 0x5d, 0x5d, 0x5d, 0x35,
    0x35, 0x00, 0x2b, 0x35, 0x35, 0x00, 0x00, 0x02, 0x00, 0x7d, 0xff, 0xec, 0x04, 0x4e, 0x05, 0xd8,
    0x00, 0x1a, 0x00, 0x26, 0x00, 0x7f, 0x40, 0x4a, 0x04, 0x07, 0x0c, 0x0f, 0x04, 0x0e, 0x06, 0x0e,
    0x06, 0x11, 0x18, 0x02, 0x1b, 0x1b, 0x11, 0x21, 0x18, 0x18, 0x11, 0x27, 0x28, 0x0d, 0x04, 0x1d,
    0x04, 0x2d, 0x04, 0x03, 0x02, 0x0c, 0x12, 0x0c, 0x22, 0x0c, 0x03, 0x0f, 0x04, 0x0c, 0x07, 0x0f,
    0x04, 0x04, 0x05, 0x0d, 0x00, 0x1e, 0x50, 0x59, 0x02, 0x00, 0x00, 0x00, 0x10, 0x00, 0x02, 0x09,
    0x03, 0x05, 0x00, 0x05, 0x00, 0x09, 0x15, 0x15, 0x24, 0x50, 0x59, 0x15, 0x16, 0x0e, 0x0d, 0x0d,
    0x09, 0x00, 0x00, 0x3f, 0x33, 0x2f, 0x33, 0x3f, 0x2b, 0x11, 0x12, 0x00, 0x39, 0x39, 0x18, 0x2f,
    0x2f, 0x5f, 0x5e, 0x5d, 0x11, 0x33, 0x2b, 0x11, 0x12, 0x00, 0x17, 0x39, 0x5f, 0x5e, 0x5d, 0x5d,
    0x11, 0x12, 0x01, 0x39, 0x39, 0x11, 0x33, 0x11, 0x33, 0x11, 0x33, 0x11, 0x12, 0x39, 0x39, 0x11,
    0x12, 0x17, 0x39, 0x31, 0x30, 0x01, 0x32, 0x17, 0x26, 0x27, 0x05, 0x27, 0x37, 0x26, 0x27, 0x33,
    0x16, 0x17, 0x25, 0x17, 0x07, 0x00, 0x11, 0x15, 0x10, 0x02, 0x23, 0x22, 0x02, 0x35, 0x34, 0x36,
    0x01, 0x34, 0x26, 0x23, 0x22, 0x06, 0x15, 0x14, 0x16, 0x33, 0x32, 0x36, 0x02, 0x64, 0x89, 0x5e,
    0x55, 0x87, 0xfe, 0xfc, 0x37, 0xda, 0x6d, 0x85, 0xd1, 0x50, 0x5a, 0x01, 0x08, 0x37, 0xd3, 0x01,
    0x4b, 0xfb, 0xf6, 0xe8, 0xf8, 0xf8, 0x02, 0x1c, 0x8d, 0x9c, 0x9d, 0x91, 0x90, 0x91, 0xa1, 0x95,
    0x03, 0xd3, 0x3b, 0xc3, 0x7a, 0x73, 0x6e, 0x5e, 0x57, 0x47, 0x24, 0x42, 0x72, 0x6c, 0x5c, 0xfe,
    0xd3, 0xfe, 0x21, 0x06, 0xfe, 0xfb, 0xfe, 0xf3, 0x01, 0x02, 0xf3, 0xf4, 0xfe, 0xfe, 0x0e, 0xc0,
    0xad, 0xae, 0xbf, 0xbe, 0xb2, 0xaf, 0xff, 0xff, 0x00, 0xb3, 0x00, 0x00, 0x04, 0x19, 0x05, 0xa9,
    0x12, 0x26, 0x00, 0x4f, 0x00, 0x00, 0x11, 0x06, 0x00, 0xc3, 0x0a, 0x00, 0x00, 0x13, 0x40, 0x0b,
    0x01, 0x19, 0x11, 0x26, 0x01, 0x09, 0x23, 0x30, 0x0c, 0x17, 0x25, 0x01, 0x2b, 0x35, 0x00, 0x2b,
    0x35, 0x00, 0xff, 0xff, 0x00, 0x82, 0xff, 0xec, 0x04, 0x49, 0x05, 0xb4, 0x12, 0x26, 0x00, 0x50,
    0x00, 0x00, 0x11, 0x06, 0x00, 0x41, 0xba, 0x00, 0x00, 0x15, 0xb4, 0x02, 0x18, 0x11, 0x26, 0x02,
    0xb8, 0xff, 0xbb, 0xb4, 0x19, 0x1c, 0x06, 0x00, 0x25, 0x01, 0x2b, 0x35, 0x00, 0x2b, 0x35, 0x00,
    0xff, 0xff, 0x00, 0x82, 0xff, 0xec, 0x04, 0x49, 0x05, 0xb4, 0x12, 0x26, 0x00, 0x50, 0x00, 0x00,
    0x11, 0x06, 0x00, 0x74, 0x65, 0x00, 0x00, 0x13, 0x40, 0x0b, 0x02, 0x18, 0x11, 0x26, 0x02, 0x65,
    0x18, 0x1b, 0x06, 0x00, 0x25, 0x01, 0x2b, 0x35, 0x00, 0x2b, 0x35, 0x00, 0xff, 0xff, 0x00, 0x82,
    0xff, 0xec, 0x04, 0x49, 0x05, 0xb4, 0x12, 0x26, 0x00, 0x50, 0x00, 0x00, 0x11, 0x06, 0x00, 0xc1,
    0x00, 0x00, 0x00, 0x13, 0x40, 0x0b, 0x02, 0x19, 0x11, 0x26, 0x02, 0x00, 0x1e, 0x18, 0x06, 0x00,
    0x25, 0x01, 0x2b, 0x35, 0x00, 0x2b, 0x35, 0x00, 0xff, 0xff, 0x00, 0x82, 0xff, 0xec, 0x04, 0x49,
    0x05, 0xa9, 0x12, 0x26, 0x00, 0x50, 0x00, 0x00, 0x11, 0x06, 0x00, 0xc3, 0x00, 0x00, 0x00, 0x13,
    0x40, 0x0b, 0x02, 0x18, 0x11, 0x26, 0x02, 0x00, 0x22, 0x2f, 0x06, 0x00, 0x25, 0x01, 0x2b, 0x35,
    0x00, 0x2b, 0x35, 0x00, 0xff, 0xff, 0x00, 0x82, 0xff, 0xec, 0x04, 0x49, 0x05, 0x7b, 0x12, 0x26,
    0x00, 0x50, 0x00, 0x00, 0x11, 0x06, 0x00, 0x68, 0x00, 0x00, 0x00, 0x17, 0x40, 0x0d, 0x03, 0x02,
    0x18, 0x11, 0x26, 0x03, 0x02, 0x00, 0x1c, 0x1a, 0x06, 0x00, 0x25, 0x01, 0x2b, 0x35, 0x35, 0x00,
    0x2b, 0x35, 0x35, 0x00, 0x00, 0x03, 0x00, 0x74, 0x00, 0xdf, 0x04, 0x57, 0x04, 0x75, 0x00, 0x03,
    0x00, 0x07, 0x00, 0x0b, 0x00, 0x55, 0x40, 0x35, 0x0b, 0x02, 0x08, 0x02, 0x01, 0x01, 0x06, 0x05,
    0x06, 0x05, 0x0d, 0x0c, 0x08, 0x09, 0xae, 0x59, 0x04, 0x08, 0x0e, 0x5b, 0x01, 0x05, 0x0e, 0x01,
    0x00, 0xae, 0x59, 0x0f, 0x01, 0x01, 0x0f, 0x01, 0x4f, 0x01, 0x5f, 0x01, 0xaf, 0x01, 0xef, 0x01,
    0xff, 0x01, 0x06, 0x0d, 0x03, 0x01, 0x05, 0x05, 0x04, 0xad, 0x59, 0x05, 0xb3, 0x00, 0x3f, 0x2b,
    0x00, 0x18, 0x10, 0xc6, 0x5f, 0x5e, 0x5d, 0x71, 0x2b, 0x2b, 0x2b, 0x2b, 0x11, 0x12, 0x01, 0x39,
    0x39, 0x11, 0x12, 0x39, 0x11, 0x33, 0x33, 0x11, 0x33, 0x31, 0x30, 0x01, 0x35, 0x33, 0x15, 0x01,
    0x35, 0x21, 0x15, 0x01, 0x35, 0x33, 0x15, 0x02, 0x11, 0xa8, 0xfd, 0xbb, 0x03, 0xe3, 0xfd, 0xba,
    0xa8, 0x03, 0xbe, 0xb7, 0xb7, 0xfe, 0xa2, 0x92, 0x92, 0xfe, 0x7f, 0xb7, 0xb7, 0x00, 0x00, 0x03,
    0x00, 0x6e, 0xff, 0xec, 0x04, 0x5d, 0x04, 0x4e, 0x00, 0x13, 0x00, 0x1b, 0x00, 0x23, 0x00, 0x5f,
    0x40, 0x35, 0x16, 0x1f, 0x17, 0x1e, 0x04, 0x1c, 0x14, 0x12, 0x0f, 0x05, 0x08, 0x04, 0x00, 0x1c,
    0x07, 0x0a, 0x14, 0x11, 0x00, 0x0a, 0x00, 0x24, 0x25, 0x1f, 0x16, 0x1e, 0x17, 0x04, 0x19, 0x21,
    0x0d, 0x21, 0x50, 0x59, 0x05, 0x08, 0x12, 0x0f, 0x04, 0x0d, 0x03, 0x10, 0x10, 0x0d, 0x10, 0x03,
    0x19, 0x50, 0x59, 0x06, 0x06, 0x03, 0x16, 0x00, 0x3f, 0x33, 0x2f, 0x2b, 0x00, 0x18, 0x3f, 0x33,
    0x2f, 0x11, 0x12, 0x17, 0x39, 0x2b, 0x11, 0x12, 0x00, 0x17, 0x39, 0x11, 0x12, 0x01, 0x39, 0x39,
    0x11, 0x33, 0x33, 0x11, 0x33, 0x33, 0x12, 0x17, 0x39, 0x11, 0x12, 0x17, 0x39, 0x31, 0x30, 0x01,
    0x10, 0x00, 0x23, 0x22, 0x27, 0x07, 0x27, 0x37, 0x26, 0x35, 0x10, 0x00, 0x33, 0x32, 0x17, 0x37,
    0x17, 0x07, 0x16, 0x07, 0x34, 0x27, 0x01, 0x16, 0x33, 0x32, 0x36, 0x25, 0x14, 0x17, 0x01, 0x26,
    0x23, 0x22, 0x06, 0x04, 0x5d, 0xfe, 0xfc, 0xf8, 0xcc, 0x7f, 0x4d, 0x4c, 0x54, 0x63, 0x01, 0x01,
    0xf8, 0xd5, 0x7a, 0x48, 0x4e, 0x50, 0x61, 0xbd, 0x21, 0xfe, 0x03, 0x4d, 0x90, 0xa8, 0x99, 0xfd,
    0x8b, 0x22, 0x01, 0xfd, 0x4b, 0x95, 0xa4, 0x9b, 0x02, 0x1e, 0xfe, 0xf0, 0xfe, 0xde, 0x6b, 0x57,
    0x44, 0x5f, 0x8e, 0xed, 0x01, 0x10, 0x01, 0x20, 0x64, 0x52, 0x44, 0x5a, 0x89, 0xf7, 0x93, 0x5f,
    0xfd, 0xc0, 0x5f, 0xd5, 0xd8, 0x92, 0x5c, 0x02, 0x40, 0x59, 0xd7, 0x00, 0xff, 0xff, 0x00, 0xb9,
    0xff, 0xec, 0x04, 0x1f, 0x05, 0xb4, 0x12, 0x26, 0x00, 0x56, 0x00, 0x00, 0x11, 0x06, 0x00, 0x41,
    0xa2, 0x00, 0x00, 0x15, 0xb4, 0x01, 0x1a, 0x11, 0x26, 0x01, 0xb8, 0xff, 0x9c, 0xb4, 0x1b, 0x1e,
    0x18, 0x0c, 0x25, 0x01, 0x2b, 0x35, 0x00, 0x2b, 0x35, 0x00, 0xff, 0xff, 0x00, 0xb9, 0xff, 0xec,
    0x04, 0x1f, 0x05, 0xb4, 0x12, 0x26, 0x00, 0x56, 0x00, 0x00, 0x11, 0x06, 0x00, 0x74, 0x5a, 0x00,
    0x00, 0x13, 0x40, 0x0b, 0x01, 0x1a, 0x11, 0x26, 0x01, 0x54, 0x1a, 0x1d, 0x18, 0x0c, 0x25, 0x01,
    0x2b, 0x35, 0x00, 0x2b, 0x35, 0x00, 0xff, 0xff, 0x00, 0xb9, 0xff, 0xec, 0x04, 0x1f, 0x05, 0xb4,
    0x12, 0x26, 0x00, 0x56, 0x00, 0x00, 0x11, 0x06, 0x00, 0xc1, 0x00, 0x00, 0x00, 0x15, 0xb4, 0x01,
    0x1b, 0x11, 0x26, 0x01, 0xb8, 0xff, 0xfa, 0xb4, 0x20, 0x1a, 0x18, 0x0c, 0x25, 0x01, 0x2b, 0x35,
    0x00, 0x2b, 0x35, 0x00, 0xff, 0xff, 0x00, 0xb9, 0xff, 0xec, 0x04, 0x1f, 0x05, 0x7b, 0x12, 0x26,
    0x00, 0x56, 0x00, 0x00, 0x11, 0x06, 0x00, 0x68, 0x00, 0x00, 0x00, 0x19, 0xb6, 0x02, 0x01, 0x1a,
    0x11, 0x26, 0x02, 0x01, 0xb8, 0xff, 0xfa, 0xb4, 0x1e, 0x1c, 0x18, 0x0c, 0x25, 0x01, 0x2b, 0x35,
    0x35, 0x00, 0x2b, 0x35, 0x35, 0x00, 0xff, 0xff, 0x00, 0x42, 0xfe, 0x57, 0x04, 0x89, 0x05, 0xb4,
    0x12, 0x26, 0x00, 0x5a, 0x00, 0x00, 0x11, 0x06, 0x00, 0x74, 0x6b, 0x00, 0x00, 0x13, 0x40, 0x0b,
    0x01, 0x15, 0x11, 0x26, 0x01, 0x6b, 0x15, 0x18, 0x0a, 0x11, 0x25, 0x01, 0x2b, 0x35, 0x00, 0x2b,
    0x35, 0x00, 0x00, 0x02, 0x00, 0xb9, 0xfe, 0x57, 0x04, 0x42, 0x05, 0xcc, 0x00, 0x0b, 0x00, 0x20,
    0x00, 0x3e, 0x40, 0x1f, 0x1d, 0x06, 0x1a, 0x1a, 0x1b, 0x00, 0x12, 0x1b, 0x12, 0x21, 0x22, 0x1c,
    0x00, 0x1a, 0x1b, 0x16, 0x14, 0x14, 0x09, 0x50, 0x59, 0x14, 0x16, 0x0c, 0x0f, 0x0f, 0x03, 0x50,
    0x59, 0x0f, 0x10, 0x00, 0x3f, 0x2b, 0x11, 0x00, 0x33, 0x18, 0x3f, 0x2b, 0x11, 0x00, 0x33, 0x18,
    0x3f, 0x3f, 0x11, 0x12, 0x01, 0x39, 0x39, 0x11, 0x33, 0x11, 0x33, 0x11, 0x33, 0x33, 0x31, 0x30,
    0x01, 0x34, 0x26, 0x23, 0x22, 0x06, 0x15, 0x14, 0x16, 0x33, 0x32, 0x36, 0x01, 0x3e, 0x01, 0x33,
    0x32, 0x12, 0x11, 0x10, 0x21, 0x22, 0x27, 0x23, 0x16, 0x15, 0x11, 0x23, 0x11, 0x33, 0x11, 0x14,
    0x07, 0x03, 0x88, 0x7a, 0x83, 0x97, 0x86, 0x86, 0x95, 0x85, 0x7a, 0xfd, 0xe8, 0x32, 0x9b, 0x7d,
    0xc6, 0xc2, 0xfe, 0x78, 0xf6, 0x55, 0x05, 0x04, 0xb5, 0xb4, 0x04, 0x02, 0x22, 0xe2, 0xc1, 0xdb,
    0xde, 0xd5, 0xc6, 0xca, 0x02, 0x4d, 0x69, 0x5f, 0xfe, 0xef, 0xfe, 0xe3, 0xfd, 0xca, 0xb8, 0x08,
    0x9e, 0xfe, 0x59, 0x07, 0x75, 0xfe, 0x59, 0x41, 0x5c, 0x00, 0xff, 0xff, 0x00, 0x42, 0xfe, 0x57,
    0x04, 0x89, 0x05, 0x7b, 0x12, 0x26, 0x00, 0x5a, 0x00, 0x00, 0x11, 0x06, 0x00, 0x68, 0x05, 0x00,
    0x00, 0x17, 0x40, 0x0d, 0x02, 0x01, 0x15, 0x11, 0x26, 0x02, 0x01, 0x05, 0x19, 0x17, 0x0a, 0x11,
    0x25, 0x01, 0x2b, 0x35, 0x35, 0x00, 0x2b, 0x35, 0x35, 0x00, 0x00, 0x01, 0x00, 0x8f, 0x00, 0x00,
    0x04, 0x65, 0x04, 0x3a, 0x00, 0x09, 0x00, 0x2c, 0x40, 0x16, 0x01, 0x00, 0x00, 0x04, 0x05, 0x05,
    0x0b, 0x0a, 0x08, 0x07, 0x50, 0x59, 0x08, 0x0f, 0x00, 0x04, 0x03, 0x04, 0x50, 0x59, 0x03, 0x15,
    0x00, 0x3f, 0x2b, 0x11, 0x00, 0x33, 0x18, 0x3f, 0x2b, 0x11, 0x12, 0x01, 0x39, 0x11, 0x33, 0x33,
    0x11, 0x33, 0x31, 0x30, 0x25, 0x21, 0x15, 0x21, 0x35, 0x21, 0x11, 0x21, 0x35, 0x21, 0x02, 0xe9,
    0x01, 0x7c, 0xfc, 0x2a, 0x01, 0xa6, 0xfe, 0xc1, 0x01, 0xf3, 0x8e, 0x8e, 0x8e, 0x03, 0x1e, 0x8e,
    0x00, 0x01, 0x01, 0x1b, 0x04, 0xb1, 0x03, 0xb1, 0x05, 0xb4, 0x00, 0x09, 0x00, 0x1f, 0x40, 0x10,
    0x01, 0x06, 0x06, 0x0a, 0x0b, 0x09, 0x03, 0x8e, 0x59, 0x02, 0x09, 0x8c, 0x5b, 0x05, 0x02, 0x93,
    0x00, 0x3f, 0x33, 0x2b, 0x2b, 0x11, 0x12, 0x01, 0x39, 0x11, 0x33, 0x31, 0x30, 0x01, 0x15, 0x23,
    0x27, 0x23, 0x07, 0x23, 0x35, 0x37, 0x33, 0x03, 0xb1, 0x69, 0xdb, 0x02, 0xe8, 0x68, 0xfe, 0xa4,
    0x04, 0xc5, 0x14, 0x8a, 0x8a, 0x14, 0xef, 0x00, 0x00, 0x02, 0x01, 0x74, 0x04, 0x7c, 0x03, 0x58,
    0x06, 0x0b, 0x00, 0x0b, 0x00, 0x17, 0x00, 0x5a, 0x40, 0x3e, 0x0c, 0x00, 0x00, 0x12, 0x06, 0x06,
    0x18, 0x19, 0x09, 0x0f, 0x8e, 0x59, 0x0f, 0x09, 0x1f, 0x09, 0x02, 0x10, 0x03, 0x09, 0x40, 0x09,
    0x0c, 0x48, 0x09, 0x03, 0x03, 0x15, 0x8e, 0x59, 0x2f, 0x03, 0x4f, 0x03, 0x6f, 0x03, 0xdf, 0x03,
    0x04, 0x0f, 0x03, 0x2f, 0x03, 0x3f, 0x03, 0x4f, 0x03, 0x6f, 0x03, 0x7f, 0x03, 0x9f, 0x03, 0xbf,
    0x03, 0x08, 0x03, 0x40, 0x16, 0x19, 0x48, 0x03, 0x00, 0x2f, 0x2b, 0x5d, 0x71, 0x2b, 0x00, 0x18,
    0x10, 0xc4, 0x2b, 0x5f, 0x5e, 0x5d, 0x2b, 0x11, 0x12, 0x01, 0x39, 0x11, 0x33, 0x33, 0x11, 0x33,
    0x31, 0x30, 0x01, 0x14, 0x06, 0x23, 0x22, 0x26, 0x35, 0x34, 0x36, 0x33, 0x32, 0x16, 0x07, 0x34,
    0x26, 0x23, 0x22, 0x06, 0x15, 0x14, 0x16, 0x33, 0x32, 0x36, 0x03, 0x58, 0x83, 0x6f, 0x70, 0x82,
    0x85, 0x6d, 0x6f, 0x83, 0x79, 0x41, 0x38, 0x37, 0x43, 0x43, 0x37, 0x38, 0x41, 0x05, 0x44, 0x57,
    0x71, 0x71, 0x57, 0x59, 0x6e, 0x6f, 0x58, 0x25, 0x2e, 0x2e, 0x25, 0x26, 0x2e, 0x2e, 0x00, 0x01,
    0x00, 0xff, 0x04, 0xb1, 0x03, 0xcc, 0x05, 0xa9, 0x00, 0x19, 0x00, 0x2f, 0x40, 0x19, 0x09, 0x0a,
    0x16, 0x17, 0x0a, 0x17, 0x1a, 0x1b, 0x16, 0x0e, 0x0e, 0x05, 0x8f, 0x59, 0x00, 0x0e, 0x8c, 0x5b,
    0x00, 0x13, 0x8f, 0x59, 0x09, 0x00, 0x93, 0x00, 0x3f, 0x32, 0x2b, 0x2b, 0x2b, 0x11, 0x00, 0x33,
    0x11, 0x12, 0x01, 0x39, 0x39, 0x11, 0x33, 0x11, 0x33, 0x31, 0x30, 0x01, 0x22, 0x2e, 0x02, 0x23,
    0x22, 0x0e, 0x01, 0x07, 0x23, 0x3e, 0x02, 0x33, 0x32, 0x1e, 0x02, 0x33, 0x32, 0x36, 0x37, 0x33,
    0x0e, 0x01, 0x03, 0x02, 0x2a, 0x54, 0x50, 0x4d, 0x23, 0x19, 0x1e, 0x14, 0x0b, 0x6f, 0x0b, 0x2f,
    0x52, 0x3f, 0x2c, 0x54, 0x50, 0x4a, 0x21, 0x25, 0x28, 0x0a, 0x70, 0x10, 0x63, 0x04, 0xb1, 0x25,
    0x2d, 0x25, 0x13, 0x24, 0x40, 0x60, 0x62, 0x36, 0x25, 0x2d, 0x25, 0x2f, 0x48, 0x8a, 0x6e, 0x00,
    0x00, 0x01, 0x00, 0xcc, 0x00, 0x00, 0x03, 0xfe, 0x05, 0x45, 0x00, 0x03, 0x00, 0x1c, 0x40, 0x0c,
    0x00, 0x01, 0x02, 0x03, 0x01, 0x03, 0x04, 0x05, 0x02, 0x06, 0x00, 0x18, 0x00, 0x3f, 0x3f, 0x11,
    0x12, 0x01, 0x39, 0x39, 0x11, 0x33, 0x11, 0x33, 0x31, 0x30, 0x21, 0x23, 0x01, 0x33, 0x01, 0x42,
    0x76, 0x02, 0xbf, 0x73, 0x05, 0x45, 0x00, 0x01, 0x01, 0xf0, 0x01, 0xa4, 0x02, 0xdb, 0x02, 0xcf,
    0x00, 0x03, 0x00, 0x25, 0x40, 0x16, 0x03, 0x00, 0x00, 0x04, 0x05, 0x00, 0x01, 0x9b, 0x5b, 0x0f,
    0x00, 0x1f, 0x00, 0x3f, 0x00, 0x03, 0x00, 0x40, 0x0e, 0x11, 0x48, 0x00, 0x00, 0x2f, 0x2b, 0x5d,
    0x2b, 0x11, 0x12, 0x01, 0x39, 0x11, 0x33, 0x31, 0x30, 0x01, 0x11, 0x33, 0x11, 0x01, 0xf0, 0xeb,
    0x01, 0xa4, 0x01, 0x2b, 0xfe, 0xd5, 0x00, 0x01, 0x01, 0x25, 0x02, 0x4d, 0x02, 0xc7, 0x05, 0x45,
    0x00, 0x0e, 0x00, 0x47, 0x40, 0x19, 0x0d, 0x0c, 0x0c, 0x02, 0x06, 0x01, 0x01, 0x0a, 0x02, 0x02,
    0x0f, 0x10, 0x07, 0x06, 0xe4, 0x59, 0x00, 0x07, 0x01, 0x09, 0x03, 0x07, 0x07, 0x03, 0x0a, 0xb8,
    0x01, 0x11, 0xb6, 0x0c, 0x01, 0x00, 0x01, 0xe4, 0x59, 0x00, 0xb8, 0x01, 0x12, 0x00, 0x3f, 0x2b,
    0x11, 0x00, 0x33, 0x18, 0x3f, 0x33, 0x33, 0x2f, 0x5f, 0x5e, 0x5d, 0x2b, 0x11, 0x12, 0x01, 0x39,
    0x11, 0x33, 0x33, 0x11, 0x33, 0x11, 0x33, 0x11, 0x33, 0x31, 0x30, 0x01, 0x35, 0x33, 0x11, 0x0e,
    0x01, 0x23, 0x35, 0x32, 0x36, 0x37, 0x33, 0x11, 0x33, 0x15, 0x01, 0x49, 0x87, 0x14, 0x6a, 0x2d,
    0x32, 0x68, 0x1b, 0x79, 0x74, 0x02, 0x4d, 0x6b, 0x02, 0x01, 0x27, 0x38, 0x77, 0x3f, 0x35, 0xfd,
    0x73, 0x6b, 0x00, 0x01, 0x00, 0xfa, 0x02, 0x4d, 0x03, 0x04, 0x05, 0x51, 0x00, 0x1a, 0x00, 0x4f,
    0x40, 0x1c, 0x19, 0x19, 0x13, 0x13, 0x07, 0x07, 0x00, 0x1c, 0x0c, 0x0d, 0x0d, 0x00, 0x18, 0x18,
    0x00, 0x0f, 0x0c, 0x01, 0x0e, 0x03, 0x0c, 0x0c, 0x10, 0x10, 0x09, 0xe4, 0x59, 0x10, 0xb8, 0x01,
    0x13, 0xb6, 0x01, 0x18, 0x00, 0x18, 0xe4, 0x59, 0x00, 0xb8, 0x01, 0x12, 0x00, 0x3f, 0x2b, 0x11,
    0x00, 0x33, 0x18, 0x3f, 0x2b, 0x11, 0x00, 0x33, 0x18, 0x2f, 0x5f, 0x5e, 0x5d, 0x01, 0x2f, 0x33,
    0x2f, 0x11, 0x33, 0x2f, 0x33, 0x11, 0x12, 0x39, 0x11, 0x33, 0x11, 0x33, 0x2f, 0x31, 0x30, 0x13,
    0x35, 0x3e, 0x01, 0x37, 0x3e, 0x01, 0x35, 0x34, 0x23, 0x22, 0x06, 0x07, 0x27, 0x3e, 0x01, 0x33,
    0x32, 0x16, 0x15, 0x14, 0x07, 0x0e, 0x01, 0x07, 0x21, 0x15, 0xfa, 0x1b, 0x6b, 0x5a, 0x52, 0x46,
    0x6f, 0x3d, 0x3b, 0x08, 0x82, 0x0d, 0x8b, 0x6f, 0x78, 0x79, 0xa0, 0x75, 0x4b, 0x11, 0x01, 0x7c,
    0x02, 0x4d, 0x61, 0x3e, 0x72, 0x44, 0x3d, 0x60, 0x35, 0x79, 0x3e, 0x3d, 0x05, 0x66, 0x74, 0x70,
    0x67, 0x83, 0x78, 0x59, 0x47, 0x27, 0x6b, 0x00, 0x00, 0x01, 0x00, 0xea, 0x02, 0x3b, 0x02, 0xed,
    0x05, 0x51, 0x00, 0x28, 0x00, 0x8c, 0x40, 0x43, 0x0f, 0x25, 0x01, 0x10, 0x04, 0x1b, 0x1c, 0x1c,
    0x22, 0x15, 0x11, 0x15, 0x06, 0x00, 0x0d, 0x07, 0x0d, 0x2a, 0x06, 0x25, 0x10, 0x11, 0x11, 0x10,
    0xe4, 0x59, 0x8f, 0x11, 0x01, 0x4f, 0x11, 0x5f, 0x11, 0x6f, 0x11, 0x03, 0x0f, 0x11, 0x1f, 0x11,
    0x2f, 0x11, 0x6f, 0x11, 0x7f, 0x11, 0x8f, 0x11, 0x06, 0x09, 0x11, 0x11, 0x03, 0x1f, 0x0f, 0x1b,
    0x01, 0x0e, 0x03, 0x1b, 0x1b, 0x1f, 0x1f, 0x18, 0xe4, 0x59, 0x1f, 0xb8, 0x01, 0x13, 0x40, 0x0a,
    0x03, 0x0a, 0xe4, 0x59, 0x50, 0x07, 0x01, 0x07, 0x07, 0x03, 0xb8, 0x01, 0x14, 0x00, 0x3f, 0x33,
    0x2f, 0x5d, 0x2b, 0x00, 0x18, 0x3f, 0x2b, 0x11, 0x00, 0x33, 0x18, 0x2f, 0x5f, 0x5e, 0x5d, 0x11,
    0x12, 0x39, 0x2f, 0x5e, 0x5d, 0x71, 0x72, 0x2b, 0x11, 0x12, 0x00, 0x39, 0x01, 0x18, 0x2f, 0x12,
    0x39, 0x33, 0x11, 0x33, 0x12, 0x39, 0x39, 0x11, 0x33, 0x32, 0x2f, 0x33, 0x00, 0x5f, 0x5e, 0x5d,
    0x31, 0x30, 0x01, 0x14, 0x06, 0x23, 0x22, 0x26, 0x27, 0x37, 0x1e, 0x01, 0x33, 0x32, 0x36, 0x35,
    0x34, 0x2b, 0x01, 0x35, 0x33, 0x32, 0x36, 0x35, 0x34, 0x26, 0x23, 0x22, 0x06, 0x07, 0x27, 0x3e,
    0x01, 0x33, 0x32, 0x16, 0x15, 0x14, 0x06, 0x07, 0x15, 0x1e, 0x01, 0x02, 0xed, 0x8a, 0x77, 0x6b,
    0x88, 0x0f, 0x88, 0x09, 0x41, 0x30, 0x36, 0x42, 0x95, 0x29, 0x25, 0x44, 0x40, 0x36, 0x29, 0x2d,
    0x42, 0x06, 0x87, 0x0d, 0x86, 0x69, 0x6d, 0x7b, 0x43, 0x45, 0x52, 0x4b, 0x03, 0x1a, 0x65, 0x7a,
    0x70, 0x64, 0x0d, 0x3c, 0x3d, 0x3c, 0x41, 0x78, 0x6d, 0x39, 0x42, 0x35, 0x32, 0x3f, 0x39, 0x0c,
    0x64, 0x72, 0x6e, 0x5c, 0x42, 0x55, 0x1a, 0x02, 0x12, 0x64, 0x00, 0x02, 0x00, 0xc5, 0x02, 0x4b,
    0x03, 0x35, 0x05, 0x45, 0x00, 0x0a, 0x00, 0x0f, 0x00, 0x4b, 0x40, 0x24, 0x09, 0x09, 0x08, 0x01,
    0x01, 0x0e, 0x06, 0x02, 0x02, 0x11, 0x0d, 0x04, 0x00, 0x04, 0x0d, 0x04, 0xe4, 0x59, 0x08, 0x05,
    0x0f, 0x0d, 0x1f, 0x0d, 0x2f, 0x0d, 0x9f, 0x0d, 0xbf, 0x0d, 0x05, 0x0d, 0x0d, 0x01, 0x0b, 0x06,
    0xba, 0x01, 0x11, 0x00, 0x01, 0x01, 0x12, 0x00, 0x3f, 0x3f, 0x33, 0x12, 0x39, 0x2f, 0x5d, 0x33,
    0x33, 0x2b, 0x11, 0x00, 0x33, 0x01, 0x18, 0x2f, 0x33, 0x12, 0x39, 0x11, 0x33, 0x33, 0x33, 0x11,
    0x33, 0x33, 0x2f, 0x31, 0x30, 0x01, 0x15, 0x23, 0x35, 0x21, 0x35, 0x01, 0x33, 0x11, 0x33, 0x15,
    0x03, 0x06, 0x03, 0x21, 0x11, 0x02, 0xbb, 0x7f, 0xfe, 0x89, 0x01, 0x69, 0x8d, 0x7a, 0xf8, 0x22,
    0xe8, 0x01, 0x09, 0x02, 0xec, 0xa1, 0xa1, 0x63, 0x01, 0xf6, 0xfe, 0x0c, 0x65, 0x01, 0xd9, 0x33,
    0xfe, 0xbf, 0x01, 0x41, 0x00, 0x01, 0x00, 0x00, 0x00, 0xca, 0x01, 0x22, 0x00, 0x48, 0x00, 0x5b,
    0x00, 0x06, 0x00, 0x02, 0x00, 0x10, 0x00, 0x2f, 0x00, 0x5c, 0x00, 0x00, 0x03, 0xb9, 0x03, 0x11,
    0x00, 0x03, 0x00, 0x01, 0x00, 0x00, 0x00, 0x00, 0x00, 0x00, 0x00, 0x29, 0x00, 0x4f, 0x00, 0xe1,
    0x01, 0x8b, 0x02, 0x05, 0x02, 0x94, 0x02, 0xad, 0x02, 0xdc, 0x03, 0x0b, 0x03, 0x5e, 0x03, 0x80,
    0x03, 0xa0, 0x03, 0xba, 0x03, 0xd2, 0x03, 0xef, 0x04, 0x4d, 0x04, 0x84, 0x04, 0xcf, 0x05, 0x49,
    0x05, 0x8b, 0x05, 0xe7, 0x06, 0x4e, 0x06, 0x7c, 0x06, 0xfc, 0x07, 0x65, 0x07, 0x8c, 0x07, 0xbb,
    0x07, 0xec, 0x08, 0x2b, 0x08, 0x5b, 0x08, 0xb5, 0x09, 0x6a, 0x09, 0xb5, 0x0a, 0x12, 0x0a, 0x70,
    0x0a, 0xa9, 0x0a, 0xec, 0x0b, 0x28, 0x0b, 0x7e, 0x0b, 0xb3, 0x0b, 0xe8, 0x0c, 0x1f, 0x0c, 0x5f,
    0x0c, 0x7d, 0x0c, 0xce, 0x0d, 0x0c, 0x0d, 0x4d, 0x0d, 0x8b, 0x0d, 0xe7, 0x0e, 0x3f, 0x0e, 0xa7,
    0x0e, 0xcd, 0x0e, 0xff, 0x0f, 0x31, 0x0f, 0x8c, 0x0f, 0xcb, 0x10, 0x01, 0x10, 0x32, 0x10, 0x59,
    0x10, 0x76, 0x10, 0x9d, 0x10, 0xcb, 0x10, 0xe2, 0x10, 0xfe, 0x11, 0x78, 0x11, 0xc9, 0x12, 0x2a,
    0x12, 0x7e, 0x12, 0xd6, 0x13, 0x17, 0x13, 0x88, 0x13, 0xc2, 0x13, 0xfb, 0x14, 0x39, 0x14, 0x73,
    0x14, 0x9e, 0x14, 0xfa, 0x15, 0x38, 0x15, 0x76, 0x15, 0xc9, 0x16, 0x1b, 0x16, 0x54, 0x16, 0xb7,
    0x16, 0xf6, 0x17, 0x37, 0x17, 0x6a, 0x17, 0xc5, 0x18, 0x03, 0x18, 0x48, 0x18, 0x78, 0x18, 0xd8,
    0x18, 0xf1, 0x19, 0x53, 0x19, 0x94, 0x19, 0x9c, 0x19, 0xc6, 0x1a, 0x0c, 0x1a, 0x7b, 0x1a, 0xe9,
    0x1b, 0x40, 0x1b, 0x68, 0x1c, 0x0f, 0x1c, 0x3c, 0x1c, 0xe3, 0x1d, 0x58, 0x1d, 0xaa, 0x1d, 0xce,
    0x1d, 0xd6, 0x1e, 0x6c, 0x1e, 0x75, 0x1e, 0xb5, 0x1f, 0x08, 0x1f, 0x5a, 0x1f, 0xd0, 0x1f, 0xec,
    0x20, 0x34, 0x20, 0x6b, 0x20, 0x73, 0x20, 0xb4, 0x20, 0xea, 0x21, 0x26, 0x21, 0x77, 0x21, 0x9c,
    0x21, 0xb9, 0x21, 0xda, 0x22, 0x34, 0x22, 0x4c, 0x22, 0x63, 0x22, 0x7a, 0x22, 0x91, 0x22, 0xaa,
    0x22, 0xc1, 0x23, 0x2c, 0x23, 0x3f, 0x23, 0x57, 0x23, 0x6e, 0x23, 0x86, 0x23, 0xa0, 0x23, 0xb8,
    0x23, 0xcf, 0x23, 0xe6, 0x23, 0xff, 0x24, 0x5d, 0x24, 0x74, 0x24, 0x8c, 0x24, 0xa3, 0x24, 0xba,
    0x24, 0xd1, 0x24, 0xea, 0x25, 0x1e, 0x25, 0x8b, 0x25, 0xa3, 0x25, 0xba, 0x25, 0xd1, 0x25, 0xea,
    0x26, 0x01, 0x26, 0x42, 0x26, 0xb5, 0x26, 0xcc, 0x26, 0xe2, 0x26, 0xfb, 0x27, 0x18, 0x27, 0x33,
    0x27, 0x4b, 0x27, 0xed, 0x28, 0x00, 0x28, 0x17, 0x28, 0x2d, 0x28, 0x43, 0x28, 0x5b, 0x28, 0x76,
    0x28, 0x8c, 0x28, 0xa9, 0x28, 0xcd, 0x29, 0x4d, 0x29, 0x63, 0x29, 0x7a, 0x29, 0x90, 0x29, 0xa6,
    0x29, 0xbc, 0x29, 0xd4, 0x2a, 0x19, 0x2a, 0x88, 0x2a, 0x9f, 0x2a, 0xb5, 0x2a, 0xcc, 0x2a, 0xe5,
    0x2a, 0xfb, 0x2b, 0x4f, 0x2b, 0x67, 0x2b, 0x92, 0x2b, 0xb6, 0x2c, 0x09, 0x2c, 0x4a, 0x2c, 0x65,
    0x2c, 0x85, 0x2c, 0xc3, 0x2d, 0x16, 0x2d, 0x97, 0x2d, 0xdc, 0x00, 0x00, 0x00, 0x01, 0x00, 0x00,
    0x00, 0x02, 0x19, 0x99, 0x4e, 0xef, 0x31, 0x09, 0x5f, 0x0f, 0x3c, 0xf5, 0x00, 0x1f, 0x08, 0x00,
    0x00, 0x00, 0x00, 0x00, 0xc8, 0x43, 0x7a, 0xa7, 0x00, 0x00, 0x00, 0x00, 0xe0, 0xd5, 0xc2, 0x5d,
    0xfc, 0x25, 0xfd, 0x99, 0x05, 0xf1, 0x07, 0xd9, 0x00, 0x00, 0x00, 0x08, 0x00, 0x02, 0x00, 0x00,
    0x00, 0x00, 0x00, 0x00, 0x04, 0xcd, 0x00, 0x7f, 0x00, 0x00, 0x02, 0x03, 0x01, 0x15, 0x00, 0x36,
    0x00, 0x42, 0x00, 0x00, 0x00, 0x2b, 0x01, 0xf6, 0x01, 0x56, 0x01, 0x50, 0x00, 0xf8, 0x00, 0x74,
    0x01, 0x03, 0x01, 0x4e, 0x01, 0xf0, 0x00, 0x72, 0x00, 0x7c, 0x00, 0x94, 0x00, 0x90, 0x00, 0x80,
    0x00, 0x67, 0x00, 0x80, 0x00, 0x97, 0x00, 0x9e, 0x00, 0x85, 0x00, 0x8d, 0x01, 0xf0, 0x01, 0x60,
    0x00, 0x74, 0x00, 0x74, 0x00, 0x74, 0x00, 0x5e, 0x00, 0x2c, 0x00, 0x00, 0x00, 0xa2, 0x00, 0x71,
    0x00, 0xa2, 0x00, 0xa2, 0x00, 0xc2, 0x00, 0x71, 0x00, 0xa2, 0x00, 0xca, 0x00, 0xb0, 0x00, 0xa2,
    0x00, 0xed, 0x00, 0x81, 0x00, 0xa2, 0x00, 0x66, 0x00, 0xa2, 0x00, 0x66, 0x00, 0xa2, 0x00, 0x4f,
    0x00, 0x4c, 0x00, 0x8e, 0x00, 0x0a, 0x00, 0x00, 0x00, 0x24, 0x00, 0x24, 0x00, 0x49, 0x01, 0x9a,
    0x00, 0x73, 0x01, 0x0e, 0x00, 0x85, 0xff, 0xfb, 0x01, 0x92, 0x00, 0x80, 0x00, 0xb3, 0x00, 0x82,
    0x00, 0x8a, 0x00, 0x85, 0x00, 0x8a, 0x00, 0x8f, 0x00, 0xb9, 0x00, 0x8f, 0x00, 0x75, 0x00, 0xec,
    0x01, 0x0b, 0x00, 0x63, 0x00, 0xb3, 0x00, 0x82, 0x00, 0xb3, 0x00, 0x8a, 0x00, 0xf2, 0x00, 0xa7,
    0x00, 0xbe, 0x00, 0xb9, 0x00, 0x45, 0x00, 0x15, 0x00, 0x5e, 0x00, 0x42, 0x00, 0x93, 0x00, 0xe3,
    0x02, 0x13, 0x00, 0xa7, 0x00, 0x6c, 0x00, 0x00, 0x02, 0x03, 0xff, 0xcc, 0x00, 0x38, 0x00, 0x9e,
    0x00, 0x34, 0x02, 0x13, 0x00, 0x9f, 0x01, 0x4f, 0x00, 0x1f, 0x00, 0xce, 0x00, 0x7f, 0x00, 0x74,
    0x01, 0x4e, 0x00, 0x1f, 0xff, 0xfb, 0x01, 0x47, 0x00, 0x74, 0x01, 0x38, 0x01, 0x32, 0x01, 0x92,
    0x00, 0x90, 0x00, 0x7f, 0x01, 0xf0, 0x00, 0x77, 0x01, 0x1d, 0x00, 0xe2, 0x00, 0x6b, 0x00, 0x1b,
    0x00, 0x11, 0x00, 0x0b, 0x00, 0x99, 0x00, 0x00, 0x00, 0x00, 0x00, 0x00, 0x00, 0x00, 0x00, 0x00,
    0x00, 0x00, 0x00, 0x01, 0x00, 0x71, 0x00, 0xa2, 0x00, 0xa2, 0x00, 0xa2, 0x00, 0xa2, 0x00, 0xca,
    0x00, 0xca, 0x00, 0xca, 0x00, 0xca, 0x00, 0x1b, 0x00, 0xa2, 0x00, 0x66, 0x00, 0x66, 0x00, 0x66,
    0x00, 0x66, 0x00, 0x66, 0x00, 0x9d, 0x00, 0x38, 0x00, 0x8e, 0x00, 0x8e, 0x00, 0x8e, 0x00, 0x8e,
    0x00, 0x24, 0x00, 0xa2, 0x00, 0x8e, 0x00, 0x80, 0x00, 0x80, 0x00, 0x80, 0x00, 0x80, 0x00, 0x80,
    0x00, 0x80, 0x00, 0x14, 0x00, 0x82, 0x00, 0x85, 0x00, 0x85, 0x00, 0x85, 0x00, 0x85, 0x00, 0x8f,
    0x00, 0x8f, 0x00, 0x8f, 0x00, 0x8f, 0x00, 0x7d, 0x00, 0xb3, 0x00, 0x82, 0x00, 0x82, 0x00, 0x82,
    0x00, 0x82, 0x00, 0x82, 0x00, 0x74, 0x00, 0x6e, 0x00, 0xb9, 0x00, 0xb9, 0x00, 0xb9, 0x00, 0xb9,
    0x00, 0x42, 0x00, 0xb9, 0x00, 0x42, 0x00, 0x8f, 0x01, 0x1b, 0x01, 0x74, 0x00, 0xff, 0x00, 0xcc,
    0x01, 0xf0, 0x01, 0x25, 0x00, 0xfa, 0x00, 0xea, 0x00, 0xc5, 0x00, 0x00, 0x00, 0x01, 0x00, 0x00,
    0x06, 0xa9, 0xfd, 0x99, 0x00, 0x00, 0x04, 0xcd, 0xfc, 0x25, 0xfa, 0x7a, 0x05, 0xf1, 0x00, 0x01,
    0x00, 0x00, 0x00, 0x00, 0x00, 0x00, 0x00, 0x00, 0x00, 0x00, 0x00, 0x00, 0x00, 0x00, 0x00, 0x01,
    0x00, 0x03, 0x04, 0xcd, 0x01, 0x90, 0x00, 0x05, 0x00, 0x00, 0x05, 0x9a, 0x05, 0x33, 0x00, 0x00,
    0x01, 0x1d, 0x05, 0x9a, 0x05, 0x33, 0x00, 0x00, 0x03, 0x61, 0x00, 0x66, 0x02, 0x12, 0x08, 0x05,
    0x02, 0x07, 0x04, 0x09, 0x02, 0x02, 0x05, 0x02, 0x04, 0x04, 0x00, 0x00, 0x00, 0x03, 0x00, 0x00,
    0x00, 0x00, 0x00, 0x00, 0x00, 0x00, 0x00, 0x00, 0x00, 0x00, 0x31, 0x41, 0x53, 0x43, 0x00, 0x40,
    0x00, 0x20, 0x00, 0xff, 0x04, 0xe7, 0xfe, 0x7e, 0x00, 0x00, 0x06, 0xa9, 0x02, 0x67, 0x00, 0x00,
    0x00, 0x01, 0x00, 0x00, 0x00, 0x00, 0x04, 0x3a, 0x05, 0x45, 0x00, 0x00, 0x00, 0x20, 0x00, 0x0e,
    0x00, 0x00, 0x00, 0x02, 0x00, 0x00, 0x00, 0x03, 0x00, 0x00, 0x00, 0x14, 0x00, 0x03, 0x00, 0x01,
    0x00, 0x00, 0x00, 0x14, 0x00, 0x04, 0x00, 0x28, 0x00, 0x00, 0x00, 0x06, 0x00, 0x04, 0x00, 0x01,
    0x00, 0x02, 0x00, 0x7e, 0x00, 0xff, 0xff, 0xff, 0x00, 0x00, 0x00, 0x20, 0x00, 0xa0, 0xff, 0xff,
    0xff, 0xe1, 0xff, 0xc0, 0x00, 0x01, 0x00, 0x00, 0x00, 0x00, 0x00, 0x00, 0x40, 0x47, 0x5b, 0x5a,
    0x59, 0x58, 0x55, 0x54, 0x53, 0x52, 0x51, 0x50, 0x4f, 0x4e, 0x4d, 0x4c, 0x4b, 0x4a, 0x49, 0x48,
    0x47, 0x46, 0x45, 0x44, 0x43, 0x42, 0x41, 0x40, 0x3f, 0x3e, 0x3d, 0x3c, 0x3b, 0x3a, 0x39, 0x38,
    0x37, 0x36, 0x35, 0x31, 0x30, 0x2f, 0x2e, 0x2d, 0x2c, 0x28, 0x27, 0x26, 0x25, 0x24, 0x23, 0x22,
    0x21, 0x1f, 0x18, 0x14, 0x11, 0x10, 0x0f, 0x0e, 0x0d, 0x0b, 0x0a, 0x09, 0x08, 0x07, 0x06, 0x05,
    0x04, 0x03, 0x02, 0x01, 0x00, 0x2c, 0x20, 0xb0, 0x01, 0x60, 0x45, 0xb0, 0x03, 0x25, 0x20, 0x11,
    0x46, 0x61, 0x23, 0x45, 0x23, 0x61, 0x48, 0x2d, 0x2c, 0x20, 0x45, 0x18, 0x68, 0x44, 0x2d, 0x2c,
    0x45, 0x23, 0x46, 0x60, 0xb0, 0x20, 0x61, 0x20, 0xb0, 0x46, 0x60, 0xb0, 0x04, 0x26, 0x23, 0x48,
    0x48, 0x2d, 0x2c, 0x45, 0x23, 0x46, 0x23, 0x61, 0xb0, 0x20, 0x60, 0x20, 0xb0, 0x26, 0x61, 0xb0,
    0x20, 0x61, 0xb0, 0x04, 0x26, 0x23, 0x48, 0x48, 0x2d, 0x2c, 0x45, 0x23, 0x46, 0x60, 0xb0, 0x40,
    0x61, 0x20, 0xb0, 0x66, 0x60, 0xb0, 0x04, 0x26, 0x23, 0x48, 0x48, 0x2d, 0x2c, 0x45, 0x23, 0x46,
    0x23, 0x61, 0xb0, 0x40, 0x60, 0x20, 0xb0, 0x26, 0x61, 0xb0, 0x40, 0x61, 0xb0, 0x04, 0x26, 0x23,
    0x48, 0x48, 0x2d, 0x2c, 0x01, 0x10, 0x20, 0x3c, 0x00, 0x3c, 0x2d, 0x2c, 0x20, 0x45, 0x23, 0x20,
    0xb0, 0xcd, 0x44, 0x23, 0x20, 0xb8, 0x01, 0x5a, 0x51, 0x58, 0x23, 0x20, 0xb0, 0x8d, 0x44, 0x23,
    0x59, 0x20, 0xb0, 0xed, 0x51, 0x58, 0x23, 0x20, 0xb0, 0x4d, 0x44, 0x23, 0x59, 0x20, 0xb0, 0x04,
    0x26, 0x51, 0x58, 0x23, 0x20, 0xb0, 0x0d, 0x44, 0x23, 0x59, 0x21, 0x21, 0x2d, 0x2c, 0x20, 0x20,
    0x45, 0x18, 0x68, 0x44, 0x20, 0xb0, 0x01, 0x60, 0x20, 0x45, 0xb0, 0x46, 0x76, 0x68, 0x8a, 0x45,
    0x60, 0x44, 0x2d, 0x2c, 0x01, 0xb1, 0x0b, 0x0a, 0x43, 0x23, 0x43, 0x65, 0x0a, 0x2d, 0x2c, 0x00,
    0xb1, 0x0a, 0x0b, 0x43, 0x23, 0x43, 0x0b, 0x2d, 0x2c, 0x00, 0xb0, 0x28, 0x23, 0x70, 0xb1, 0x01,
    0x28, 0x3e, 0x01, 0xb0, 0x28, 0x23, 0x70, 0xb1, 0x02, 0x28, 0x45, 0x3a, 0xb1, 0x02, 0x00, 0x08,
    0x0d, 0x2d, 0x2c, 0x20, 0x45, 0xb0, 0x03, 0x25, 0x45, 0x61, 0x64, 0xb0, 0x50, 0x51, 0x58, 0x45,
    0x44, 0x1b, 0x21, 0x21, 0x59, 0x2d, 0x2c, 0x49, 0xb0, 0x0e, 0x23, 0x44, 0x2d, 0x2c, 0x20, 0x45,
    0xb0, 0x00, 0x43, 0x60, 0x44, 0x2d, 0x2c, 0x01, 0xb0, 0x06, 0x43, 0xb0, 0x07, 0x43, 0x65, 0x0a,
    0x2d, 0x2c, 0x20, 0x69, 0xb0, 0x40, 0x61, 0xb0, 0x00, 0x8b, 0x20, 0xb1, 0x2c, 0xc0, 0x8a, 0x8c,
    0xb8, 0x10, 0x00, 0x62, 0x60, 0x2b, 0x0c, 0x64, 0x23, 0x64, 0x61, 0x5c, 0x58, 0xb0, 0x03, 0x61,
    0x59, 0x2d, 0x2c, 0x8a, 0x03, 0x45, 0x8a, 0x8a, 0x87, 0xb0, 0x11, 0x2b, 0xb0, 0x29, 0x23, 0x44,
    0xb0, 0x29, 0x7a, 0xe4, 0x18, 0x2d, 0x2c, 0x45, 0x65, 0xb0, 0x2c, 0x23, 0x44, 0x45, 0xb0, 0x2b,
    0x23, 0x44, 0x2d, 0x2c, 0x4b, 0x52, 0x58, 0x45, 0x44, 0x1b, 0x21, 0x21, 0x59, 0x2d, 0x2c, 0x4b,
    0x51, 0x58, 0x45, 0x44, 0x1b, 0x21, 0x21, 0x59, 0x2d, 0x2c, 0x01, 0xb0, 0x05, 0x25, 0x10, 0x23,
    0x20, 0x8a, 0xf5, 0x00, 0xb0, 0x01, 0x60, 0x23, 0xed, 0xec, 0x2d, 0x2c, 0x01, 0xb0, 0x05, 0x25,
    0x10, 0x23, 0x20, 0x8a, 0xf5, 0x00, 0xb0, 0x01, 0x61, 0x23, 0xed, 0xec, 0x2d, 0x2c, 0x01, 0xb0,
    0x06, 0x25, 0x10, 0xf5, 0x00, 0xed, 0xec, 0x2d, 0x2c, 0xb0, 0x02, 0x43, 0xb0, 0x01, 0x52, 0x58,
    0x21, 0x21, 0x21, 0x21, 0x21, 0x1b, 0x46, 0x23, 0x46, 0x60, 0x8a, 0x8a, 0x46, 0x23, 0x20, 0x46,
    0x8a, 0x60, 0x8a, 0x61, 0xb8, 0xff, 0x80, 0x62, 0x23, 0x20, 0x10, 0x23, 0x8a, 0xb1, 0x0c, 0x0c,
    0x8a, 0x70, 0x45, 0x60, 0x20, 0xb0, 0x00, 0x50, 0x58, 0xb0, 0x01, 0x61, 0xb8, 0xff, 0xba, 0x8b,
    0x1b, 0xb0, 0x46, 0x8c, 0x59, 0xb0, 0x10, 0x60, 0x68, 0x01, 0x3a, 0x59, 0x2d, 0x2c, 0x20, 0x45,
    0xb0, 0x03, 0x25, 0x46, 0x52, 0x4b, 0xb0, 0x13, 0x51, 0x5b, 0x58, 0xb0, 0x02, 0x25, 0x46, 0x20,
    0x68, 0x61, 0xb0, 0x03, 0x25, 0xb0, 0x03, 0x25, 0x3f, 0x23, 0x21, 0x38, 0x1b, 0x21, 0x11, 0x59,
    0x2d, 0x2c, 0x20, 0x45, 0xb0, 0x03, 0x25, 0x46, 0x50, 0x58, 0xb0, 0x02, 0x25, 0x46, 0x20, 0x68,
    0x61, 0xb0, 0x03, 0x25, 0xb0, 0x03, 0x25, 0x3f, 0x23, 0x21, 0x38, 0x1b, 0x21, 0x11, 0x59, 0x2d,
    0x2c, 0x00, 0xb0, 0x07, 0x43, 0xb0, 0x06, 0x43, 0x0b, 0x2d, 0x2c, 0x21, 0x21, 0x0c, 0x64, 0x23,
    0x64, 0x8b, 0xb8, 0x40, 0x00, 0x62, 0x2d, 0x2c, 0x21, 0xb0, 0x80, 0x51, 0x58, 0x0c, 0x64, 0x23,
    0x64, 0x8b, 0xb8, 0x20, 0x00, 0x62, 0x1b, 0xb2, 0x00, 0x40, 0x2f, 0x2b, 0x59, 0xb0, 0x02, 0x60,
    0x2d, 0x2c, 0x21, 0xb0, 0xc0, 0x51, 0x58, 0x0c, 0x64, 0x23, 0x64, 0x8b, 0xb8, 0x15, 0x55, 0x62,
    0x1b, 0xb2, 0x00, 0x80, 0x2f, 0x2b, 0x59, 0xb0, 0x02, 0x60, 0x2d, 0x2c, 0x0c, 0x64, 0x23, 0x64,
    0x8b, 0xb8, 0x40, 0x00, 0x62, 0x60, 0x23, 0x21, 0x2d, 0x2c, 0x4b, 0x53, 0x58, 0x8a, 0xb0, 0x04,
    0x25, 0x49, 0x64, 0x23, 0x45, 0x69, 0xb0, 0x40, 0x8b, 0x61, 0xb0, 0x80, 0x62, 0xb0, 0x20, 0x61,
    0x6a, 0xb0, 0x0e, 0x23, 0x44, 0x23, 0x10, 0xb0, 0x0e, 0xf6, 0x1b, 0x21, 0x23, 0x8a, 0x12, 0x11,
    0x20, 0x39, 0x2f, 0x59, 0x2d, 0x2c, 0x4b, 0x53, 0x58, 0x20, 0xb0, 0x03, 0x25, 0x49, 0x64, 0x69,
    0x20, 0xb0, 0x05, 0x26, 0xb0, 0x06, 0x25, 0x49, 0x64, 0x23, 0x61, 0xb0, 0x80, 0x62, 0xb0, 0x20,
    0x61, 0x6a, 0xb0, 0x0e, 0x23, 0x44, 0xb0, 0x04, 0x26, 0x10, 0xb0, 0x0e, 0xf6, 0x8a, 0x10, 0xb0,
    0x0e, 0x23, 0x44, 0xb0, 0x0e, 0xf6, 0xb0, 0x0e, 0x23, 0x44, 0xb0, 0x0e, 0xed, 0x1b, 0x8a, 0xb0,
    0x04, 0x26, 0x11, 0x12, 0x20, 0x39, 0x23, 0x20, 0x39, 0x2f, 0x2f, 0x59, 0x2d, 0x2c, 0x45, 0x23,
    0x45, 0x60, 0x23, 0x45, 0x60, 0x23, 0x45, 0x60, 0x23, 0x76, 0x68, 0x18, 0xb0, 0x80, 0x62, 0x20,
    0x2d, 0x2c, 0xb0, 0x48, 0x2b, 0x2d, 0x2c, 0x20, 0x45, 0xb0, 0x00, 0x54, 0x58, 0xb0, 0x40, 0x44,
    0x20, 0x45, 0xb0, 0x40, 0x61, 0x44, 0x1b, 0x21, 0x21, 0x59, 0x2d, 0x2c, 0x45, 0xb1, 0x30, 0x2f,
    0x45, 0x23, 0x45, 0x61, 0x60, 0xb0, 0x01, 0x60, 0x69, 0x44, 0x2d, 0x2c, 0x4b, 0x51, 0x58, 0xb0,
    0x2f, 0x23, 0x70, 0xb0, 0x14, 0x23, 0x42, 0x1b, 0x21, 0x21, 0x59, 0x2d, 0x2c, 0x4b, 0x51, 0x58,
    0x20, 0xb0, 0x03, 0x25, 0x45, 0x69, 0x53, 0x58, 0x44, 0x1b, 0x21, 0x21, 0x59, 0x1b, 0x21, 0x21,
    0x59, 0x2d, 0x2c, 0x45, 0xb0, 0x14, 0x43, 0xb0, 0x00, 0x60, 0x63, 0xb0, 0x01, 0x60, 0x69, 0x44,
    0x2d, 0x2c, 0xb0, 0x2f, 0x45, 0x44, 0x2d, 0x2c, 0x45, 0x23, 0x20, 0x45, 0x8a, 0x60, 0x44, 0x2d,
    0x2c, 0x45, 0x23, 0x45, 0x60, 0x44, 0x2d, 0x2c, 0x4b, 0x23, 0x51, 0x58, 0xb9, 0x00, 0x33, 0xff,
    0xe0, 0xb1, 0x34, 0x20, 0x1b, 0xb3, 0x33, 0x00, 0x34, 0x00, 0x59, 0x44, 0x44, 0x2d, 0x2c, 0xb0,
    0x16, 0x43, 0x58, 0xb0, 0x03, 0x26, 0x45, 0x8a, 0x58, 0x64, 0x66, 0xb0, 0x1f, 0x60, 0x1b, 0x64,
    0xb0, 0x20, 0x60, 0x66, 0x20, 0x58, 0x1b, 0x21, 0xb0, 0x40, 0x59, 0xb0, 0x01, 0x61, 0x59, 0x23,
    0x58, 0x65, 0x59, 0xb0, 0x29, 0x23, 0x44, 0x23, 0x10, 0xb0, 0x29, 0xe0, 0x1b, 0x21, 0x21, 0x21,
    0x21, 0x21, 0x59, 0x2d, 0x2c, 0xb0, 0x02, 0x43, 0x54, 0x58, 0x4b, 0x53, 0x23, 0x4b, 0x51, 0x5a,
    0x58, 0x38, 0x1b, 0x21, 0x21, 0x59, 0x1b, 0x21, 0x21, 0x21, 0x21, 0x59, 0x2d, 0x2c, 0xb0, 0x16,
    0x43, 0x58, 0xb0, 0x04, 0x25, 0x45, 0x64, 0xb0, 0x20, 0x60, 0x66, 0x20, 0x58, 0x1b, 0x21, 0xb0,
    0x40, 0x59, 0xb0, 0x01, 0x61, 0x23, 0x58, 0x1b, 0x65, 0x59, 0xb0, 0x29, 0x23, 0x44, 0xb0, 0x05,
    0x25, 0xb0, 0x08, 0x25, 0x08, 0x20, 0x58, 0x02, 0x1b, 0x03, 0x59, 0xb0, 0x04, 0x25, 0x10, 0xb0,
    0x05, 0x25, 0x20, 0x46, 0xb0, 0x04, 0x25, 0x23, 0x42, 0x3c, 0xb0, 0x04, 0x25, 0xb0, 0x07, 0x25,
    0x08, 0xb0, 0x07, 0x25, 0x10, 0xb0, 0x06, 0x25, 0x20, 0x46, 0xb0, 0x04, 0x25, 0xb0, 0x01, 0x60,
    0x23, 0x42, 0x3c, 0x20, 0x58, 0x01, 0x1b, 0x00, 0x59, 0xb0, 0x04, 0x25, 0x10, 0xb0, 0x05, 0x25,
    0xb0, 0x29, 0xe0, 0xb0, 0x29, 0x20, 0x45, 0x65, 0x44, 0xb0, 0x07, 0x25, 0x10, 0xb0, 0x06, 0x25,
    0xb0, 0x29, 0xe0, 0xb0, 0x05, 0x25, 0xb0, 0x08, 0x25, 0x08, 0x20, 0x58, 0x02, 0x1b, 0x03, 0x59,
    0xb0, 0x05, 0x25, 0xb0, 0x03, 0x25, 0x43, 0x48, 0xb0, 0x04, 0x25, 0xb0, 0x07, 0x25, 0x08, 0xb0,
    0x06, 0x25, 0xb0, 0x03, 0x25, 0xb0, 0x01, 0x60, 0x43, 0x48, 0x1b, 0x21, 0x59, 0x21, 0x21, 0x21,
    0x21, 0x21, 0x21, 0x21, 0x2d, 0x2c, 0x02, 0xb0, 0x04, 0x25, 0x20, 0x20, 0x46, 0xb0, 0x04, 0x25,
    0x23, 0x42, 0xb0, 0x05, 0x25, 0x08, 0xb0, 0x03, 0x25, 0x45, 0x48, 0x21, 0x21, 0x21, 0x21, 0x2d,
    0x2c, 0x02, 0xb0, 0x03, 0x25, 0x20, 0xb0, 0x04, 0x25, 0x08, 0xb0, 0x02, 0x25, 0x43, 0x48, 0x21,
    0x21, 0x21, 0x2d, 0x2c, 0x45, 0x23, 0x20, 0x45, 0x18, 0x20, 0xb0, 0x00, 0x50, 0x20, 0x58, 0x23,
    0x65, 0x23, 0x59, 0x23, 0x68, 0x20, 0xb0, 0x40, 0x50, 0x58, 0x21, 0xb0, 0x40, 0x59, 0x23, 0x58,
    0x65, 0x59, 0x8a, 0x60, 0x44, 0x2d, 0x2c, 0x4b, 0x53, 0x23, 0x4b, 0x51, 0x5a, 0x58, 0x20, 0x45,
    0x8a, 0x60, 0x44, 0x1b, 0x21, 0x21, 0x59, 0x2d, 0x2c, 0x4b, 0x54, 0x58, 0x20, 0x45, 0x8a, 0x60,
    0x44, 0x1b, 0x21, 0x21, 0x59, 0x2d, 0x2c, 0x4b, 0x53, 0x23, 0x4b, 0x51, 0x5a, 0x58, 0x38, 0x1b,
    0x21, 0x21, 0x59, 0x2d, 0x2c, 0xb0, 0x00, 0x21, 0x4b, 0x54, 0x58, 0x38, 0x1b, 0x21, 0x21, 0x59,
    0x2d, 0x2c, 0xb0, 0x02, 0x43, 0x54, 0x58, 0xb0, 0x46, 0x2b, 0x1b, 0x21, 0x21, 0x21, 0x21, 0x59,
    0x2d, 0x2c, 0xb0, 0x02, 0x43, 0x54, 0x58, 0xb0, 0x47, 0x2b, 0x1b, 0x21, 0x21, 0x21, 0x59, 0x2d,
    0x2c, 0xb0, 0x02, 0x43, 0x54, 0x58, 0xb0, 0x48, 0x2b, 0x1b, 0x21, 0x21, 0x21, 0x21, 0x59, 0x2d,
    0x2c, 0xb0, 0x02, 0x43, 0x54, 0x58, 0xb0, 0x49, 0x2b, 0x1b, 0x21, 0x21, 0x21, 0x59, 0x2d, 0x2c,
    0x20, 0x8a, 0x08, 0x23, 0x4b, 0x53, 0x8a, 0x4b, 0x51, 0x5a, 0x58, 0x23, 0x38, 0x1b, 0x21, 0x21,
    0x59, 0x2d, 0x2c, 0x00, 0xb0, 0x02, 0x25, 0x49, 0xb0, 0x00, 0x53, 0x58, 0x20, 0xb0, 0x40, 0x38,
    0x11, 0x1b, 0x21, 0x59, 0x2d, 0x2c, 0x01, 0x46, 0x23, 0x46, 0x60, 0x23, 0x46, 0x61, 0x23, 0x20,
    0x10, 0x20, 0x46, 0x8a, 0x61, 0xb8, 0xff, 0x80, 0x62, 0x8a, 0xb1, 0x40, 0x40, 0x8a, 0x70, 0x45,
    0x60, 0x68, 0x3a, 0x2d, 0x2c, 0x20, 0x8a, 0x23, 0x49, 0x64, 0x8a, 0x23, 0x53, 0x58, 0x3c, 0x1b,
    0x21, 0x59, 0x2d, 0x2c, 0x4b, 0x52, 0x58, 0x7d, 0x1b, 0x7a, 0x59, 0x2d, 0x2c, 0xb0, 0x12, 0x00,
    0x4b, 0x01, 0x4b, 0x54, 0x42, 0x2d, 0x2c, 0xb1, 0x02, 0x00, 0x42, 0xb1, 0x23, 0x01, 0x88, 0x51,
    0xb1, 0x40, 0x01, 0x88, 0x53, 0x5a, 0x58, 0xb9, 0x10, 0x00, 0x00, 0x20, 0x88, 0x54, 0x58, 0xb2,
    0x02, 0x01, 0x02, 0x43, 0x60, 0x42, 0x59, 0xb1, 0x24, 0x01, 0x88, 0x51, 0x58, 0xb9, 0x20, 0x00,
    0x00, 0x40, 0x88, 0x54, 0x58, 0xb2, 0x02, 0x02, 0x02, 0x43, 0x60, 0x42, 0xb1, 0x24, 0x01, 0x88,
    0x54, 0x58, 0xb2, 0x02, 0x20, 0x02, 0x43, 0x60, 0x42, 0x00, 0x4b, 0x01, 0x4b, 0x52, 0x58, 0xb2,
    0x02, 0x08, 0x02, 0x43, 0x60, 0x42, 0x59, 0x1b, 0xb9, 0x40, 0x00, 0x00, 0x80, 0x88, 0x54, 0x58,
    0xb2, 0x02, 0x04, 0x02, 0x43, 0x60, 0x42, 0x59, 0xb9, 0x40, 0x00, 0x00, 0x80, 0x63, 0xb8, 0x01,
    0x00, 0x88, 0x54, 0x58, 0xb2, 0x02, 0x08, 0x02, 0x43, 0x60, 0x42, 0x59, 0xb9, 0x40, 0x00, 0x01,
    0x00, 0x63, 0xb8, 0x02, 0x00, 0x88, 0x54, 0x58, 0xb2, 0x02, 0x10, 0x02, 0x43, 0x60, 0x42, 0x59,
    0xb1, 0x26, 0x01, 0x88, 0x51, 0x58, 0xb9, 0x40, 0x00, 0x02, 0x00, 0x63, 0xb8, 0x04, 0x00, 0x88,
    0x54, 0x58, 0xb2, 0x02, 0x40, 0x02, 0x43, 0x60, 0x42, 0x59, 0xb9, 0x40, 0x00, 0x04, 0x00, 0x63,
    0xb8, 0x08, 0x00, 0x88, 0x54, 0x58, 0xb2, 0x02, 0x80, 0x02, 0x43, 0x60, 0x42, 0x59, 0x59, 0x59,
    0x59, 0x59, 0x59, 0xb1, 0x00, 0x02, 0x43, 0x54, 0x58, 0x40, 0x0a, 0x05, 0x40, 0x08, 0x40, 0x09,
    0x40, 0x0c, 0x02, 0x0d, 0x02, 0x1b, 0xb1, 0x01, 0x02, 0x43, 0x54, 0x58, 0xb2, 0x05, 0x40, 0x08,
    0xba, 0x01, 0x00, 0x00, 0x09, 0x01, 0x00, 0xb3, 0x0c, 0x01, 0x0d, 0x01, 0x1b, 0xb1, 0x80, 0x02,
    0x43, 0x52, 0x58, 0xb2, 0x05, 0x40, 0x08, 0xb8, 0x01, 0x80, 0xb1, 0x09, 0x40, 0x1b, 0xb2, 0x05,
    0x40, 0x08, 0xba, 0x01, 0x80, 0x00, 0x09, 0x01, 0x40, 0x59, 0xb9, 0x40, 0x00, 0x00, 0x80, 0x88,
    0x55, 0xb9, 0x40, 0x00, 0x02, 0x00, 0x63, 0xb8, 0x04, 0x00, 0x88, 0x55, 0x5a, 0x58, 0xb3, 0x0c,
    0x00, 0x0d, 0x01, 0x1b, 0xb3, 0x0c, 0x00, 0x0d, 0x01, 0x59, 0x59, 0x59, 0x42, 0x42, 0x42, 0x42,
    0x42, 0x2d, 0x2c, 0x45, 0x18, 0x68, 0x23, 0x4b, 0x51, 0x58, 0x23, 0x20, 0x45, 0x20, 0x64, 0xb0,
    0x40, 0x50, 0x58, 0x7c, 0x59, 0x68, 0x8a, 0x60, 0x59, 0x44, 0x2d, 0x2c, 0xb0, 0x00, 0x16, 0xb0,
    0x02, 0x25, 0xb0, 0x02, 0x25, 0x01, 0xb0, 0x01, 0x23, 0x3e, 0x00, 0xb0, 0x02, 0x23, 0x3e, 0xb1,
    0x01, 0x02, 0x06, 0x0c, 0xb0, 0x0a, 0x23, 0x65, 0x42, 0xb0, 0x0b, 0x23, 0x42, 0x01, 0xb0, 0x01,
    0x23, 0x3f, 0x00, 0xb0, 0x02, 0x23, 0x3f, 0xb1, 0x01, 0x02, 0x06, 0x0c, 0xb0, 0x06, 0x23, 0x65,
    0x42, 0xb0, 0x07, 0x23, 0x42, 0xb0, 0x01, 0x16, 0x01, 0x2d, 0x2c, 0xb0, 0x80, 0xb0, 0x02, 0x43,
    0x50, 0xb0, 0x01, 0xb0, 0x02, 0x43, 0x54, 0x5b, 0x58, 0x21, 0x23, 0x10, 0xb0, 0x20, 0x1a, 0xc9,
    0x1b, 0x8a, 0x10, 0xed, 0x59, 0x2d, 0x2c, 0xb0, 0x59, 0x2b, 0x2d, 0x2c, 0x8a, 0x10, 0xe5, 0x2d,
    0x41, 0x26, 0x01, 0x53, 0x00, 0x01, 0x01, 0x4d, 0x00, 0x55, 0x01, 0x52, 0x00, 0x01, 0x01, 0x4d,
    0x00, 0x55, 0x01, 0x56, 0x01, 0x54, 0x00, 0x14, 0x00, 0x1f, 0x01, 0x55, 0x01, 0x54, 0x00, 0x1f,
    0x00, 0x1f, 0x01, 0x4f, 0x00, 0x33, 0x01, 0x4e, 0x00, 0x55, 0x01, 0x4c, 0x00, 0x33, 0x01, 0x4d,
    0x00, 0x55, 0x01, 0x3d, 0x00, 0x3d, 0x01, 0x3c, 0x00, 0x55, 0x01, 0x3c, 0x00, 0x01, 0x01, 0x3a,
    0x00, 0x55, 0x01, 0x3b, 0x00, 0x3d, 0x01, 0x3a, 0x00, 0x55, 0x01, 0x35, 0x01, 0x34, 0xb2, 0x80,
    0x1f, 0x00, 0x41, 0x2e, 0x01, 0x34, 0x00, 0x10, 0x01, 0x34, 0x00, 0x02, 0x01, 0x34, 0x00, 0x02,
    0x01, 0x2e, 0x00, 0x55, 0x01, 0x33, 0x00, 0x48, 0x01, 0x32, 0x00, 0x55, 0x00, 0x80, 0x01, 0x32,
    0x00, 0x01, 0x01, 0x32, 0x00, 0x02, 0x01, 0x2e, 0x00, 0x55, 0x01, 0x31, 0x00, 0x3d, 0x01, 0x30,
    0x00, 0x55, 0x00, 0x0f, 0x01, 0x30, 0x00, 0x01, 0x01, 0x30, 0x00, 0x02, 0x01, 0x2e, 0x00, 0x55,
    0x01, 0x2f, 0x00, 0x3d, 0x01, 0x2e, 0x00, 0x55, 0x00, 0x20, 0x01, 0x2e, 0x00, 0x60, 0x01, 0x2e,
    0x00, 0x02, 0x00, 0x00, 0x01, 0x2e, 0x00, 0x20, 0x01, 0x2e, 0x00, 0x02, 0x00, 0x09, 0x01, 0x2e,
    0xb2, 0x01, 0x00, 0x55, 0xb8, 0x01, 0x2d, 0xb2, 0x3d, 0x00, 0x55, 0xb8, 0x01, 0x2c, 0xb3, 0x00,
    0xff, 0x1f, 0x70, 0x41, 0x11, 0x01, 0x44, 0x00, 0x01, 0x01, 0x44, 0x00, 0x01, 0x01, 0x3e, 0x00,
    0x55, 0x01, 0x43, 0x00, 0x3d, 0x01, 0x42, 0x00, 0x55, 0x01, 0x42, 0x00, 0x01, 0x01, 0x3e, 0x00,
    0x55, 0x01, 0x3f, 0x00, 0x3d, 0x01, 0x3e, 0x40, 0x67, 0x55, 0x00, 0xfd, 0x01, 0xf5, 0x50, 0x28,
    0x1f, 0xf2, 0x46, 0x28, 0x1f, 0xf1, 0x46, 0x2a, 0x1f, 0xf0, 0x46, 0x35, 0x1f, 0x8f, 0xee, 0x9f,
    0xee, 0xaf, 0xee, 0x03, 0x6f, 0xef, 0x8f, 0xef, 0x02, 0xbf, 0xef, 0x01, 0xa0, 0xef, 0x01, 0x1f,
    0xef, 0x5f, 0xef, 0x6f, 0xef, 0x03, 0x00, 0xec, 0x40, 0xec, 0x02, 0x0a, 0xeb, 0x46, 0xff, 0x1f,
    0xe7, 0xe4, 0x26, 0x1f, 0xe6, 0xe4, 0x3d, 0x1f, 0xe5, 0xe4, 0x1e, 0x1f, 0x0f, 0xe4, 0x01, 0x1d,
    0xe3, 0xe2, 0x46, 0x1f, 0x0f, 0xe2, 0x01, 0x40, 0xe2, 0x46, 0x16, 0x1f, 0xe1, 0xe0, 0x46, 0x1f,
    0xbf, 0xe0, 0xcf, 0xe0, 0xdf, 0xe0, 0x03, 0x40, 0xe0, 0x33, 0x36, 0x46, 0xe0, 0x46, 0x18, 0x1f,
    0xbc, 0x01, 0x14, 0x00, 0x3e, 0x01, 0x12, 0x00, 0x55, 0x01, 0x13, 0x40, 0x0c, 0x3d, 0x03, 0x55,
    0xdf, 0x3d, 0xdd, 0x55, 0xde, 0x3d, 0xdc, 0x55, 0x00, 0x41, 0x12, 0x01, 0x16, 0x00, 0x01, 0x01,
    0x16, 0x00, 0x01, 0x01, 0x15, 0x00, 0x55, 0x00, 0xaf, 0x01, 0x15, 0x00, 0x01, 0x00, 0x20, 0x01,
    0x15, 0x00, 0x50, 0x01, 0x15, 0x00, 0x02, 0x00, 0x0f, 0x01, 0x15, 0x00, 0x01, 0x01, 0x11, 0x40,
    0x53, 0x03, 0xff, 0x1f, 0xdd, 0x01, 0xdc, 0x55, 0x20, 0xdc, 0x50, 0xdc, 0x80, 0xdc, 0xb0, 0xdc,
    0x04, 0x0f, 0xdc, 0x01, 0xd0, 0x15, 0x33, 0x1f, 0x5f, 0xc3, 0x6f, 0xc3, 0x7f, 0xc3, 0x03, 0xbf,
    0xc2, 0x01, 0xc1, 0x50, 0x26, 0x1f, 0x70, 0xbe, 0x01, 0x20, 0xbe, 0x30, 0xbe, 0xc0, 0xbe, 0x03,
    0x70, 0xbe, 0x80, 0xbe, 0x02, 0x0f, 0xbc, 0x1f, 0xbc, 0x02, 0x2f, 0xbc, 0x3f, 0xbc, 0x6f, 0xbc,
    0xaf, 0xbc, 0xdf, 0xbc, 0x05, 0xb9, 0xad, 0x26, 0x1f, 0x20, 0xb8, 0x30, 0xb8, 0x50, 0xb8, 0x70,
    0xb8, 0x80, 0xb8, 0x05, 0xb8, 0xff, 0xc0, 0x40, 0x1c, 0xb8, 0x13, 0x29, 0x46, 0x10, 0xb7, 0x01,
    0x20, 0xb7, 0x50, 0xb7, 0x80, 0xb7, 0xb0, 0xb7, 0x04, 0x80, 0xb5, 0xb0, 0xb5, 0x02, 0x0f, 0xb3,
    0x3f, 0xb3, 0xef, 0xb3, 0x03, 0xb8, 0x01, 0x0d, 0x40, 0x2b, 0xaa, 0x48, 0x1f, 0x80, 0xb0, 0x90,
    0xb0, 0x02, 0xb0, 0xb0, 0xc0, 0xb0, 0xd0, 0xb0, 0x03, 0x2f, 0xaf, 0x3f, 0xaf, 0x02, 0xa0, 0xad,
    0xb0, 0xad, 0x02, 0xc0, 0xad, 0xd0, 0xad, 0x02, 0x2f, 0xac, 0x3f, 0xac, 0x02, 0x9f, 0xab, 0x01,
    0xc0, 0xaa, 0xd0, 0xaa, 0x02, 0x41, 0x0d, 0x01, 0x0f, 0x00, 0x32, 0x01, 0x0e, 0x00, 0x55, 0x00,
    0x00, 0x01, 0x0e, 0x00, 0x10, 0x01, 0x0e, 0x00, 0x20, 0x01, 0x0e, 0x00, 0x03, 0x00, 0x0f, 0x01,
    0x10, 0x40, 0x15, 0x01, 0x50, 0x9c, 0x60, 0x9c, 0x70, 0x9c, 0x03, 0x99, 0x96, 0x26, 0x1f, 0x98,
    0x46, 0x26, 0x1f, 0x30, 0x97, 0x40, 0x97, 0x02, 0xb8, 0xff, 0xc0, 0xb3, 0x96, 0x16, 0x1c, 0x46,
    0xb8, 0xff, 0xc0, 0x40, 0x09, 0x96, 0x0e, 0x11, 0x46, 0xa1, 0x94, 0x3c, 0x1f, 0xa0, 0x41, 0x09,
    0x01, 0x45, 0x00, 0x3c, 0x00, 0x1f, 0x01, 0x47, 0x01, 0x45, 0x00, 0x3c, 0x00, 0x1f, 0x01, 0x46,
    0x01, 0x45, 0x40, 0x28, 0x64, 0x1f, 0x95, 0x1b, 0xff, 0x1f, 0x0f, 0x94, 0xaf, 0x94, 0xbf, 0x94,
    0x03, 0x40, 0x94, 0x1d, 0x31, 0x46, 0x40, 0x94, 0x16, 0x1b, 0x46, 0x40, 0x94, 0x0c, 0x0f, 0x46,
    0x0f, 0x93, 0x2f, 0x93, 0x3f, 0x93, 0x7f, 0x93, 0xef, 0x93, 0x05, 0x0f, 0xba, 0x01, 0x0c, 0x00,
    0x6f, 0x01, 0x0c, 0x40, 0x20, 0x02, 0x92, 0x8d, 0x26, 0x1f, 0x91, 0x53, 0xff, 0x1f, 0xdf, 0x90,
    0x01, 0x30, 0x90, 0x01, 0x1f, 0x90, 0x2f, 0x90, 0x02, 0x6f, 0x90, 0x7f, 0x90, 0x02, 0x00, 0x8f,
    0x10, 0x8f, 0x20, 0x8f, 0x03, 0xb8, 0xff, 0xc0, 0x40, 0x20, 0x8f, 0x18, 0x1c, 0x46, 0x20, 0x8e,
    0x30, 0x8e, 0x02, 0x4f, 0x8d, 0x5f, 0x8d, 0x6f, 0x8d, 0x03, 0x30, 0x8c, 0x01, 0x0f, 0x8c, 0x1f,
    0x8c, 0x2f, 0x8c, 0x03, 0x40, 0x8c, 0x10, 0x13, 0x46, 0x10, 0xbf, 0x01, 0x0b, 0x00, 0x20, 0x01,
    0x0b, 0x00, 0x30, 0x01, 0x0b, 0x00, 0x03, 0xff, 0xc0, 0x01, 0x0b, 0xb2, 0x17, 0x20, 0x46, 0xb9,
    0xff, 0xc0, 0x01, 0x0b, 0x40, 0x50, 0x10, 0x14, 0x46, 0x8b, 0x82, 0x26, 0x1f, 0x89, 0x4a, 0x3c,
    0x1f, 0x88, 0x87, 0x3d, 0x1f, 0x87, 0x84, 0x3c, 0x1f, 0x86, 0x4a, 0xff, 0x1f, 0x9f, 0x85, 0x01,
    0x10, 0x84, 0x20, 0x84, 0x30, 0x84, 0x03, 0x30, 0x83, 0x01, 0x7f, 0x82, 0x01, 0x40, 0x82, 0x09,
    0x0c, 0x46, 0x73, 0x50, 0x26, 0x1f, 0x6f, 0x46, 0x35, 0x1f, 0x6e, 0x46, 0x35, 0x1f, 0x1a, 0x01,
    0x18, 0x55, 0x19, 0x33, 0x18, 0x55, 0x07, 0x33, 0x03, 0x55, 0x06, 0x03, 0xff, 0x1f, 0x60, 0x50,
    0x26, 0x1f, 0x5f, 0x50, 0x26, 0x1f, 0xb9, 0xff, 0xe0, 0x01, 0x07, 0xb2, 0x1f, 0x26, 0x46, 0xb9,
    0xff, 0xe0, 0x01, 0x07, 0x40, 0x1f, 0x13, 0x1c, 0x46, 0x5e, 0x5a, 0x48, 0x1f, 0x5c, 0x46, 0x31,
    0x1f, 0x5b, 0x5a, 0x48, 0x1f, 0x5a, 0x46, 0x31, 0x1f, 0x13, 0x32, 0x12, 0x55, 0x05, 0x01, 0x03,
    0x55, 0x04, 0x32, 0x03, 0x55, 0xb8, 0x01, 0x08, 0xb5, 0x1b, 0x3c, 0x1f, 0x0f, 0x03, 0x01, 0xb9,
    0x01, 0x19, 0x01, 0x18, 0xb2, 0x35, 0x1f, 0x40, 0xb8, 0x01, 0x18, 0xb2, 0x17, 0x28, 0x46, 0xb8,
    0x01, 0x0a, 0x40, 0x25, 0x50, 0x26, 0x1f, 0x52, 0x50, 0x1b, 0x1f, 0xef, 0x51, 0xff, 0x51, 0x02,
    0x40, 0x51, 0x35, 0x38, 0x46, 0x40, 0x51, 0x25, 0x28, 0x46, 0xcf, 0x50, 0x01, 0xdf, 0x4c, 0x01,
    0x4c, 0x46, 0x1d, 0x1f, 0x4b, 0x46, 0x48, 0x1f, 0x50, 0xb8, 0x01, 0x1b, 0x40, 0x62, 0x01, 0x4a,
    0x46, 0x26, 0x1f, 0x49, 0x46, 0x35, 0x1f, 0x48, 0x46, 0x35, 0x1f, 0x47, 0x46, 0x35, 0x1f, 0xaf,
    0x46, 0x01, 0xdf, 0x46, 0xef, 0x46, 0x02, 0x80, 0x46, 0x01, 0x17, 0x01, 0x15, 0x55, 0x16, 0x32,
    0x15, 0x55, 0x11, 0x01, 0x0f, 0x55, 0x10, 0x32, 0x0f, 0x55, 0x02, 0x01, 0x00, 0x55, 0x01, 0x00,
    0xff, 0x1f, 0x1c, 0x1b, 0x64, 0x1f, 0x1f, 0x0f, 0x3f, 0x0f, 0x5f, 0x0f, 0x7f, 0x0f, 0x04, 0x0f,
    0x0f, 0x2f, 0x0f, 0x4f, 0x0f, 0x6f, 0x0f, 0x8f, 0x0f, 0xdf, 0x0f, 0xff, 0x0f, 0x07, 0x3f, 0x0f,
    0x7f, 0x0f, 0xef, 0x0f, 0x03, 0x6f, 0x00, 0x01, 0x4f, 0x00, 0x01, 0xa0, 0x16, 0x01, 0x05, 0x01,
    0xb8, 0x01, 0x90, 0xb1, 0x54, 0x53, 0x2b, 0x2b, 0x4b, 0xb8, 0x07, 0xff, 0x52, 0x4b, 0xb0, 0x09,
    0x50, 0x5b, 0xb0, 0x01, 0x88, 0xb0, 0x25, 0x53, 0xb0, 0x01, 0x88, 0xb0, 0x40, 0x51, 0x5a, 0xb0,
    0x06, 0x88, 0xb0, 0x00, 0x55, 0x5a, 0x5b, 0x58, 0xb1, 0x01, 0x01, 0x8e, 0x59, 0x85, 0x8d, 0x8d,
    0x00, 0x42, 0x1d, 0x4b, 0xb0, 0x32, 0x53, 0x58, 0xb0, 0x60, 0x1d, 0x59, 0x4b, 0xb0, 0x64, 0x53,
    0x58, 0xb0, 0x40, 0x1d, 0x59, 0x4b, 0xb0, 0x80, 0x53, 0x58, 0xb0, 0x10, 0x1d, 0xb1, 0x16, 0x00,
    0x42, 0x59, 0x73, 0x74, 0x73, 0x74, 0x75, 0x2b, 0x2b, 0x2b, 0x2b, 0x2b, 0x2b, 0x2b, 0x01, 0x73,
    0x74, 0x75, 0x2b, 0x2b, 0x2b, 0x2b, 0x73, 0x00, 0x2b, 0x2b, 0x74, 0x74, 0x2b, 0x2b, 0x73, 0x2b,
    0x2b, 0x2b, 0x2b, 0x73, 0x2b, 0x2b, 0x2b, 0x2b, 0x01, 0x2b, 0x2b, 0x2b, 0x00, 0x2b, 0x2b, 0x2b,
    0x2b, 0x2b, 0x2b, 0x2b, 0x2b, 0x2b, 0x01, 0x2b, 0x2b, 0x00, 0x2b, 0x01, 0x2b, 0x73, 0x74, 0x74,
    0x73, 0x2b, 0x2b, 0x2b, 0x2b, 0x2b, 0x2b, 0x2b, 0x73, 0x00, 0x2b, 0x73, 0x74, 0x74, 0x74, 0x2b,
    0x75, 0x73, 0x74, 0x74, 0x74, 0x2b, 0x2b, 0x73, 0x73, 0x2b, 0x2b, 0x2b, 0x73, 0x2b, 0x2b, 0x2b,
    0x2b, 0x2b, 0x01, 0x2b, 0x2b, 0x73, 0x2b, 0x2b, 0x00, 0x73, 0x74, 0x73, 0x2b, 0x01, 0x73, 0x73,
    0x74, 0x00, 0x73, 0x74, 0x74, 0x73, 0x74, 0x2b, 0x73, 0x01, 0x73, 0x00, 0x73, 0x74, 0x2b, 0x73,
    0x2b, 0x73, 0x74, 0x01, 0x73, 0x74, 0x75, 0x00, 0x2b, 0x73, 0x01, 0x74, 0x00, 0x2b, 0x73, 0x73,
    0x2b, 0x2b, 0x73, 0x73, 0x73, 0x2b, 0x73, 0x2b, 0x2b, 0x2b, 0x2b, 0x01, 0x2b, 0x2b, 0x74, 0x2b,
    0x2b, 0x5e, 0x73, 0x2b, 0x00, 0x5e, 0x73, 0x2b, 0x2b, 0x2b, 0x01, 0x2b, 0x5e, 0x73, 0x00, 0x73,
    0x73, 0x73, 0x74, 0x73, 0x01, 0x2b, 0x2b, 0x2b, 0x00, 0x2b, 0x73, 0x2b, 0x2b, 0x2b, 0x2b, 0x73,
    0x2b, 0x2b, 0x2b, 0x5e, 0x73, 0x74, 0x2b, 0x2b, 0x73, 0x2b, 0x2b, 0x73, 0x2b, 0x2b, 0x73, 0x2b,
    0x2b, 0x2b, 0x2b, 0x2b, 0x2b, 0x2b, 0x2b, 0x2b, 0x2b, 0x18, 0x00, 0x00, 0x05, 0xcc, 0x05, 0xcc,
    0x00, 0x7d, 0x05, 0x45, 0x00, 0x15, 0x00, 0x60, 0x05, 0x45, 0x00, 0x15, 0x00, 0x00, 0x00, 0x00,
    0x00, 0x00, 0x00, 0x00, 0x00, 0x00, 0x00, 0x00, 0x00, 0x00, 0x04, 0x3a, 0x00, 0x14, 0x00, 0x77,
    0x00, 0x00, 0xff, 0xec, 0x00, 0x00, 0x00, 0x00, 0xff, 0xec, 0xff, 0x5f, 0x00, 0x00, 0xff, 0xec,
    0x00, 0x00, 0xfe, 0x57, 0xfe, 0x57, 0x00, 0x00, 0x00, 0x00, 0x00, 0x00, 0x00, 0x00, 0x00, 0x00,
    0x00, 0x00, 0x00, 0x00, 0x00, 0x00, 0x00, 0x00, 0x00, 0x00, 0x00, 0x00, 0x00, 0x00, 0x00, 0x00,
    0x00, 0x00, 0x00, 0x00, 0x00, 0x00, 0x00, 0x00, 0x00, 0x00, 0x00, 0x00, 0x00, 0x00, 0x00, 0x00,
    0x00, 0x00, 0x00, 0x00, 0x00, 0x00, 0x00, 0x00, 0x00, 0x00, 0x00, 0x00, 0x00, 0x00, 0x00, 0x00,
    0x00, 0x00, 0x00, 0x00, 0x00, 0x00, 0x00, 0x00, 0x00, 0x00, 0x00, 0x00, 0x00, 0x00, 0x00, 0x00,
    0x00, 0x00, 0x08, 0x00, 0x00, 0x00, 0x00, 0x00, 0x00, 0xb4, 0x00, 0xbd, 0x00, 0xaa, 0x00, 0xa0,
    0x00, 0xc8, 0x00, 0xb4, 0x00, 0x85, 0x00, 0x00, 0x00, 0x00, 0x00, 0x00, 0x00, 0x88, 0x00, 0x7e,
    0x00, 0xa5, 0x00, 0xc0, 0x00, 0x00, 0x00, 0x00, 0x00, 0x00, 0x00, 0x00, 0x00, 0x00, 0x00, 0x00,
    0x00, 0xbf, 0x00, 0xc9, 0x00, 0xab, 0x00, 0x8c, 0x00, 0xbc, 0x00, 0x9b, 0x00, 0x8d, 0x00, 0x34,
    0x00, 0x00, 0x00, 0x00, 0x00, 0x00, 0x00, 0x00, 0x00, 0x00, 0x00, 0x00, 0x00, 0x00, 0x00, 0x00,
    0x00, 0x00, 0x00, 0x00, 0x00, 0x00, 0x00, 0x00, 0x00, 0xb9, 0x00, 0xb4, 0x00, 0x7c, 0x00, 0x00,
    0x00, 0x00, 0x00, 0x94, 0x00, 0x5f, 0x00, 0x00, 0x00, 0x00, 0x00, 0x00, 0x00, 0x00, 0x00, 0x00,
    0x00, 0x00, 0x00, 0x00, 0x00, 0x00, 0x00, 0x00, 0x00, 0x00, 0x00, 0x00, 0x00, 0x00, 0x00, 0x00,
    0x01, 0xa8, 0x00, 0x6f, 0x00, 0x78, 0x00, 0xa4, 0x00, 0xc8, 0x00, 0x83, 0x00, 0x8d, 0x00, 0xbb,
    0x00, 0x5e, 0x01, 0x8a, 0x01, 0x03, 0x00, 0x60, 0x00, 0x74, 0x00, 0x81, 0x00, 0xb8, 0x00, 0xc0,
    0x00, 0x50, 0x04, 0xb1, 0x04, 0xc3, 0xfe, 0x4c, 0x00, 0xeb, 0x01, 0xb2, 0x00, 0xc3, 0x01, 0x09,
    0x00, 0x7b, 0x01, 0x2b, 0x02, 0x96, 0x00, 0xc9, 0x00, 0x96, 0x00, 0xdb, 0x05, 0xd8, 0x04, 0xd5,
    0x00, 0x00, 0x00, 0x00, 0x00, 0x00, 0x00, 0x00, 0x00, 0x00, 0x00, 0x00, 0x00, 0x00, 0x00, 0x00,
    0x00, 0x92, 0x00, 0xa8, 0x00, 0x6b, 0x00, 0x92, 0x00, 0xb7, 0x00, 0x6b, 0x00, 0x9b, 0x00, 0x00,
    0x00, 0x00, 0x02, 0xf2, 0x00, 0x92, 0x02, 0x3e, 0x00, 0x6e, 0x02, 0xa5, 0x03, 0x45, 0x00, 0x89,
    0x00, 0xa0, 0x00, 0x60, 0x02, 0x4c, 0x00, 0x00, 0x00, 0xc3, 0x00, 0x00, 0x01, 0x4e, 0x00, 0xa4,
    0x01, 0x5b, 0x00, 0x5e, 0x00, 0x80, 0x00, 0x69, 0x00, 0x6f, 0x00, 0x00, 0x00, 0x5e, 0x00, 0x68,
    0x00, 0x00, 0x00, 0x00, 0x00, 0x00, 0x00, 0x00, 0x00, 0x00, 0x00, 0x00, 0x00, 0x26, 0x03, 0x4a,
    0x00, 0x87, 0x00, 0x7b, 0x00, 0x00, 0x00, 0x75, 0x00, 0x68, 0x00, 0x00, 0x00, 0x00, 0x00, 0x00,
    0x00, 0x00, 0x00, 0x00, 0x05, 0x82, 0xfc, 0xb1, 0x00, 0x0b, 0xff, 0xf4, 0x00, 0x83, 0x00, 0x89,
    0x00, 0x8f, 0x00, 0x96, 0x00, 0x69, 0x00, 0x71, 0x00, 0x5b, 0x00, 0x52, 0x00, 0x00, 0x00, 0x00,
    0x00, 0x00, 0x00, 0xb2, 0x02, 0x03, 0x00, 0x00, 0x00, 0x8d, 0x03, 0x1f, 0x00, 0xbb, 0x00, 0xae,
    0x00, 0xb5, 0x00, 0x00, 0x00, 0x00, 0x00, 0x8b, 0x00, 0x00, 0x00, 0x00, 0x00, 0x00, 0x00, 0x00,
    0x06, 0xa9, 0x03, 0x70, 0x02, 0xbc, 0x02, 0x08, 0xfd, 0x99, 0x00, 0x91, 0x00, 0x91, 0x00, 0x4d,
    0x00, 0x4d, 0x00, 0x64, 0x00, 0x64, 0x01, 0x81, 0x00, 0x9f, 0x00, 0xa8, 0xfe, 0x68, 0xfe, 0x9c,
    0x00, 0x9b, 0x01, 0x45, 0x01, 0x45, 0x00, 0x90, 0xfe, 0xf6, 0xff, 0xe9, 0x00, 0x7a, 0x05, 0x45,
    0x02, 0x4d, 0x00, 0x0c, 0xff, 0xee, 0x05, 0x98, 0xfc, 0xf3, 0x00, 0x6e, 0x00, 0x4c, 0x00, 0x62,
    0x00, 0x46, 0x00, 0xe8, 0x00, 0x00, 0x00, 0x00, 0x00, 0x00, 0x00, 0x00, 0x00, 0x00, 0x00, 0x00,
    0x00, 0x00, 0x00, 0x00, 0x00, 0x00, 0x00, 0x00, 0x00, 0x00, 0x00, 0x00, 0x00, 0x00, 0x00, 0x00,
    0x00, 0x00, 0x00, 0x00, 0x05, 0xcc, 0x00, 0x0f, 0xfc, 0x1e, 0xff, 0xf2, 0x02, 0xfb, 0x00, 0x0e,
    0x04, 0x16, 0x00, 0x0a, 0xfe, 0xd3, 0x00, 0xbf, 0x00, 0x00, 0x00, 0x00, 0x00, 0x00, 0x00, 0x00,
    0x03, 0x5b, 0x00, 0x10, 0xfd, 0x22, 0xff, 0xec, 0xff, 0x78, 0xff, 0xf0, 0xfe, 0x60, 0xfe, 0x53,
    0x02, 0xfb, 0x00, 0x0f, 0x04, 0x16, 0x05, 0xa5, 0x05, 0xb2, 0x05, 0xc3, 0x00, 0x79, 0x00, 0x5f,
    0x06, 0x81, 0x04, 0x68, 0x00, 0x14, 0x04, 0xcb, 0x00, 0x00, 0xff, 0xec, 0xff, 0xd3, 0xfe, 0x7f,
    0x00, 0x83, 0x00, 0xdb, 0x00, 0xaa, 0x00, 0xba, 0x00, 0xa0, 0x00, 0x00, 0x00, 0x00, 0x00, 0x07,
    0x00, 0x5a, 0x00, 0x03, 0x00, 0x01, 0x04, 0x09, 0x00, 0x00, 0x00, 0xac, 0x00, 0x00, 0x00, 0x03,
    0x00, 0x01, 0x04, 0x09, 0x00, 0x01, 0x00, 0x1e, 0x00, 0xac, 0x00, 0x03, 0x00, 0x01, 0x04, 0x09,
    0x00, 0x02, 0x00, 0x0e, 0x00, 0xca, 0x00, 0x03, 0x00, 0x01, 0x04, 0x09, 0x00, 0x03, 0x00, 0x34,
    0x00, 0xd8, 0x00, 0x03, 0x00, 0x01, 0x04, 0x09, 0x00, 0x04, 0x00, 0x1e, 0x00, 0xac, 0x00, 0x03,
    0x00, 0x01, 0x04, 0x09, 0x00, 0x05, 0x00, 0x1a, 0x01, 0x0c, 0x00, 0x03, 0x00, 0x01, 0x04, 0x09,
    0x00, 0x06, 0x00, 0x1c, 0x01, 0x26, 0x00, 0x44, 0x00, 0x69, 0x00, 0x67, 0x00, 0x69, 0x00, 0x74,
    0x00, 0x69, 0x00, 0x7a, 0x00, 0x65, 0x00, 0x64, 0x00, 0x20, 0x00, 0x64, 0x00, 0x61, 0x00, 0x74,
    0x00, 0x61, 0x00, 0x20, 0x00, 0x63, 0x00, 0x6f, 0x00, 0x70, 0x00, 0x79, 0x00, 0x72, 0x00, 0x69,
    0x00, 0x67, 0x00, 0x68, 0x00, 0x74, 0x00, 0x20, 0x00, 0x28, 0x00, 0x63, 0x00, 0x29, 0x00, 0x20,
    0x00, 0x32, 0x00, 0x30, 0x00, 0x31, 0x00, 0x30, 0x00, 0x20, 0x00, 0x47, 0x00, 0x6f, 0x00, 0x6f,
    0x00, 0x67, 0x00, 0x6c, 0x00, 0x65, 0x00, 0x20, 0x00, 0x43, 0x00, 0x6f, 0x00, 0x72, 0x00, 0x70,
    0x00, 0x6f, 0x00, 0x72, 0x00, 0x61, 0x00, 0x74, 0x00, 0x69, 0x00, 0x6f, 0x00, 0x6e, 0x00, 0x2e,
    0x00, 0x0a, 0x00, 0x43, 0x00, 0x6f, 0x00, 0x70, 0x00, 0x79, 0x00, 0x72, 0x00, 0x69, 0x00, 0x67,
    0x00, 0x68, 0x00, 0x74, 0x00, 0x20, 0x00, 0x28, 0x00, 0x63, 0x00, 0x29, 0x00, 0x20, 0x00, 0x32,
    0x00, 0x30, 0x00, 0x31, 0x00, 0x32, 0x00, 0x20, 0x00, 0x52, 0x00, 0x65, 0x00, 0x64, 0x00, 0x20,
    0x00, 0x48, 0x00, 0x61, 0x00, 0x74, 0x00, 0x2c, 0x00, 0x20, 0x00, 0x49, 0x00, 0x6e, 0x00, 0x63,
    0x00, 0x2e, 0x00, 0x4c, 0x00, 0x69, 0x00, 0x62, 0x00, 0x65, 0x00, 0x72, 0x00, 0x61, 0x00, 0x74,
    0x00, 0x69, 0x00, 0x6f, 0x00, 0x6e, 0x00, 0x20, 0x00, 0x4d, 0x00, 0x6f, 0x00, 0x6e, 0x00, 0x6f,
    0x00, 0x52, 0x00, 0x65, 0x00, 0x67, 0x00, 0x75, 0x00, 0x6c, 0x00, 0x61, 0x00, 0x72, 0x00, 0x41,
    0x00, 0x73, 0x00, 0x63, 0x00, 0x65, 0x00, 0x6e, 0x00, 0x64, 0x00, 0x65, 0x00, 0x72, 0x00, 0x20,
    0x00, 0x2d, 0x00, 0x20, 0x00, 0x4c, 0x00, 0x69, 0x00, 0x62, 0x00, 0x65, 0x00, 0x72, 0x00, 0x61,
    0x00, 0x74, 0x00, 0x69, 0x00, 0x6f, 0x00, 0x6e, 0x00, 0x20, 0x00, 0x4d, 0x00, 0x6f, 0x00, 0x6e,
    0x00, 0x6f, 0x00, 0x56, 0x00, 0x65, 0x00, 0x72, 0x00, 0x73, 0x00, 0x69, 0x00, 0x6f, 0x00, 0x6e,
    0x00, 0x20, 0x00, 0x32, 0x00, 0x2e, 0x00, 0x31, 0x00, 0x2e, 0x00, 0x35, 0x00, 0x4c, 0x00, 0x69,
    0x00, 0x62, 0x00, 0x65, 0x00, 0x72, 0x00, 0x61, 0x00, 0x74, 0x00, 0x69, 0x00, 0x6f, 0x00, 0x6e,
    0x00, 0x4d, 0x00, 0x6f, 0x00, 0x6e, 0x00, 0x6f, 0x00, 0x03, 0x00, 0x00, 0x00, 0x00, 0x00, 0x00,
    0xfe, 0x77, 0x00, 0x54, 0x00, 0x00, 0x00, 0x01, 0x00, 0x00, 0x00, 0x00, 0x00, 0x00, 0x00, 0x00,
    0x00, 0x00, 0x00, 0x00, 0x00, 0x00, 0x00, 0x00, 0x00, 0x00, 0x00, 0x03, 0x00, 0x08, 0x00, 0x02,
    0x00, 0x11, 0x00, 0x01, 0xff, 0xff, 0x00, 0x03, 0x00, 0x01, 0x00, 0x00, 0x00, 0x0c, 0x00, 0x00,
    0x00, 0x00, 0x00, 0x00, 0x00, 0x02, 0x00, 0x01, 0x00, 0x00, 0x00, 0xbf, 0x00, 0x01, 0x00, 0x00,
    0x00, 0x01, 0x00, 0x00, 0x00, 0x0a, 0x00, 0x1c, 0x00, 0x1e, 0x00, 0x01, 0x44, 0x46, 0x4c, 0x54,
    0x00, 0x08, 0x00, 0x04, 0x00, 0x00, 0x00, 0x00, 0xff, 0xff, 0x00, 0x00, 0x00, 0x00, 0x00, 0x00,
    0x00, 0x01, 0x00, 0x00, 0x00, 0x0a, 0x00, 0x44, 0x00, 0x46, 0x00, 0x07, 0x44, 0x46, 0x4c, 0x54,
    0x00, 0x2c, 0x62, 0x6f, 0x70, 0x6f, 0x00, 0x36, 0x63, 0x6f, 0x70, 0x74, 0x00, 0x36, 0x63, 0x79,
    0x72, 0x6c, 0x00, 0x36, 0x67, 0x72, 0x65, 0x6b, 0x00, 0x36, 0x68, 0x65, 0x62, 0x72, 0x00, 0x36,
    0x6c, 0x61, 0x74, 0x6e, 0x00, 0x36, 0x00, 0x04, 0x00, 0x00, 0x00, 0x00, 0xff, 0xff, 0x00, 0x00,
    0x00, 0x00, 0x00, 0x00, 0x00, 0x00, 0x00, 0x00,
}};
